claim_id,assessor_name,claim_type,notification_channel,complexity_score,prior_claims,days_to_report,settled_amount,days_to_settle,leakage_flag
CL000000,A21,health,online,4,4,10.4,1779.4,26.4,0
CL000001,A15,motor,phone,4,0,11.6,7314.04,27.4,0
CL000002,A18,property,broker,5,2,1.4,1120.24,54.6,1
CL000003,A3,motor,phone,5,0,4.2,1971.45,27.3,0
CL000004,A7,health,phone,1,2,31.0,2265.06,27.1,0
CL000005,A24,motor,phone,5,1,14.0,6740.12,32.8,0
CL000006,A27,health,broker,5,1,13.1,1739.83,50.0,1
CL000007,A15,health,broker,5,1,16.1,12047.64,34.4,0
CL000008,A12,property,broker,5,3,3.7,2112.27,48.1,1
CL000009,A10,motor,phone,4,0,6.3,43194.5,30.8,0
CL000010,A24,motor,phone,4,0,11.8,837.43,27.1,0
CL000011,A4,motor,phone,4,2,16.9,5925.94,49.6,1
CL000012,A26,property,online,3,3,17.9,1357.27,45.6,1
CL000013,A5,property,online,3,3,12.5,2435.36,41.7,1
CL000014,A27,motor,online,4,1,4.7,7090.54,26.6,0
CL000015,A8,property,broker,2,1,18.6,5429.43,41.8,1
CL000016,A8,motor,online,3,0,12.9,3432.13,41.3,1
CL000017,A5,motor,phone,5,0,13.5,36473.89,32.0,0
CL000018,A29,travel,broker,4,0,14.1,1866.08,30.9,0
CL000019,A10,health,phone,3,0,9.6,3345.62,20.2,0
CL000020,A11,property,broker,3,3,7.5,11324.3,23.0,0
CL000021,A28,health,broker,3,1,0.7,9866.3,22.7,0
CL000022,A13,motor,broker,2,0,9.9,761.36,22.3,0
CL000023,A12,motor,online,5,0,6.8,15417.54,33.8,0
CL000024,A7,travel,broker,5,1,10.0,1444.13,56.4,1
CL000025,A10,travel,online,1,0,12.8,2231.66,15.6,0
CL000026,A18,property,phone,3,0,19.1,4078.39,25.0,0
CL000027,A6,travel,online,4,0,5.2,2182.64,29.6,0
CL000028,A7,health,broker,5,1,10.1,3690.27,31.4,0
CL000029,A11,property,broker,5,1,11.0,3755.34,30.3,0
CL000030,A24,health,online,4,0,3.2,10008.67,31.7,0
CL000031,A21,property,phone,1,0,19.5,1223.91,17.9,0
CL000032,A4,health,phone,3,0,0.7,493.42,19.3,0
CL000033,A28,motor,phone,2,1,18.6,4445.83,25.1,0
CL000034,A14,health,phone,3,2,7.1,3222.48,25.9,0
CL000035,A7,motor,online,1,1,11.2,1226.52,17.2,0
CL000036,A25,property,phone,5,1,13.3,4324.64,32.0,0
CL000037,A10,health,online,4,0,5.5,1729.83,27.6,0
CL000038,A2,health,broker,4,0,13.1,1566.02,25.6,0
CL000039,A27,motor,online,1,1,7.7,3905.99,24.0,0
CL000040,A22,motor,online,5,2,20.3,8219.68,52.8,1
CL000041,A4,travel,online,4,1,2.8,11497.77,49.8,1
CL000042,A8,motor,phone,5,0,4.4,3696.84,37.5,0
CL000043,A1,property,phone,2,1,3.9,3039.93,26.7,0
CL000044,A29,motor,online,3,1,5.3,2841.92,25.8,0
CL000045,A20,motor,online,2,1,15.4,1011.87,26.0,0
CL000046,A20,health,phone,4,0,28.4,967.86,29.0,0
CL000047,A13,property,online,2,0,1.5,1335.78,15.9,0
CL000048,A9,motor,online,5,1,11.1,443.15,31.0,0
CL000049,A4,motor,online,3,1,12.1,15084.6,24.7,0
CL000050,A16,motor,online,4,1,1.9,604.91,23.1,0
CL000051,A7,motor,broker,4,1,18.1,2673.12,48.5,1
CL000052,A18,motor,online,5,1,26.4,1294.5,35.4,0
CL000053,A11,property,phone,1,1,9.3,571.44,16.2,0
CL000054,A18,motor,broker,1,0,2.7,1863.49,14.7,0
CL000055,A4,property,phone,1,1,23.0,1283.23,22.5,0
CL000056,A19,motor,broker,3,0,1.7,2895.18,38.8,0
CL000057,A11,health,phone,4,1,4.4,2962.31,35.9,0
CL000058,A12,property,online,4,0,3.4,1382.23,22.4,0
CL000059,A23,property,online,2,0,2.4,322.72,15.6,0
CL000060,A28,property,phone,5,1,3.9,940.45,31.2,0
CL000061,A8,motor,online,1,0,3.8,5602.54,20.8,0
CL000062,A2,property,phone,3,1,7.5,7394.13,21.8,0
CL000063,A5,property,online,5,1,6.3,2137.65,36.2,0
CL000064,A8,motor,phone,1,1,5.5,654.39,20.7,0
CL000065,A25,property,broker,5,1,9.6,3899.75,29.6,0
CL000066,A2,health,phone,1,1,8.9,600.95,13.2,0
CL000067,A4,motor,phone,4,1,21.6,3087.24,29.5,0
CL000068,A8,motor,phone,3,0,14.9,44501.5,25.8,0
CL000069,A10,health,online,1,0,21.7,933.28,22.5,0
CL000070,A9,property,broker,1,0,1.7,2412.76,22.9,0
CL000071,A14,travel,phone,4,1,2.7,2774.57,46.4,1
CL000072,A7,property,online,3,2,20.0,847.58,49.4,1
CL000073,A5,travel,phone,2,0,9.1,3272.23,24.1,0
CL000074,A15,health,online,3,0,15.0,2006.24,22.6,0
CL000075,A21,motor,online,5,0,15.9,1306.65,32.3,0
CL000076,A10,property,online,2,1,3.4,1088.33,25.0,0
CL000077,A9,health,broker,1,1,3.3,2463.82,30.2,1
CL000078,A8,property,broker,5,2,1.9,1300.26,30.4,0
CL000079,A26,health,online,5,1,6.3,5678.57,58.4,1
CL000080,A3,motor,phone,4,1,1.7,1820.62,44.1,1
CL000081,A10,motor,online,1,0,0.6,702.86,14.1,0
CL000082,A4,motor,online,2,1,19.0,6743.89,40.6,1
CL000083,A28,travel,phone,3,0,4.5,443.6,27.0,0
CL000084,A17,motor,phone,4,2,1.0,1142.92,30.2,0
CL000085,A25,property,online,2,1,6.1,4292.92,23.4,0
CL000086,A14,property,online,1,0,0.7,1179.48,18.3,0
CL000087,A1,motor,online,4,1,12.1,517.26,28.7,0
CL000088,A13,health,phone,1,0,10.2,2141.94,14.0,0
CL000089,A7,motor,online,1,2,8.1,6249.28,17.6,0
CL000090,A8,motor,online,1,3,11.6,6217.66,17.0,0
CL000091,A22,motor,broker,4,0,7.7,1142.28,48.1,1
CL000092,A19,motor,online,2,1,3.0,269.87,19.0,0
CL000093,A9,motor,broker,5,0,1.0,13370.85,49.1,1
CL000094,A19,health,online,3,1,13.7,2379.36,37.4,0
CL000095,A28,motor,online,1,1,2.3,2803.51,31.7,1
CL000096,A17,property,online,4,1,9.2,270.23,31.3,0
CL000097,A7,motor,online,2,2,21.6,1339.68,20.9,0
CL000098,A23,property,online,3,1,9.9,670.13,22.1,0
CL000099,A7,health,online,3,1,4.1,3719.94,49.3,1
CL000100,A7,motor,broker,3,1,9.6,2633.1,45.5,1
CL000101,A9,health,online,4,1,3.4,1591.43,27.0,0
CL000102,A8,property,online,1,2,14.9,1752.14,20.8,0
CL000103,A27,health,phone,4,0,2.4,1057.22,29.9,0
CL000104,A22,health,online,1,0,0.5,818.56,17.8,0
CL000105,A12,property,phone,3,1,21.0,3548.31,24.1,0
CL000106,A21,motor,online,1,1,7.6,1106.78,20.1,0
CL000107,A20,motor,online,1,3,13.1,1014.03,20.8,0
CL000108,A26,motor,online,5,2,15.2,2103.42,32.2,0
CL000109,A14,travel,online,4,0,0.2,1145.12,29.7,0
CL000110,A1,motor,phone,1,0,8.0,6514.15,17.7,0
CL000111,A5,motor,online,5,1,9.7,6369.87,36.6,0
CL000112,A5,property,online,5,2,3.5,11420.42,47.9,1
CL000113,A24,motor,online,4,0,0.4,777.26,22.8,0
CL000114,A16,property,online,3,1,3.3,628.93,48.0,1
CL000115,A23,motor,phone,5,1,8.8,223.09,29.1,0
CL000116,A8,health,online,4,1,1.1,12718.79,25.6,0
CL000117,A7,health,phone,4,0,5.8,4913.41,26.2,0
CL000118,A25,travel,online,1,0,10.0,5405.64,15.0,0
CL000119,A26,property,online,5,0,14.9,2648.87,53.2,1
CL000120,A8,travel,phone,5,0,7.0,7017.1,50.0,0
CL000121,A15,motor,phone,3,2,1.4,701.55,24.2,0
CL000122,A6,travel,online,2,0,29.0,1232.33,24.1,0
CL000123,A17,health,phone,1,1,4.1,2892.23,20.6,0
CL000124,A19,health,phone,1,1,5.5,391.63,31.8,1
CL000125,A14,motor,phone,2,1,4.3,896.48,22.9,0
CL000126,A8,property,online,2,2,3.0,7356.94,23.4,0
CL000127,A16,travel,broker,5,0,19.3,9917.07,54.8,1
CL000128,A23,motor,online,5,1,9.5,11460.71,33.2,0
CL000129,A13,health,phone,5,2,29.2,1415.46,36.3,0
CL000130,A16,health,online,5,0,1.3,3017.2,33.8,0
CL000131,A6,health,phone,2,1,7.7,1100.74,40.1,1
CL000132,A27,motor,broker,5,0,5.9,4505.19,49.6,1
CL000133,A12,travel,online,4,0,0.5,554.37,44.6,1
CL000134,A22,motor,phone,2,0,4.5,1728.79,17.1,0
CL000135,A17,motor,phone,5,0,6.4,1454.11,50.9,1
CL000136,A18,health,broker,1,1,8.4,1796.78,19.8,0
CL000137,A11,health,online,3,2,3.1,32148.13,40.9,1
CL000138,A20,motor,broker,2,0,2.0,3036.95,22.5,0
CL000139,A2,property,phone,4,2,27.7,473.85,52.4,1
CL000140,A19,travel,broker,5,1,26.3,2720.13,35.6,0
CL000141,A6,motor,online,5,1,37.4,2721.9,35.8,0
CL000142,A16,health,online,2,2,19.4,3620.9,21.5,0
CL000143,A15,motor,phone,2,2,0.3,1580.67,25.7,0
CL000144,A23,property,phone,1,1,14.5,458.05,32.4,0
CL000145,A2,health,phone,1,0,8.7,569.32,16.9,0
CL000146,A23,motor,online,3,0,16.4,3833.15,33.5,0
CL000147,A19,health,phone,2,1,28.7,213297.75,48.0,1
CL000148,A8,property,phone,5,1,1.4,2101.91,30.6,0
CL000149,A15,health,online,4,1,8.1,3649.17,33.1,0
CL000150,A15,travel,online,1,0,16.5,718.52,13.6,0
CL000151,A18,property,phone,5,1,4.4,520.12,28.6,0
CL000152,A29,motor,online,3,0,4.7,10143.03,23.4,0
CL000153,A14,travel,online,4,2,18.6,2481.02,29.0,0
CL000154,A20,property,online,5,0,7.7,2950.51,33.7,0
CL000155,A2,travel,online,3,2,11.5,243.89,36.3,0
CL000156,A20,health,online,4,3,11.4,2830.42,47.2,1
CL000157,A26,health,phone,5,1,19.2,514.77,54.3,1
CL000158,A16,property,online,4,0,7.0,731.69,48.4,1
CL000159,A13,property,online,5,1,7.8,252313.5,31.7,0
CL000160,A17,motor,broker,2,0,1.8,2645.08,37.4,1
CL000161,A28,property,broker,2,0,10.1,1451.33,20.5,0
CL000162,A7,motor,broker,2,0,2.8,2821.54,14.8,0
CL000163,A20,property,phone,5,0,10.4,7122.52,30.5,0
CL000164,A15,motor,broker,4,1,4.9,4751.65,25.1,0
CL000165,A19,motor,broker,4,2,7.6,2862.14,38.0,0
CL000166,A0,property,online,4,1,2.7,4122.72,32.1,0
CL000167,A11,health,online,2,0,28.6,953.66,27.3,0
CL000168,A22,motor,online,3,0,1.7,8478.63,20.2,0
CL000169,A7,health,phone,3,1,5.2,2142.01,22.0,0
CL000170,A27,motor,broker,5,1,3.9,13522.08,31.4,0
CL000171,A26,property,phone,1,1,16.4,988.09,15.9,0
CL000172,A21,property,phone,3,1,6.5,14746.85,29.5,0
CL000173,A11,health,phone,4,0,1.5,3160.98,25.5,0
CL000174,A28,health,online,1,2,0.9,1428.41,14.5,0
CL000175,A13,health,broker,2,1,10.8,7388.39,23.0,0
CL000176,A22,health,online,4,0,42.7,509.49,37.9,0
CL000177,A27,health,broker,2,3,1.2,1105.66,18.6,0
CL000178,A1,motor,phone,1,0,5.6,1402.33,15.3,0
CL000179,A24,property,online,5,1,10.3,2555.88,29.1,0
CL000180,A7,travel,online,3,0,5.2,1484.72,20.1,0
CL000181,A3,motor,phone,2,0,7.5,1181.29,18.4,0
CL000182,A20,motor,phone,4,1,5.8,4404.84,35.7,0
CL000183,A28,motor,phone,1,2,21.2,740.96,21.1,0
CL000184,A25,property,online,3,0,18.7,3208.72,49.5,1
CL000185,A4,motor,online,5,0,12.9,2934.03,39.7,0
CL000186,A20,health,phone,4,0,9.4,3865.03,30.6,0
CL000187,A25,health,online,4,1,14.6,2408.55,35.5,0
CL000188,A14,travel,online,3,1,2.2,673.36,28.4,0
CL000189,A29,travel,phone,3,3,7.3,889.11,55.3,1
CL000190,A0,motor,online,4,1,7.6,10062.14,25.3,0
CL000191,A1,motor,online,1,1,15.3,3823.98,28.3,0
CL000192,A22,property,phone,4,0,5.4,1579.84,27.3,0
CL000193,A11,motor,online,2,0,8.7,3791.36,32.4,0
CL000194,A28,health,phone,5,0,0.4,455.13,28.9,0
CL000195,A14,health,online,3,1,0.1,2193.79,19.0,0
CL000196,A2,motor,online,4,0,16.0,3322.07,48.1,1
CL000197,A9,motor,online,5,0,6.7,3574.88,49.3,1
CL000198,A16,motor,online,4,2,8.8,1552.76,25.4,0
CL000199,A14,health,online,2,0,11.7,2429.84,19.8,0
CL000200,A29,property,online,4,2,24.8,2566.77,29.8,0
CL000201,A11,property,online,1,0,18.1,50219.5,18.8,0
CL000202,A2,motor,broker,1,2,11.1,5334.07,15.0,0
CL000203,A13,motor,online,5,1,10.4,3970.27,34.0,0
CL000204,A7,health,broker,1,0,19.2,1039.58,23.4,0
CL000205,A6,motor,online,1,1,46.4,322.57,23.2,0
CL000206,A6,health,online,3,0,14.6,7063.24,22.4,0
CL000207,A26,property,phone,4,0,6.2,4989.28,28.6,0
CL000208,A18,health,phone,3,2,3.7,6590.28,22.7,0
CL000209,A8,health,online,2,0,2.8,469.49,15.7,0
CL000210,A24,health,broker,1,0,0.1,555.15,12.8,0
CL000211,A17,travel,phone,3,0,14.3,1838.11,22.6,0
CL000212,A25,motor,phone,1,0,16.4,362.4,13.5,0
CL000213,A18,property,online,2,3,5.7,2052.2,19.0,0
CL000214,A0,health,phone,5,0,4.3,3825.32,49.0,1
CL000215,A10,health,phone,2,0,5.8,1599.15,39.8,1
CL000216,A18,health,phone,3,0,4.4,2778.87,23.7,0
CL000217,A21,health,phone,5,2,3.4,4258.33,52.7,1
CL000218,A3,property,phone,5,0,28.2,939.65,33.7,0
CL000219,A17,property,online,1,0,4.4,1677.61,42.4,1
CL000220,A17,health,online,5,2,16.6,2517.81,31.1,0
CL000221,A14,travel,online,1,0,6.6,4702.79,12.9,0
CL000222,A11,motor,phone,5,1,11.8,4065.04,37.5,0
CL000223,A11,motor,broker,4,0,3.9,27895.81,24.4,0
CL000224,A20,motor,online,3,3,1.3,1542.6,23.6,0
CL000225,A3,travel,phone,1,1,6.8,558.95,18.9,0
CL000226,A27,health,broker,5,3,5.1,874.19,49.8,1
CL000227,A21,property,phone,3,1,1.2,1997.67,25.6,0
CL000228,A20,motor,online,1,2,3.7,246.26,17.1,0
CL000229,A17,travel,phone,3,0,5.0,2955.6,25.5,0
CL000230,A27,motor,online,5,0,28.7,3370.34,45.5,0
CL000231,A29,motor,broker,5,1,6.2,2950.16,48.9,1
CL000232,A8,property,online,3,0,6.3,967.15,23.1,0
CL000233,A1,health,online,3,1,40.4,3585.61,29.5,0
CL000234,A13,property,phone,5,0,10.8,6688.95,32.2,0
CL000235,A26,health,broker,3,0,14.5,2090.1,26.8,0
CL000236,A19,motor,online,2,0,32.5,2185.77,30.6,0
CL000237,A4,property,online,5,0,1.8,2718.07,27.8,0
CL000238,A23,motor,online,1,0,5.5,1089.82,18.9,0
CL000239,A3,motor,phone,1,3,14.3,531.88,13.8,0
CL000240,A7,property,phone,1,2,6.7,54.03,15.3,0
CL000241,A15,health,phone,3,1,14.4,4830.94,28.6,0
CL000242,A29,motor,broker,3,0,9.0,6550.57,45.8,1
CL000243,A22,travel,broker,3,2,8.4,969.89,23.8,0
CL000244,A16,health,online,1,0,4.8,1973.37,19.2,0
CL000245,A10,health,phone,2,2,6.0,1066.43,17.5,0
CL000246,A22,motor,phone,5,1,15.9,948.08,34.1,0
CL000247,A27,motor,phone,4,1,11.5,5675.64,25.4,0
CL000248,A12,property,broker,2,0,2.9,604.96,16.8,0
CL000249,A1,motor,online,1,1,9.0,2400.42,13.5,0
CL000250,A3,motor,online,3,0,12.5,2290.54,24.5,0
CL000251,A4,motor,online,2,0,8.1,5490.66,17.7,0
CL000252,A17,health,broker,5,0,2.0,2307.74,56.1,1
CL000253,A0,motor,phone,2,1,13.3,3435.69,18.1,0
CL000254,A0,health,online,4,0,2.5,321.45,37.4,0
CL000255,A16,property,phone,3,3,6.3,9908.64,27.2,0
CL000256,A21,property,broker,2,2,2.3,6653.59,37.2,1
CL000257,A28,motor,phone,5,2,2.2,7213.59,34.4,0
CL000258,A28,health,phone,4,1,11.0,552.17,34.6,0
CL000259,A3,property,online,3,0,3.1,3695.88,20.3,0
CL000260,A6,motor,phone,5,0,2.9,1883.64,30.9,0
CL000261,A18,health,online,4,2,3.9,3659.25,37.4,0
CL000262,A19,motor,online,3,2,0.7,2696.43,20.7,0
CL000263,A8,motor,online,5,0,7.8,3067.3,49.7,1
CL000264,A27,motor,broker,1,0,5.5,908.56,12.8,0
CL000265,A3,motor,phone,1,1,3.1,1786.99,13.2,0
CL000266,A15,health,phone,4,0,6.8,1379.97,25.0,0
CL000267,A2,motor,broker,5,0,10.2,9616.44,52.9,1
CL000268,A12,property,online,4,0,0.4,3485.48,24.3,0
CL000269,A28,health,phone,5,1,6.3,22708.14,54.8,1
CL000270,A0,travel,online,5,1,13.0,877.46,36.1,0
CL000271,A11,motor,phone,1,1,2.5,4756.29,34.2,1
CL000272,A18,health,online,2,1,3.7,374.14,45.3,1
CL000273,A10,motor,phone,2,1,5.5,3016.86,23.4,0
CL000274,A7,health,online,1,1,1.7,159.0,14.1,0
CL000275,A16,property,online,5,0,22.4,12994.87,34.5,0
CL000276,A22,property,online,1,1,2.0,373.97,21.8,0
CL000277,A13,motor,phone,1,0,3.7,199.21,11.8,0
CL000278,A24,motor,online,3,0,8.8,309.64,21.7,0
CL000279,A24,property,online,5,0,13.6,1570.07,34.8,0
CL000280,A25,travel,online,2,1,3.2,1286.73,21.5,0
CL000281,A29,property,phone,3,2,5.0,2126.96,24.6,0
CL000282,A17,health,online,4,0,21.8,1625.31,41.4,0
CL000283,A20,property,online,1,1,6.5,1115.98,14.5,0
CL000284,A28,motor,phone,5,0,11.7,12750.6,30.3,0
CL000285,A9,motor,online,1,0,1.0,902.01,10.3,0
CL000286,A26,motor,broker,1,1,7.7,425.71,17.9,0
CL000287,A3,property,phone,2,1,0.9,1768.29,16.0,0
CL000288,A13,motor,online,5,2,13.4,1206.26,32.6,0
CL000289,A24,health,phone,3,1,5.2,170.55,24.3,0
CL000290,A27,travel,online,1,2,22.3,588.58,25.4,0
CL000291,A13,property,online,5,1,11.3,2673.76,29.3,0
CL000292,A24,motor,online,1,0,30.7,1116.59,17.3,0
CL000293,A16,property,phone,3,0,13.5,2935.58,20.8,0
CL000294,A28,health,phone,3,0,3.8,3552.65,20.5,0
CL000295,A29,property,phone,4,0,6.0,3464.73,45.0,1
CL000296,A15,property,phone,2,0,22.4,1127.65,33.9,0
CL000297,A16,health,phone,5,0,16.0,7895.74,45.9,0
CL000298,A27,motor,online,1,1,5.7,3388.27,24.6,0
CL000299,A9,health,online,1,0,2.4,1190.11,24.6,0
CL000300,A17,health,online,3,2,2.9,27932.8,24.8,0
CL000301,A27,health,broker,4,2,20.9,2736.29,49.2,1
CL000302,A3,health,broker,5,1,17.5,3556.07,51.2,1
CL000303,A9,motor,phone,1,0,16.9,1106.22,20.3,0
CL000304,A28,motor,online,3,1,6.8,1254.59,25.0,0
CL000305,A4,motor,phone,1,1,2.1,3484.46,14.3,0
CL000306,A4,property,online,1,0,8.0,2776.13,14.7,0
CL000307,A25,motor,online,3,1,22.8,4507.89,27.5,0
CL000308,A3,health,phone,4,0,20.2,1373.92,36.4,0
CL000309,A11,health,online,2,0,3.8,10101.87,25.5,0
CL000310,A17,property,online,1,0,19.0,554.36,15.4,0
CL000311,A0,motor,online,2,0,32.9,1090.93,30.5,0
CL000312,A16,travel,broker,4,1,6.2,11802.71,32.9,0
CL000313,A22,travel,phone,4,1,1.7,4982.98,32.8,0
CL000314,A26,motor,phone,3,0,20.0,2597.25,44.2,1
CL000315,A2,motor,online,2,0,8.4,508.2,18.4,0
CL000316,A28,motor,phone,4,1,7.1,2635.14,29.2,0
CL000317,A10,health,phone,2,0,5.6,681.91,27.4,0
CL000318,A21,motor,online,5,1,6.9,6685.19,29.4,0
CL000319,A19,motor,online,5,1,7.1,5551.44,31.8,0
CL000320,A19,motor,phone,4,1,5.9,5143.89,27.7,0
CL000321,A6,property,broker,4,0,23.1,1320.6,52.3,1
CL000322,A9,health,phone,3,1,0.7,1444.06,23.7,0
CL000323,A23,motor,online,1,0,5.2,917.66,11.2,0
CL000324,A14,property,phone,5,0,2.8,43805.18,27.7,0
CL000325,A14,property,broker,1,3,6.7,3839.58,15.8,0
CL000326,A22,motor,online,4,0,8.6,5109.77,28.5,0
CL000327,A27,health,phone,2,1,5.3,1494.74,19.2,0
CL000328,A16,motor,broker,2,0,4.9,753.09,15.6,0
CL000329,A6,motor,phone,1,1,6.2,2028.53,31.1,1
CL000330,A23,motor,broker,3,1,3.5,1198.0,20.7,0
CL000331,A19,motor,phone,4,2,7.0,2163.69,32.7,0
CL000332,A0,property,online,4,1,1.9,1013.74,28.3,0
CL000333,A26,motor,phone,2,0,4.8,3261.42,31.3,0
CL000334,A20,motor,broker,4,0,14.9,2177.46,28.3,0
CL000335,A0,health,phone,3,0,19.7,4345.4,23.5,0
CL000336,A24,motor,online,3,1,5.4,1391.53,31.5,0
CL000337,A14,health,online,3,1,14.2,4830.84,27.9,0
CL000338,A21,motor,phone,4,0,9.5,1855.63,34.8,0
CL000339,A12,property,online,5,0,6.0,6919.44,47.7,1
CL000340,A17,motor,phone,2,1,30.6,4569.41,24.3,0
CL000341,A26,health,online,5,3,11.5,3087.48,33.7,0
CL000342,A24,motor,online,3,0,0.8,818.79,20.8,0
CL000343,A19,motor,broker,3,0,2.6,1081.81,43.0,1
CL000344,A6,motor,online,2,2,4.4,573.32,18.9,0
CL000345,A28,motor,phone,1,1,1.1,728.46,11.5,0
CL000346,A21,health,phone,2,2,5.0,3079.73,21.7,0
CL000347,A10,health,online,1,1,15.8,961.48,19.5,0
CL000348,A25,property,phone,3,0,26.0,602.04,29.5,0
CL000349,A19,motor,broker,2,2,3.7,4706.14,39.0,1
CL000350,A7,health,online,1,0,0.6,1024.67,16.4,0
CL000351,A2,travel,broker,2,3,0.9,1753.78,40.8,1
CL000352,A29,motor,phone,2,3,2.7,114309.5,14.1,0
CL000353,A13,property,phone,1,0,5.1,4922.73,11.2,0
CL000354,A27,property,online,4,1,10.9,4429.22,26.6,0
CL000355,A3,property,broker,4,0,9.0,1819.72,49.0,1
CL000356,A19,motor,broker,5,2,4.5,2414.5,28.7,0
CL000357,A13,motor,online,1,2,2.7,4518.16,20.5,0
CL000358,A2,property,phone,2,3,1.8,498.02,14.5,0
CL000359,A15,property,online,3,1,1.8,2008.38,22.0,0
CL000360,A15,motor,online,2,0,6.9,3711.73,26.0,0
CL000361,A29,travel,phone,4,1,14.0,6882.7,26.3,0
CL000362,A23,property,broker,5,2,12.1,2215.85,50.3,1
CL000363,A25,property,online,5,1,9.5,6882.83,32.2,0
CL000364,A26,health,online,1,3,3.0,3381.25,11.5,0
CL000365,A1,motor,phone,3,0,0.6,1148.64,18.8,0
CL000366,A23,property,online,4,0,5.9,749.39,26.6,0
CL000367,A16,health,broker,5,0,6.0,2462.85,32.8,0
CL000368,A13,motor,online,3,0,3.9,5818.54,31.6,0
CL000369,A26,property,online,3,2,4.1,4598.11,21.9,0
CL000370,A11,motor,broker,5,0,6.1,1073.54,31.2,0
CL000371,A3,property,phone,1,2,1.7,759.91,13.5,0
CL000372,A26,health,online,2,2,9.7,949.6,24.1,0
CL000373,A4,health,online,3,1,2.2,1148.39,24.3,0
CL000374,A6,property,phone,2,0,14.5,243.68,20.7,0
CL000375,A5,motor,online,2,1,2.7,3586.32,25.3,0
CL000376,A7,motor,phone,4,0,6.4,1060.06,42.2,0
CL000377,A12,property,phone,5,1,1.5,5968.73,30.6,0
CL000378,A24,health,phone,3,2,14.0,3852.73,27.3,0
CL000379,A5,property,phone,3,0,3.0,2590.31,20.5,0
CL000380,A4,property,broker,3,2,0.2,794.13,24.7,0
CL000381,A29,health,online,5,0,8.6,1415.08,39.1,0
CL000382,A26,motor,online,3,0,1.3,1654.2,23.7,0
CL000383,A15,property,online,1,0,7.8,924.51,17.7,0
CL000384,A21,motor,phone,5,1,3.5,2779.97,32.2,0
CL000385,A17,motor,phone,3,0,2.5,15742.25,24.8,0
CL000386,A11,motor,phone,3,1,21.5,1265.14,25.7,0
CL000387,A11,motor,online,3,0,12.2,2479.12,22.3,0
CL000388,A11,motor,online,1,1,13.1,585.51,14.7,0
CL000389,A25,property,online,5,2,8.7,66873.25,29.6,0
CL000390,A17,health,online,1,0,11.1,5492.39,21.3,0
CL000391,A19,property,online,4,1,14.5,4575.79,25.8,0
CL000392,A0,travel,online,2,0,8.2,794.83,24.6,0
CL000393,A14,health,phone,4,1,4.1,5877.8,54.7,1
CL000394,A24,motor,online,2,1,5.3,6744.12,15.3,0
CL000395,A16,health,broker,2,3,2.9,1429.01,37.9,1
CL000396,A23,motor,broker,3,0,12.5,5751.61,26.3,0
CL000397,A9,health,phone,3,2,35.8,788.1,48.8,1
CL000398,A1,motor,phone,4,0,5.4,23659.79,29.8,0
CL000399,A20,health,phone,3,1,14.1,1728.11,24.2,0
CL000400,A1,property,broker,3,2,4.2,2951.94,19.9,0
CL000401,A11,health,online,1,0,5.3,579.48,17.6,0
CL000402,A23,health,online,2,0,9.9,9376.19,23.2,0
CL000403,A24,health,online,5,1,7.6,7142.94,30.5,0
CL000404,A26,motor,online,5,0,13.2,1253.78,35.6,0
CL000405,A21,health,phone,3,2,1.5,5166.61,18.7,0
CL000406,A6,health,broker,5,1,22.8,2597.52,34.4,0
CL000407,A0,property,online,2,0,15.4,8905.29,21.1,0
CL000408,A26,motor,online,3,2,13.1,3352.1,45.7,1
CL000409,A26,motor,online,5,0,6.5,16645.61,50.1,1
CL000410,A21,property,phone,5,1,9.4,3089.64,44.4,0
CL000411,A25,health,online,2,0,4.5,6318.22,16.6,0
CL000412,A25,motor,online,2,0,5.2,2114.96,34.2,0
CL000413,A6,travel,online,2,0,8.0,3305.89,27.6,0
CL000414,A13,travel,online,2,0,18.2,585.25,21.1,0
CL000415,A14,health,phone,2,4,8.8,6040.68,24.6,0
CL000416,A12,property,online,1,2,1.5,704.02,14.8,0
CL000417,A28,motor,online,1,2,9.6,953.14,13.5,0
CL000418,A10,health,online,2,0,3.3,2041.97,15.4,0
CL000419,A9,travel,broker,3,2,0.2,3488.77,41.3,1
CL000420,A13,motor,online,3,0,5.9,3098.71,24.4,0
CL000421,A5,motor,online,2,0,5.7,1744.57,29.3,0
CL000422,A17,travel,online,1,4,0.7,5450.41,18.2,0
CL000423,A18,health,phone,3,1,1.6,6726.22,18.1,0
CL000424,A17,property,online,4,1,11.4,1108.64,25.6,0
CL000425,A13,motor,online,3,1,18.0,13889.25,26.8,0
CL000426,A29,motor,broker,4,1,10.6,2563.79,25.0,0
CL000427,A4,property,online,5,1,12.9,13459.26,32.8,0
CL000428,A19,health,phone,4,0,5.1,2391.67,24.1,0
CL000429,A12,motor,broker,2,1,13.9,163.35,27.7,0
CL000430,A24,health,online,4,0,2.1,938.94,32.3,0
CL000431,A1,health,online,1,1,8.6,487.93,15.7,0
CL000432,A12,health,phone,3,0,16.0,13108.32,27.5,0
CL000433,A16,health,broker,4,0,2.6,1050.85,25.3,0
CL000434,A19,property,online,4,1,2.5,1280.96,24.4,0
CL000435,A0,health,broker,3,0,8.4,4761.45,20.8,0
CL000436,A14,motor,online,4,1,10.2,2263.09,24.0,0
CL000437,A26,health,phone,5,1,7.5,3274.69,30.6,0
CL000438,A5,health,phone,4,1,3.4,2405.21,35.2,0
CL000439,A14,property,online,2,1,6.9,1523.28,17.9,0
CL000440,A11,motor,phone,4,0,7.3,1478.97,32.8,0
CL000441,A9,property,broker,1,1,20.2,5450.18,20.4,0
CL000442,A26,property,broker,4,1,6.7,5126.33,26.5,0
CL000443,A23,health,phone,4,1,0.1,2349.03,35.5,0
CL000444,A16,health,phone,5,0,9.7,3427.39,37.5,0
CL000445,A26,property,broker,1,0,5.0,3052.72,23.1,0
CL000446,A22,health,broker,5,1,12.9,4085.84,54.7,1
CL000447,A2,motor,phone,5,2,5.7,4474.53,34.8,0
CL000448,A17,motor,broker,2,1,7.5,1078.92,37.1,1
CL000449,A0,property,phone,3,2,28.2,1765.1,36.2,0
CL000450,A19,health,phone,5,1,8.2,3091.18,48.2,1
CL000451,A25,travel,online,3,2,7.7,1083.05,42.6,1
CL000452,A21,property,phone,1,1,9.2,1832.02,18.1,0
CL000453,A21,motor,phone,2,0,3.4,1490.82,18.4,0
CL000454,A6,health,phone,4,3,10.4,2425.17,53.9,1
CL000455,A2,property,phone,1,0,1.3,2528.15,11.0,0
CL000456,A22,motor,broker,5,2,1.9,492.68,29.0,0
CL000457,A13,motor,online,3,0,2.2,852.47,21.6,0
CL000458,A12,motor,online,5,0,3.3,7301.45,36.8,0
CL000459,A23,motor,online,4,1,7.3,589.22,26.1,0
CL000460,A13,health,phone,1,2,3.3,1955.53,13.0,0
CL000461,A18,motor,online,1,0,10.7,1760.27,14.4,0
CL000462,A22,motor,phone,1,1,11.3,2235.36,14.1,0
CL000463,A18,property,online,4,2,14.8,2364.54,25.8,0
CL000464,A13,motor,online,3,1,14.7,1383.88,27.8,0
CL000465,A19,motor,phone,2,0,6.8,4988.9,19.4,0
CL000466,A6,travel,broker,3,2,17.3,343.05,22.1,0
CL000467,A4,motor,broker,3,0,2.1,739.99,31.3,0
CL000468,A22,travel,online,5,2,1.7,6443.55,50.9,1
CL000469,A28,travel,broker,4,1,22.2,2820.81,33.6,0
CL000470,A27,health,phone,2,0,5.1,3302.3,29.7,0
CL000471,A5,health,phone,4,0,0.7,2326.25,41.9,1
CL000472,A29,travel,phone,5,3,14.8,911.59,32.9,0
CL000473,A13,property,broker,5,1,12.3,5398.23,36.7,0
CL000474,A22,motor,phone,4,0,19.9,3042.86,29.4,0
CL000475,A14,health,online,2,3,6.0,734.93,15.5,0
CL000476,A2,motor,phone,1,0,4.5,2120.62,17.0,0
CL000477,A27,motor,phone,2,0,10.0,465.09,21.0,0
CL000478,A1,property,broker,5,1,17.7,9690.0,53.3,1
CL000479,A27,property,online,1,1,14.2,778.98,37.6,1
CL000480,A22,property,online,5,2,9.1,1080.73,52.2,1
CL000481,A13,motor,online,1,1,21.9,712.65,18.6,0
CL000482,A19,health,online,4,0,7.4,1909.03,25.4,0
CL000483,A17,motor,online,5,1,1.3,5562.15,28.9,0
CL000484,A9,motor,phone,5,0,3.9,1885.34,48.7,1
CL000485,A7,motor,phone,5,1,7.9,1189.42,29.6,0
CL000486,A20,health,phone,4,3,5.1,4184.93,31.6,0
CL000487,A4,health,phone,4,1,5.8,9048.0,25.0,0
CL000488,A15,health,online,5,1,10.4,6616.17,29.3,0
CL000489,A16,property,online,3,0,5.4,1421.97,20.6,0
CL000490,A19,motor,phone,1,1,14.3,1225.82,22.9,0
CL000491,A12,property,online,3,0,36.8,1378.69,29.9,0
CL000492,A16,motor,online,4,0,12.8,2815.31,33.1,0
CL000493,A8,motor,phone,3,0,6.5,449.13,43.1,1
CL000494,A20,motor,broker,1,0,2.5,891.23,13.0,0
CL000495,A26,motor,online,1,2,1.7,1622.69,20.2,0
CL000496,A23,motor,online,1,1,12.0,822.51,24.7,0
CL000497,A15,health,phone,2,0,30.0,3048.48,41.2,1
CL000498,A29,motor,phone,4,1,1.3,2047.83,44.2,1
CL000499,A10,property,online,4,1,9.8,2328.43,28.4,0
CL000500,A17,health,phone,4,1,1.7,7810.68,26.4,0
CL000501,A2,motor,broker,5,4,6.5,2607.09,31.6,0
CL000502,A3,motor,phone,5,1,14.1,962.89,52.7,1
CL000503,A2,motor,phone,3,0,7.7,2195.3,24.8,0
CL000504,A14,property,online,4,1,8.4,803.12,29.5,0
CL000505,A25,motor,broker,5,1,10.5,4198.42,51.2,1
CL000506,A21,property,broker,5,0,7.8,3492.11,59.2,1
CL000507,A18,health,phone,3,2,13.7,10568.04,42.2,1
CL000508,A18,health,online,4,2,6.4,1642.21,28.0,0
CL000509,A17,motor,phone,4,0,12.2,8760.53,30.0,0
CL000510,A14,health,online,1,1,47.8,1135.21,42.8,1
CL000511,A25,motor,online,4,2,3.1,14787.54,26.2,0
CL000512,A14,property,broker,4,0,11.6,3149.67,25.4,0
CL000513,A26,property,online,2,0,9.0,3729.11,23.8,0
CL000514,A15,motor,broker,1,0,2.8,674.31,12.0,0
CL000515,A1,health,online,3,1,3.2,2782.56,51.6,1
CL000516,A8,travel,phone,2,2,22.2,1964.17,27.4,0
CL000517,A13,motor,online,4,0,7.7,923.24,28.2,0
CL000518,A4,travel,online,4,0,0.6,2686.74,22.4,0
CL000519,A26,health,online,3,2,2.1,1265.15,31.0,0
CL000520,A29,health,phone,5,1,7.0,2918.98,33.1,0
CL000521,A0,travel,online,4,0,22.6,20029.21,33.4,0
CL000522,A13,property,online,5,0,4.7,258.6,27.9,0
CL000523,A2,health,online,2,0,8.5,2292.19,18.4,0
CL000524,A22,motor,broker,5,0,9.5,1853.66,33.6,0
CL000525,A28,health,broker,5,1,27.8,4331.7,53.6,1
CL000526,A15,property,broker,5,0,4.8,1889.08,59.0,1
CL000527,A22,property,phone,4,1,12.2,1960.47,47.9,1
CL000528,A8,motor,broker,5,0,28.8,2954.56,36.2,0
CL000529,A3,motor,broker,1,0,6.0,563.38,11.7,0
CL000530,A17,motor,broker,4,0,3.5,1106.68,24.4,0
CL000531,A29,health,broker,2,0,1.4,1790.06,15.4,0
CL000532,A25,property,phone,1,0,4.0,4093.4,13.5,0
CL000533,A17,property,broker,2,1,11.0,897.95,16.8,0
CL000534,A20,motor,online,4,0,15.6,6169.06,47.9,1
CL000535,A15,motor,online,1,2,5.1,480.77,34.1,0
CL000536,A17,property,phone,2,0,9.6,1019.05,22.0,0
CL000537,A1,motor,phone,1,0,12.5,581.72,26.6,0
CL000538,A15,motor,online,4,0,10.6,3160.49,31.6,0
CL000539,A4,motor,broker,3,0,14.6,3030.87,25.0,0
CL000540,A11,health,phone,5,2,9.5,3753.13,42.1,0
CL000541,A8,travel,phone,3,0,3.0,4348.37,18.8,0
CL000542,A18,motor,online,1,0,15.8,1836.24,15.8,0
CL000543,A22,motor,broker,5,1,0.9,4882.48,37.3,0
CL000544,A8,health,online,4,2,0.5,38490.25,22.3,0
CL000545,A17,health,phone,3,0,12.0,3558.99,47.9,1
CL000546,A23,property,phone,4,0,19.1,791.06,33.3,0
CL000547,A15,health,phone,4,0,5.9,3146.09,26.4,0
CL000548,A15,property,online,1,1,1.2,101.19,30.8,1
CL000549,A16,property,phone,5,0,4.2,2097.81,26.7,0
CL000550,A9,motor,online,1,1,1.7,2059.74,16.5,0
CL000551,A13,property,online,3,2,2.6,447.21,24.4,0
CL000552,A4,travel,broker,2,0,10.1,749.36,22.2,0
CL000553,A6,health,online,2,1,14.9,2053.7,18.0,0
CL000554,A25,property,online,5,1,5.1,17848.45,35.8,0
CL000555,A18,motor,online,3,1,8.3,3456.4,19.6,0
CL000556,A8,motor,broker,4,2,6.2,1419.91,25.9,0
CL000557,A24,motor,online,5,0,2.7,3000.62,34.5,0
CL000558,A14,motor,online,5,0,10.2,2222.6,29.6,0
CL000559,A2,health,phone,5,1,1.7,2336.36,30.2,0
CL000560,A3,motor,broker,1,0,16.0,674.13,22.6,0
CL000561,A12,health,phone,2,0,16.9,1912.28,19.6,0
CL000562,A2,health,phone,1,0,3.1,286.97,20.6,0
CL000563,A23,motor,online,2,1,9.2,11581.99,20.7,0
CL000564,A21,property,online,3,0,0.9,2268.45,19.2,0
CL000565,A5,motor,phone,4,1,17.3,2931.22,36.4,0
CL000566,A16,motor,online,2,1,7.0,974.93,23.3,0
CL000567,A19,property,broker,2,0,13.4,1893.25,20.3,0
CL000568,A13,health,online,4,1,5.9,776.71,26.2,0
CL000569,A10,property,phone,2,1,0.9,1050.04,23.3,0
CL000570,A8,motor,online,1,0,10.0,1573.66,12.3,0
CL000571,A23,travel,online,4,1,6.9,3463.74,26.1,0
CL000572,A15,travel,online,4,2,8.8,1110.83,46.3,1
CL000573,A14,motor,broker,5,1,8.3,3085.18,36.5,0
CL000574,A24,motor,online,5,1,6.1,977.76,39.2,0
CL000575,A8,property,phone,5,1,5.4,2531.7,50.9,1
CL000576,A3,property,broker,2,0,12.0,879.13,36.5,1
CL000577,A24,motor,phone,2,0,4.1,659.83,19.2,0
CL000578,A6,motor,phone,3,1,5.8,3603.31,22.1,0
CL000579,A4,motor,phone,4,1,42.5,4281.2,38.3,0
CL000580,A3,motor,phone,5,1,4.8,19602.01,30.8,0
CL000581,A6,health,online,4,0,11.2,2625.83,49.0,1
CL000582,A22,motor,online,4,0,1.6,3004.01,29.9,0
CL000583,A29,property,phone,5,1,1.2,27938.13,46.8,1
CL000584,A4,motor,online,4,1,3.4,2639.26,23.2,0
CL000585,A23,motor,online,5,0,15.6,611.59,36.8,0
CL000586,A5,health,phone,5,0,3.2,349.32,29.7,0
CL000587,A26,health,online,4,0,3.1,9543.44,26.5,0
CL000588,A26,motor,online,4,0,13.5,8259.65,24.5,0
CL000589,A28,motor,phone,4,0,14.2,6119.65,33.0,0
CL000590,A4,property,phone,3,1,11.8,10782.3,40.1,1
CL000591,A29,property,phone,2,1,11.1,661.23,25.1,0
CL000592,A11,property,phone,1,1,9.1,381.18,11.8,0
CL000593,A10,property,phone,1,1,11.1,6981.38,17.2,0
CL000594,A5,travel,phone,3,1,13.3,911.53,23.2,0
CL000595,A23,motor,broker,2,0,34.3,3814.85,22.9,0
CL000596,A1,health,broker,5,0,5.4,980.97,26.8,0
CL000597,A17,motor,online,4,1,19.7,4841.49,30.5,0
CL000598,A21,property,broker,2,1,17.7,1165.0,21.6,0
CL000599,A27,travel,phone,4,0,4.6,7416.2,35.5,0
CL000600,A11,motor,online,5,0,10.5,6672.34,39.3,0
CL000601,A16,motor,phone,2,1,9.0,2554.93,17.6,0
CL000602,A17,health,phone,5,0,6.7,8113.3,31.8,0
CL000603,A10,health,broker,1,0,6.7,1367.67,12.8,0
CL000604,A25,health,online,5,0,15.4,4093.52,36.6,0
CL000605,A10,health,phone,3,1,16.4,1821.4,27.8,0
CL000606,A15,travel,online,4,0,1.5,8718.67,31.9,0
CL000607,A10,motor,phone,5,0,3.2,2001.29,30.1,0
CL000608,A27,health,phone,4,0,6.3,1746.89,24.7,0
CL000609,A6,property,online,2,2,8.1,727.02,24.6,0
CL000610,A24,motor,phone,4,0,7.9,1376.91,29.4,0
CL000611,A22,health,phone,3,3,4.1,2583.61,20.2,0
CL000612,A21,motor,phone,2,0,2.2,7063.36,18.1,0
CL000613,A17,motor,online,4,0,7.1,4745.89,28.9,0
CL000614,A9,travel,phone,2,1,3.8,2154.13,23.3,0
CL000615,A28,motor,phone,3,0,20.9,3471.78,25.5,0
CL000616,A11,property,online,4,0,4.1,622.53,25.9,0
CL000617,A23,health,broker,4,1,9.5,944.97,27.3,0
CL000618,A21,motor,phone,2,1,5.2,7856.14,36.4,1
CL000619,A6,health,phone,2,0,23.1,7117.83,19.2,0
CL000620,A29,health,online,2,1,23.4,633.54,25.9,0
CL000621,A6,health,phone,4,0,18.2,972.13,36.9,0
CL000622,A5,health,online,2,0,0.8,1138.5,18.9,0
CL000623,A4,motor,online,4,0,9.6,7581.22,24.5,0
CL000624,A13,health,phone,3,1,12.6,2413.12,33.4,0
CL000625,A13,motor,phone,4,1,5.9,2729.37,46.3,1
CL000626,A7,motor,online,2,0,44.0,552.58,29.5,0
CL000627,A19,motor,broker,2,1,1.8,1527.81,17.1,0
CL000628,A16,motor,phone,2,1,15.7,1468.56,27.8,0
CL000629,A0,health,online,5,0,10.2,9782.52,43.8,0
CL000630,A3,travel,broker,1,0,0.4,1849.63,16.3,0
CL000631,A12,health,online,4,1,5.2,457.2,26.1,0
CL000632,A12,motor,online,5,2,5.8,844.04,36.5,0
CL000633,A27,property,phone,2,1,1.2,1617.69,20.0,0
CL000634,A10,travel,broker,1,1,21.6,1762.95,18.2,0
CL000635,A2,property,phone,1,0,26.4,1755.79,22.6,0
CL000636,A24,property,phone,1,1,13.6,520.35,13.7,0
CL000637,A12,motor,phone,4,0,0.4,3703.0,25.1,0
CL000638,A19,motor,online,4,1,1.0,3981.47,27.7,0
CL000639,A10,property,broker,1,1,1.9,3056.35,18.4,0
CL000640,A16,property,online,3,1,13.0,602.73,37.8,0
CL000641,A7,motor,online,3,1,5.4,2349.12,21.3,0
CL000642,A19,health,phone,4,1,0.3,5426.91,27.0,0
CL000643,A6,motor,online,3,1,27.6,1608.99,26.3,0
CL000644,A26,travel,broker,5,2,33.9,12109.84,60.5,1
CL000645,A27,motor,phone,2,0,2.9,1677.69,24.3,0
CL000646,A11,travel,broker,2,0,2.7,2864.84,54.7,1
CL000647,A4,property,phone,2,0,14.6,789.78,18.8,0
CL000648,A26,motor,phone,4,1,13.0,7328.19,29.7,0
CL000649,A1,motor,online,4,1,3.5,2403.89,29.4,0
CL000650,A27,property,phone,3,0,1.7,771.38,19.1,0
CL000651,A0,motor,online,5,0,5.9,5185.44,33.5,0
CL000652,A17,property,phone,5,2,7.7,581.26,29.1,0
CL000653,A9,motor,broker,5,1,4.8,1956.35,55.1,1
CL000654,A13,motor,phone,2,0,1.4,7901.94,43.4,1
CL000655,A12,motor,phone,2,1,3.7,1961.18,20.2,0
CL000656,A12,health,broker,2,1,6.5,3723.41,21.6,0
CL000657,A19,motor,online,2,0,11.5,1431.39,18.0,0
CL000658,A22,property,online,2,0,5.8,2102.22,23.9,0
CL000659,A22,property,phone,5,1,12.8,3782.17,32.7,0
CL000660,A9,motor,online,1,0,4.0,7142.91,16.8,0
CL000661,A10,property,broker,3,0,3.6,4864.97,29.0,0
CL000662,A24,health,phone,4,1,30.3,4563.71,31.2,0
CL000663,A3,property,phone,3,0,26.4,2514.09,24.3,0
CL000664,A20,travel,phone,4,1,26.0,1666.06,57.9,1
CL000665,A11,health,broker,4,0,35.7,1143.42,35.1,0
CL000666,A23,health,phone,2,1,13.7,5226.22,20.2,0
CL000667,A16,motor,online,5,2,3.9,12814.42,27.8,0
CL000668,A29,property,online,3,1,19.5,978.18,24.3,0
CL000669,A22,health,phone,5,0,4.0,71342.25,29.1,0
CL000670,A18,property,broker,3,2,8.5,1350.13,45.8,1
CL000671,A18,property,phone,2,1,3.4,4188.89,42.5,1
CL000672,A14,property,phone,2,2,8.9,2589.28,35.6,1
CL000673,A1,motor,online,5,0,4.3,4918.71,47.3,1
CL000674,A24,motor,broker,3,0,15.7,1705.14,39.9,0
CL000675,A20,motor,broker,5,3,11.9,904.3,53.3,1
CL000676,A21,motor,phone,2,1,7.4,1381.44,19.4,0
CL000677,A15,motor,phone,5,3,6.3,4738.11,52.6,1
CL000678,A19,motor,phone,4,0,13.5,521.94,41.8,0
CL000679,A26,motor,online,5,2,9.7,6625.95,34.8,0
CL000680,A11,health,online,4,0,4.3,2658.0,25.3,0
CL000681,A11,health,phone,1,1,1.9,2532.36,10.8,0
CL000682,A19,motor,online,1,1,26.8,1006.74,18.9,0
CL000683,A5,motor,broker,3,0,4.4,4406.45,23.0,0
CL000684,A18,motor,online,2,0,3.7,1716.44,21.2,0
CL000685,A20,motor,online,3,0,2.0,6349.21,17.9,0
CL000686,A20,property,online,4,0,0.2,3175.53,23.5,0
CL000687,A4,motor,broker,4,0,2.3,3868.19,30.0,0
CL000688,A14,property,broker,5,2,1.4,18305.9,34.8,0
CL000689,A23,health,broker,1,3,1.9,275.83,30.8,1
CL000690,A29,motor,online,3,1,2.2,1945.37,40.4,1
CL000691,A23,motor,online,1,2,4.7,1172.58,14.3,0
CL000692,A14,travel,phone,3,1,8.7,2423.62,25.1,0
CL000693,A6,motor,broker,5,2,17.9,10259.01,51.6,1
CL000694,A17,health,online,3,1,5.2,1133.92,25.0,0
CL000695,A3,property,broker,3,2,9.4,1072.27,39.9,1
CL000696,A25,health,phone,3,0,4.8,3081.99,31.1,0
CL000697,A29,motor,phone,5,0,3.4,1979.45,32.5,0
CL000698,A27,property,broker,2,3,12.1,1405.4,21.1,0
CL000699,A11,property,online,3,0,8.2,4455.72,28.1,0
CL000700,A26,travel,broker,2,1,10.0,2044.58,20.2,0
CL000701,A14,motor,online,1,1,4.5,354.82,21.6,0
CL000702,A2,travel,broker,2,1,3.6,1197.93,21.7,0
CL000703,A14,health,phone,4,2,6.8,3251.28,30.3,0
CL000704,A13,health,phone,4,1,9.8,1463.15,25.0,0
CL000705,A19,motor,online,3,0,19.6,1677.29,23.6,0
CL000706,A21,motor,phone,5,0,15.7,14379.49,35.5,0
CL000707,A8,property,online,4,2,14.2,3845.09,39.5,0
CL000708,A7,motor,online,5,0,8.2,1356.47,29.3,0
CL000709,A23,motor,online,4,0,4.3,5049.98,24.8,0
CL000710,A15,health,online,5,0,5.7,1631.91,31.1,0
CL000711,A7,motor,online,1,0,17.1,581.33,22.5,0
CL000712,A5,motor,phone,5,2,1.7,2151.93,40.5,0
CL000713,A7,motor,phone,3,2,8.2,4690.22,46.6,1
CL000714,A8,property,online,1,1,18.5,5693.68,19.6,0
CL000715,A13,motor,broker,4,1,15.3,6900.58,30.0,0
CL000716,A9,motor,phone,2,1,2.7,2729.66,20.9,0
CL000717,A0,health,phone,4,0,8.7,1605.2,42.9,0
CL000718,A29,motor,online,3,1,10.9,457.77,34.3,0
CL000719,A4,health,broker,3,1,12.3,69949.5,57.6,1
CL000720,A24,health,broker,2,1,3.0,313.57,19.2,0
CL000721,A7,property,broker,2,0,8.6,4259.15,18.5,0
CL000722,A20,motor,phone,1,1,5.1,2780.35,23.4,0
CL000723,A5,travel,phone,5,3,2.5,3514.26,27.4,0
CL000724,A26,motor,phone,1,2,29.5,5995.43,21.0,0
CL000725,A19,health,online,3,0,0.8,720.56,20.7,0
CL000726,A9,motor,online,4,1,11.8,2246.5,29.6,0
CL000727,A9,motor,phone,3,0,9.9,3894.04,26.0,0
CL000728,A0,motor,online,3,0,19.1,2728.63,25.8,0
CL000729,A7,health,phone,1,0,8.6,2216.92,15.2,0
CL000730,A6,motor,online,1,1,4.0,932.9,15.2,0
CL000731,A3,motor,online,1,2,10.8,2610.71,16.0,0
CL000732,A10,motor,broker,3,0,1.7,1635.75,28.5,0
CL000733,A6,health,phone,1,0,4.0,1949.43,16.6,0
CL000734,A9,property,online,5,1,3.1,1437.53,26.9,0
CL000735,A23,property,phone,5,0,3.2,4601.81,35.5,0
CL000736,A15,property,online,3,1,0.9,1034.97,18.4,0
CL000737,A18,health,online,4,2,1.1,1858.64,43.6,1
CL000738,A28,travel,online,1,2,6.9,578.92,26.7,0
CL000739,A10,health,online,3,1,5.8,899.02,32.9,0
CL000740,A24,motor,online,3,1,28.8,1471.13,47.9,1
CL000741,A13,motor,phone,2,0,30.5,1192.23,32.5,0
CL000742,A15,motor,online,5,0,12.3,1426.76,29.2,0
CL000743,A3,travel,online,4,1,1.3,5541.46,21.6,0
CL000744,A23,property,broker,4,2,4.2,1384.01,24.2,0
CL000745,A28,property,phone,2,0,6.9,726.08,26.5,0
CL000746,A8,property,online,1,2,15.1,4881.23,15.8,0
CL000747,A16,property,phone,2,0,11.4,1545.56,21.4,0
CL000748,A15,motor,online,4,2,4.7,2793.54,25.4,0
CL000749,A16,health,phone,5,1,7.0,10889.3,41.4,0
CL000750,A11,motor,online,2,2,15.6,805.84,30.6,0
CL000751,A1,motor,broker,4,3,7.4,838.06,25.5,0
CL000752,A26,motor,online,1,1,6.6,1146.42,14.6,0
CL000753,A2,motor,phone,3,1,0.3,2802.54,24.4,0
CL000754,A14,motor,phone,1,0,9.2,3342.31,14.9,0
CL000755,A21,health,phone,1,0,12.4,1120.75,20.3,0
CL000756,A12,property,online,5,2,8.8,4319.23,35.9,0
CL000757,A10,travel,broker,5,1,8.2,5082.33,31.7,0
CL000758,A16,motor,online,1,0,5.3,3921.41,19.8,0
CL000759,A21,property,phone,5,2,12.7,1837.48,29.6,0
CL000760,A14,motor,online,2,0,7.7,3589.03,23.7,0
CL000761,A13,health,online,2,0,10.8,2830.88,27.3,0
CL000762,A8,motor,phone,4,0,5.1,6056.34,25.4,0
CL000763,A29,motor,online,4,0,1.4,7057.55,25.1,0
CL000764,A29,property,broker,2,2,6.3,3885.16,46.3,1
CL000765,A8,motor,broker,3,0,24.5,4197.2,29.1,0
CL000766,A22,motor,online,1,2,5.2,646.49,41.1,1
CL000767,A9,health,broker,1,1,28.3,373.0,23.5,0
CL000768,A19,motor,online,1,1,11.6,438.17,23.6,0
CL000769,A2,property,broker,1,1,45.4,1261.81,22.5,0
CL000770,A11,motor,phone,2,1,1.2,3376.26,17.7,0
CL000771,A8,motor,phone,1,0,6.2,4891.14,14.8,0
CL000772,A18,health,phone,2,2,7.1,2953.91,17.4,0
CL000773,A14,health,online,2,2,2.8,10376.41,18.1,0
CL000774,A6,health,broker,1,0,9.7,379.96,18.8,0
CL000775,A21,health,phone,3,2,18.8,524.48,28.8,0
CL000776,A16,property,broker,5,2,3.8,6277.4,27.8,0
CL000777,A25,health,phone,1,1,13.9,3165.45,17.8,0
CL000778,A9,health,online,2,0,2.0,3121.76,15.0,0
CL000779,A24,property,phone,1,0,2.3,1106.02,13.1,0
CL000780,A27,motor,broker,5,0,4.1,2221.68,26.9,0
CL000781,A17,motor,broker,3,1,14.7,8353.33,24.4,0
CL000782,A4,travel,phone,4,2,4.3,926.29,24.3,0
CL000783,A19,property,online,4,0,25.4,734.98,41.8,0
CL000784,A19,motor,online,3,1,4.7,3032.03,24.3,0
CL000785,A15,motor,online,4,1,17.4,1797.4,45.5,1
CL000786,A21,health,online,5,0,1.6,4484.71,30.3,0
CL000787,A26,travel,broker,3,0,4.8,1068.51,26.8,0
CL000788,A5,property,broker,5,0,2.2,9050.65,47.6,1
CL000789,A11,motor,broker,1,1,45.4,2801.87,24.4,0
CL000790,A5,motor,broker,3,1,13.8,1289.75,27.9,0
CL000791,A7,property,broker,2,0,12.3,2091.42,23.7,0
CL000792,A8,motor,broker,3,0,2.7,2063.89,41.4,1
CL000793,A6,property,phone,2,0,6.5,2595.41,23.6,0
CL000794,A16,health,broker,2,0,3.5,1158.47,20.3,0
CL000795,A4,health,online,5,0,11.3,4216.22,35.0,0
CL000796,A21,motor,online,1,1,9.9,1690.48,17.9,0
CL000797,A4,motor,phone,2,1,6.3,3065.35,21.5,0
CL000798,A4,motor,online,3,1,16.4,8556.87,26.1,0
CL000799,A20,travel,phone,4,1,8.2,957.89,25.1,0
CL000800,A18,motor,phone,3,0,5.6,5021.11,23.2,0
CL000801,A24,motor,online,4,0,19.4,4686.23,29.5,0
CL000802,A25,travel,online,1,0,10.0,2940.44,16.8,0
CL000803,A4,motor,phone,3,0,4.9,1138.97,21.4,0
CL000804,A13,property,online,2,1,9.2,2211.47,24.4,0
CL000805,A28,motor,phone,1,0,6.0,804.49,13.1,0
CL000806,A24,health,broker,5,1,6.1,6807.08,51.7,1
CL000807,A13,health,online,1,0,11.0,1529.64,14.6,0
CL000808,A3,health,phone,2,0,8.9,727.66,18.2,0
CL000809,A18,property,phone,2,1,4.0,8582.18,31.8,0
CL000810,A20,travel,broker,2,1,1.0,776.82,25.2,0
CL000811,A21,motor,phone,5,0,2.3,1303.97,27.1,0
CL000812,A13,property,broker,2,0,0.8,703.35,16.1,0
CL000813,A8,travel,online,2,2,4.4,1026.45,44.3,1
CL000814,A20,motor,online,2,0,19.7,18613.74,20.5,0
CL000815,A23,motor,phone,2,0,26.2,1432.07,20.5,0
CL000816,A11,property,phone,3,1,12.5,915.64,23.3,0
CL000817,A29,motor,online,3,0,7.5,734.62,24.4,0
CL000818,A8,motor,phone,2,1,2.9,1055.89,23.1,0
CL000819,A25,health,online,2,1,4.7,6284.2,18.4,0
CL000820,A21,property,phone,2,1,7.9,3241.62,32.2,0
CL000821,A4,travel,broker,2,0,8.2,2470.86,21.9,0
CL000822,A18,property,online,3,2,7.3,5162.11,25.4,0
CL000823,A18,health,online,5,0,13.1,8324.99,30.7,0
CL000824,A2,health,phone,4,1,3.0,3559.82,44.8,1
CL000825,A10,motor,phone,5,2,12.8,5929.19,31.4,0
CL000826,A10,property,online,4,2,20.7,586.59,32.6,0
CL000827,A10,motor,online,4,0,19.9,2394.21,28.3,0
CL000828,A0,health,phone,4,1,21.2,1535.95,35.4,0
CL000829,A11,motor,online,3,0,2.5,580.36,24.1,0
CL000830,A9,motor,online,4,1,8.2,4303.58,34.2,0
CL000831,A24,motor,online,1,2,10.3,900.97,27.5,0
CL000832,A0,motor,online,3,0,0.7,1368.24,19.0,0
CL000833,A8,motor,phone,1,0,4.3,1490.91,11.7,0
CL000834,A27,motor,phone,5,2,7.0,1458.93,31.2,0
CL000835,A1,travel,online,5,0,1.2,4164.5,30.2,0
CL000836,A27,motor,phone,2,0,3.3,1058.19,21.6,0
CL000837,A1,motor,phone,5,1,5.4,924.02,29.3,0
CL000838,A10,health,phone,1,1,7.6,2554.23,16.4,0
CL000839,A2,property,phone,5,0,21.7,983.92,36.7,0
CL000840,A4,motor,phone,4,1,16.7,5772.38,29.5,0
CL000841,A22,property,phone,4,2,5.0,4931.69,27.9,0
CL000842,A0,motor,phone,1,2,7.2,690.37,14.4,0
CL000843,A28,motor,online,5,1,2.9,722.51,27.0,0
CL000844,A29,property,broker,3,0,26.4,3199.81,54.3,1
CL000845,A17,motor,online,5,3,4.5,13260.16,27.8,0
CL000846,A22,motor,phone,5,1,17.2,3307.21,30.5,0
CL000847,A2,motor,online,4,2,8.7,2547.56,27.2,0
CL000848,A8,health,online,2,1,1.9,10407.69,31.1,0
CL000849,A14,health,online,5,1,3.3,2009.91,36.3,0
CL000850,A17,motor,broker,5,1,8.2,7226.23,52.4,1
CL000851,A28,health,broker,1,3,2.7,335.92,15.7,0
CL000852,A18,motor,online,1,1,3.0,1252.88,16.8,0
CL000853,A8,property,online,3,1,1.1,2669.88,19.2,0
CL000854,A13,property,broker,1,1,5.6,3344.16,17.1,0
CL000855,A2,travel,broker,4,1,10.5,7041.65,44.2,1
CL000856,A21,motor,online,5,0,4.1,2635.11,29.2,0
CL000857,A14,property,phone,3,0,7.8,447.03,28.1,0
CL000858,A10,property,online,3,2,15.5,4117.78,41.4,1
CL000859,A0,motor,phone,5,0,7.5,11989.57,53.2,1
CL000860,A16,health,online,5,1,5.2,1811.69,27.3,0
CL000861,A6,health,broker,5,1,5.6,827.39,34.1,0
CL000862,A19,motor,online,4,1,9.3,2102.86,29.7,0
CL000863,A3,health,online,1,0,10.2,694.4,15.6,0
CL000864,A20,motor,online,2,1,9.9,829.75,20.5,0
CL000865,A10,motor,phone,1,0,5.8,1635.92,12.8,0
CL000866,A26,property,broker,5,0,2.0,618.14,31.1,0
CL000867,A26,motor,phone,1,2,18.3,2269.38,15.0,0
CL000868,A13,property,phone,3,1,2.5,1764.9,22.9,0
CL000869,A17,travel,online,5,0,35.7,14222.04,40.2,0
CL000870,A29,travel,online,4,0,16.5,2733.84,28.4,0
CL000871,A7,motor,online,3,1,2.4,8731.79,19.9,0
CL000872,A12,motor,phone,2,1,0.5,446.02,40.2,1
CL000873,A13,property,phone,1,1,2.9,1360.42,10.3,0
CL000874,A22,health,phone,4,1,0.2,5660.4,25.2,0
CL000875,A15,health,online,2,0,2.1,10035.46,17.7,0
CL000876,A26,health,phone,3,1,15.1,5089.8,22.6,0
CL000877,A18,property,broker,3,2,3.1,2333.63,27.3,0
CL000878,A16,health,online,3,0,10.9,576.26,24.3,0
CL000879,A1,motor,broker,1,0,18.9,1007.61,18.0,0
CL000880,A10,health,phone,5,0,0.7,2850.14,26.1,0
CL000881,A27,property,phone,5,0,3.7,10694.21,33.7,0
CL000882,A1,travel,online,2,1,6.4,2315.4,22.8,0
CL000883,A26,health,online,3,1,2.2,1803.32,20.1,0
CL000884,A23,property,broker,5,1,2.0,801.05,35.3,0
CL000885,A5,motor,online,4,1,10.0,6410.23,35.6,0
CL000886,A20,motor,broker,1,2,12.8,2684.43,20.5,0
CL000887,A29,health,broker,4,2,6.8,3037.53,26.4,0
CL000888,A28,motor,online,3,1,18.2,6623.93,49.1,1
CL000889,A22,property,phone,3,0,0.4,1224.6,28.5,0
CL000890,A14,health,phone,3,0,15.8,2698.97,50.4,1
CL000891,A10,travel,broker,3,1,3.1,7309.85,22.0,0
CL000892,A12,travel,phone,1,1,0.9,2833.57,11.1,0
CL000893,A7,motor,online,3,1,23.7,1654.23,44.5,1
CL000894,A22,motor,broker,2,1,6.6,3811.8,19.8,0
CL000895,A29,health,phone,1,2,20.2,517.91,22.4,0
CL000896,A13,motor,phone,2,0,5.6,2408.89,20.4,0
CL000897,A12,property,online,4,1,11.8,5086.58,44.9,1
CL000898,A24,travel,online,3,1,12.6,498.41,31.7,0
CL000899,A28,motor,broker,1,0,4.8,676.81,21.3,0
CL000900,A14,motor,phone,1,0,7.6,9492.98,22.6,0
CL000901,A13,health,online,1,1,16.7,1349.88,37.4,1
CL000902,A20,motor,broker,1,1,1.3,1742.52,13.7,0
CL000903,A10,motor,phone,5,1,7.6,3241.83,29.4,0
CL000904,A13,health,online,4,2,7.7,1986.5,46.7,0
CL000905,A27,health,phone,2,1,8.1,1146.14,17.4,0
CL000906,A1,motor,online,1,2,6.2,821.91,11.6,0
CL000907,A7,property,online,1,0,15.1,609.43,15.4,0
CL000908,A7,motor,phone,1,1,7.6,627.54,12.2,0
CL000909,A4,travel,online,5,0,10.6,2433.25,31.0,0
CL000910,A23,motor,online,1,2,10.1,3822.33,40.9,1
CL000911,A22,motor,broker,2,1,8.7,2180.48,37.4,0
CL000912,A22,motor,broker,4,1,26.6,8114.06,53.5,1
CL000913,A12,travel,phone,3,1,4.6,678.42,20.0,0
CL000914,A22,motor,phone,4,0,5.4,2539.1,24.6,0
CL000915,A26,motor,broker,2,0,10.1,3752.97,20.3,0
CL000916,A14,property,online,2,0,6.4,3251.39,16.1,0
CL000917,A27,motor,online,4,0,7.9,440.01,25.6,0
CL000918,A2,motor,phone,5,2,7.9,2767.58,56.6,1
CL000919,A16,motor,phone,5,0,8.0,4570.22,38.6,0
CL000920,A22,motor,online,2,1,5.4,316.47,17.3,0
CL000921,A0,motor,online,2,2,13.2,2910.7,16.9,0
CL000922,A20,motor,phone,4,0,3.2,2876.12,29.3,0
CL000923,A4,property,phone,5,0,7.5,1089.18,50.9,1
CL000924,A18,motor,online,1,1,11.4,1771.26,20.4,0
CL000925,A24,property,phone,4,0,1.4,1915.62,41.9,1
CL000926,A4,motor,online,5,1,13.3,2125.14,37.5,0
CL000927,A16,health,broker,2,0,49.9,1688.56,29.0,0
CL000928,A19,motor,phone,2,1,7.7,3135.76,16.6,0
CL000929,A14,motor,online,3,1,22.6,979.85,24.3,0
CL000930,A13,health,online,5,0,5.4,3389.82,36.2,0
CL000931,A2,motor,broker,2,2,14.4,2950.06,46.4,1
CL000932,A5,property,online,2,1,3.7,5370.32,15.6,0
CL000933,A10,motor,phone,5,1,6.9,6137.61,58.8,1
CL000934,A16,motor,broker,1,2,5.5,1941.58,15.4,0
CL000935,A21,motor,online,3,0,8.9,4303.02,23.7,0
CL000936,A7,health,online,4,0,11.3,1356.04,28.8,0
CL000937,A21,motor,online,5,0,0.8,2938.62,50.5,1
CL000938,A13,property,phone,1,1,2.8,1036.37,13.4,0
CL000939,A20,property,online,3,1,2.1,597.42,28.8,0
CL000940,A13,motor,online,4,2,17.1,4192.09,34.8,0
CL000941,A25,travel,phone,1,1,7.0,1455.87,12.6,0
CL000942,A15,travel,online,1,0,2.6,1041.89,19.4,0
CL000943,A19,property,phone,1,0,3.7,10540.7,12.6,0
CL000944,A1,property,phone,2,0,5.0,2203.28,20.7,0
CL000945,A15,property,online,3,0,10.4,886.85,23.0,0
CL000946,A24,motor,phone,4,2,1.7,2192.66,25.8,0
CL000947,A26,motor,online,3,2,28.2,4037.42,30.0,0
CL000948,A28,motor,online,5,1,4.7,3268.36,53.2,1
CL000949,A27,health,phone,4,1,3.7,2958.29,26.7,0
CL000950,A14,property,online,2,1,7.3,1568.56,26.6,0
CL000951,A9,property,broker,3,0,11.0,1342.2,27.3,0
CL000952,A5,health,online,3,1,6.4,6798.44,20.9,0
CL000953,A27,motor,phone,5,1,2.9,6650.22,35.4,0
CL000954,A13,motor,online,1,1,9.8,3013.16,19.5,0
CL000955,A2,travel,online,2,1,8.6,868.35,21.4,0
CL000956,A10,health,phone,5,1,10.5,2465.82,31.2,0
CL000957,A10,motor,online,3,0,12.1,1116.01,20.9,0
CL000958,A28,travel,broker,4,1,2.7,1894.99,21.9,0
CL000959,A3,health,online,2,1,4.9,593.91,19.9,0
CL000960,A19,motor,online,5,0,12.8,4096.33,43.3,0
CL000961,A6,motor,online,2,0,2.0,800.94,14.6,0
CL000962,A20,travel,phone,2,1,8.3,1149.66,18.6,0
CL000963,A21,motor,online,1,1,3.1,3090.09,12.3,0
CL000964,A14,motor,online,5,1,1.1,887.72,33.8,0
CL000965,A9,motor,online,4,0,1.5,877.78,27.2,0
CL000966,A15,motor,phone,1,0,14.1,3722.5,19.1,0
CL000967,A22,motor,online,3,1,2.2,2811.51,42.6,1
CL000968,A9,travel,online,2,0,14.1,698.99,17.7,0
CL000969,A3,motor,phone,2,1,5.9,810.03,15.9,0
CL000970,A18,property,phone,1,0,8.8,1323.48,12.1,0
CL000971,A4,travel,broker,1,1,17.5,2799.95,23.6,0
CL000972,A29,motor,phone,2,0,13.0,778.53,24.3,0
CL000973,A15,health,online,5,1,1.4,24682.92,27.6,0
CL000974,A13,motor,online,3,0,0.3,2329.65,46.9,1
CL000975,A19,health,online,4,0,3.7,1313.34,43.0,1
CL000976,A6,motor,phone,2,0,2.1,1969.19,15.2,0
CL000977,A20,property,online,4,1,5.6,3338.55,28.2,0
CL000978,A11,property,phone,2,0,20.0,2374.98,24.0,0
CL000979,A19,health,phone,2,1,0.1,677.27,15.0,0
CL000980,A20,motor,phone,2,2,1.3,910.1,17.7,0
CL000981,A23,property,online,4,0,18.8,820.61,30.6,0
CL000982,A8,health,phone,5,0,7.3,5134.48,34.0,0
CL000983,A26,health,online,5,1,27.4,789.87,34.7,0
CL000984,A12,property,broker,3,1,1.6,16563.73,18.9,0
CL000985,A0,property,online,5,2,0.5,1642.44,26.8,0
CL000986,A14,motor,online,3,1,26.4,530.34,25.3,0
CL000987,A11,motor,online,5,1,6.3,11880.18,27.7,0
CL000988,A5,property,phone,5,1,5.9,2535.64,30.0,0
CL000989,A10,travel,online,1,1,18.7,1543.75,20.9,0
CL000990,A15,motor,broker,5,3,16.4,1374.89,35.0,0
CL000991,A3,health,broker,5,1,10.6,1911.56,51.5,1
CL000992,A15,motor,phone,5,0,13.5,3915.47,34.4,0
CL000993,A25,health,phone,5,2,9.7,3241.5,29.8,0
CL000994,A13,health,online,4,2,2.7,4736.89,24.7,0
CL000995,A7,motor,phone,4,2,1.0,4755.35,24.5,0
CL000996,A27,health,online,2,0,0.8,1618.56,21.7,0
CL000997,A9,travel,online,2,1,6.1,1923.63,18.0,0
CL000998,A23,motor,phone,5,0,5.7,4770.53,29.4,0
CL000999,A19,property,online,2,2,1.3,2077.79,23.7,0
CL001000,A13,motor,online,5,0,9.4,388.96,51.2,1
CL001001,A25,property,online,4,1,6.0,15567.36,28.9,0
CL001002,A17,motor,online,2,1,13.6,1063.22,24.0,0
CL001003,A26,health,broker,4,0,11.4,3836.63,48.3,1
CL001004,A22,motor,phone,5,0,14.8,1396.66,35.1,0
CL001005,A18,health,phone,1,0,2.5,1809.44,14.4,0
CL001006,A12,health,online,5,3,4.0,2546.26,57.9,1
CL001007,A14,travel,phone,2,0,9.9,7130.05,20.2,0
CL001008,A10,motor,phone,3,1,21.9,4547.82,26.0,0
CL001009,A29,property,phone,4,2,7.4,2576.01,31.6,0
CL001010,A0,property,online,4,1,12.4,10383.74,28.7,0
CL001011,A4,motor,online,4,1,29.6,3432.97,41.2,0
CL001012,A13,property,online,1,1,4.4,1323.07,14.5,0
CL001013,A15,travel,phone,2,0,7.8,2029.63,38.1,1
CL001014,A7,motor,online,1,2,5.9,4907.15,17.7,0
CL001015,A26,health,online,1,1,10.8,4653.13,15.5,0
CL001016,A26,property,broker,3,0,8.3,304400.25,41.4,1
CL001017,A9,health,phone,2,1,10.7,3217.73,20.4,0
CL001018,A12,property,online,4,2,3.6,442.46,47.4,1
CL001019,A27,health,broker,4,1,2.6,2553.19,45.9,1
CL001020,A11,health,phone,5,1,24.4,5259.58,58.1,1
CL001021,A27,health,phone,1,0,0.3,852.55,23.0,0
CL001022,A1,motor,online,4,0,9.9,2722.13,27.5,0
CL001023,A16,motor,online,1,1,1.4,1320.76,14.6,0
CL001024,A21,travel,phone,1,1,3.9,810.07,14.9,0
CL001025,A19,motor,online,3,0,15.6,585.86,24.4,0
CL001026,A16,motor,phone,3,1,3.8,1672.21,23.8,0
CL001027,A25,motor,online,3,0,6.8,2837.24,20.3,0
CL001028,A12,motor,phone,3,0,4.3,1995.52,39.3,1
CL001029,A18,motor,online,1,1,10.5,5267.7,17.7,0
CL001030,A8,motor,online,1,0,3.5,355.28,14.6,0
CL001031,A11,property,phone,4,1,20.2,2111.37,26.6,0
CL001032,A22,property,online,1,1,9.2,1176.73,15.8,0
CL001033,A12,health,online,4,0,12.7,1713.33,25.3,0
CL001034,A4,property,online,2,0,9.3,2289.41,18.6,0
CL001035,A0,health,online,1,1,10.3,1100.36,16.7,0
CL001036,A4,property,broker,3,0,27.8,5992.88,26.6,0
CL001037,A0,property,phone,4,0,2.6,2950.04,26.9,0
CL001038,A28,motor,phone,2,0,1.8,3294.26,25.7,0
CL001039,A14,motor,online,4,3,22.6,5720.38,38.4,0
CL001040,A16,health,broker,5,1,4.9,3673.71,49.4,1
CL001041,A3,motor,broker,3,0,5.7,2069.42,26.5,0
CL001042,A23,health,online,5,2,13.5,3888.51,54.0,1
CL001043,A26,motor,online,2,0,0.9,8875.54,23.4,0
CL001044,A18,motor,broker,1,0,8.4,16652.62,22.3,0
CL001045,A17,motor,phone,5,2,28.6,1115.62,64.8,1
CL001046,A6,motor,phone,4,0,26.6,190.63,58.7,1
CL001047,A5,travel,online,4,1,1.4,331.54,23.8,0
CL001048,A16,property,online,4,1,2.3,3927.84,23.2,0
CL001049,A1,motor,broker,3,1,7.9,1110.74,50.8,1
CL001050,A13,motor,phone,5,1,7.2,1151.48,33.2,0
CL001051,A18,property,phone,2,1,4.3,415.34,18.1,0
CL001052,A17,motor,online,3,0,3.6,2875.89,47.0,1
CL001053,A6,motor,online,3,1,9.4,5674.92,20.3,0
CL001054,A4,travel,phone,1,2,10.9,175.88,13.8,0
CL001055,A8,motor,online,1,0,11.7,622.06,19.7,0
CL001056,A14,property,phone,1,0,3.4,776.36,20.3,0
CL001057,A8,travel,phone,2,1,23.2,611.3,21.7,0
CL001058,A11,property,online,3,0,4.8,238.6,22.3,0
CL001059,A21,travel,broker,3,0,2.4,1469.25,23.4,0
CL001060,A10,motor,phone,2,1,5.0,12735.75,21.3,0
CL001061,A0,property,online,4,1,16.2,8918.28,29.5,0
CL001062,A12,travel,online,3,1,6.4,1677.89,20.9,0
CL001063,A2,property,broker,4,0,3.8,2654.47,23.2,0
CL001064,A1,motor,online,1,0,6.5,880.85,16.4,0
CL001065,A0,travel,online,3,1,7.2,2768.17,25.3,0
CL001066,A29,motor,phone,4,1,5.5,4153.98,46.3,1
CL001067,A25,health,online,4,0,2.8,547.19,30.1,0
CL001068,A20,property,online,1,0,11.4,897.99,23.0,0
CL001069,A22,motor,online,4,0,14.1,786.78,26.2,0
CL001070,A10,health,online,5,1,5.2,10400.31,28.7,0
CL001071,A9,motor,online,2,3,0.9,3194.38,18.0,0
CL001072,A0,property,online,2,2,4.2,9319.37,19.7,0
CL001073,A7,health,online,1,2,15.4,4742.23,25.0,0
CL001074,A13,property,online,2,0,7.5,1445.35,26.2,0
CL001075,A23,motor,phone,3,0,2.3,1538.02,20.5,0
CL001076,A25,motor,broker,1,0,7.4,435.07,19.8,0
CL001077,A6,motor,phone,5,2,3.5,3129.48,35.7,0
CL001078,A18,property,broker,1,0,11.0,1278.22,13.6,0
CL001079,A3,health,phone,3,1,0.7,2154.16,27.1,0
CL001080,A3,motor,online,5,0,6.7,1507.61,40.4,0
CL001081,A6,motor,phone,4,2,0.6,4262.77,31.8,0
CL001082,A19,property,online,1,1,5.9,2319.8,11.8,0
CL001083,A5,travel,broker,1,0,10.0,1095.04,33.7,0
CL001084,A26,motor,online,1,2,3.8,3810.71,17.1,0
CL001085,A8,motor,phone,4,0,25.5,965.89,48.5,1
CL001086,A25,property,online,5,0,2.4,3034.15,29.4,0
CL001087,A0,motor,online,4,2,15.3,1493.57,32.0,0
CL001088,A25,property,online,4,1,11.9,3581.64,33.8,0
CL001089,A8,health,online,3,1,20.2,3595.9,24.6,0
CL001090,A13,health,phone,3,2,7.9,4449.55,27.8,0
CL001091,A18,motor,online,1,1,14.3,1558.95,18.2,0
CL001092,A5,health,phone,2,0,1.1,1524.74,14.7,0
CL001093,A9,motor,online,5,1,13.6,7383.23,33.6,0
CL001094,A26,motor,online,4,0,2.8,490.84,28.9,0
CL001095,A23,motor,online,4,1,31.2,1132.26,29.8,0
CL001096,A27,property,online,3,1,3.5,3561.98,18.5,0
CL001097,A11,health,broker,2,0,8.3,2109.83,21.5,0
CL001098,A19,travel,online,3,0,2.6,404.14,21.4,0
CL001099,A25,motor,phone,4,0,4.6,3150.85,31.9,0
CL001100,A13,property,online,5,0,12.6,2584.74,36.6,0
CL001101,A28,motor,online,1,2,19.9,5085.01,19.2,0
CL001102,A22,travel,broker,4,0,2.9,14742.83,26.2,0
CL001103,A28,health,phone,1,1,0.5,4111.03,16.5,0
CL001104,A19,travel,online,5,1,14.8,3014.15,31.6,0
CL001105,A14,motor,phone,4,1,15.1,3409.3,49.4,1
CL001106,A8,motor,phone,4,2,1.5,929.98,29.5,0
CL001107,A13,travel,online,1,0,23.2,1071.39,17.8,0
CL001108,A18,health,broker,1,0,5.5,2377.92,12.7,0
CL001109,A29,motor,online,5,1,6.3,1503.28,34.5,0
CL001110,A3,motor,phone,5,0,6.7,1254.72,29.3,0
CL001111,A10,motor,online,3,2,11.2,161752.5,45.2,1
CL001112,A19,property,online,4,0,9.3,1533.32,25.0,0
CL001113,A29,motor,online,2,1,2.4,3829.47,15.4,0
CL001114,A3,motor,online,1,0,2.3,1133.32,13.7,0
CL001115,A27,health,broker,4,1,14.5,8664.46,29.4,0
CL001116,A17,health,phone,3,2,7.9,2313.43,22.6,0
CL001117,A6,property,phone,1,0,1.1,861.59,14.2,0
CL001118,A25,property,online,2,0,16.7,1536.64,20.5,0
CL001119,A19,health,phone,2,1,12.1,906.77,20.1,0
CL001120,A21,property,phone,4,1,7.2,3082.03,45.9,1
CL001121,A8,motor,online,1,0,0.7,1916.42,12.8,0
CL001122,A6,property,phone,2,0,8.2,1301.91,23.6,0
CL001123,A10,health,online,1,0,8.9,1262.3,14.2,0
CL001124,A16,property,broker,5,1,12.2,1932.03,36.2,0
CL001125,A3,property,phone,2,3,9.6,332.29,25.5,0
CL001126,A21,property,online,5,0,2.2,1900.12,47.8,1
CL001127,A20,health,online,5,3,6.0,3618.48,31.3,0
CL001128,A2,property,broker,1,1,21.5,5209.01,16.4,0
CL001129,A3,motor,online,4,1,2.7,447.3,22.8,0
CL001130,A25,motor,phone,4,0,28.5,523.54,51.6,1
CL001131,A17,motor,broker,4,0,4.3,5310.7,48.0,1
CL001132,A0,motor,online,1,2,8.3,1228.65,16.1,0
CL001133,A23,motor,online,3,1,23.3,620.6,28.8,0
CL001134,A3,motor,online,5,0,1.8,10954.87,34.5,0
CL001135,A28,health,phone,3,2,3.5,15564.63,19.3,0
CL001136,A3,travel,phone,5,0,19.7,875.84,37.5,0
CL001137,A1,health,online,2,3,3.2,529.6,15.8,0
CL001138,A22,health,phone,2,1,4.5,906.91,41.0,1
CL001139,A2,property,phone,1,0,2.6,3703.73,36.2,1
CL001140,A7,motor,broker,3,0,6.8,1781.91,26.2,0
CL001141,A10,travel,broker,1,1,21.6,2430.08,21.3,0
CL001142,A18,travel,online,3,1,2.8,2922.69,24.6,0
CL001143,A15,property,phone,4,0,7.6,2763.95,28.9,0
CL001144,A4,health,online,3,0,5.2,18399.9,23.8,0
CL001145,A7,property,phone,2,0,25.0,2879.17,25.1,0
CL001146,A14,health,phone,1,1,18.7,1769.54,22.2,0
CL001147,A21,health,online,2,1,9.7,795.81,22.5,0
CL001148,A27,motor,phone,2,0,1.1,2588.23,16.5,0
CL001149,A3,motor,online,2,0,4.7,972.03,35.4,1
CL001150,A23,health,phone,2,0,4.5,2133.42,17.7,0
CL001151,A18,motor,phone,2,0,27.9,2604.59,27.8,0
CL001152,A28,motor,online,1,1,7.7,4471.22,16.2,0
CL001153,A5,property,online,5,0,1.0,20437.67,36.4,0
CL001154,A13,property,phone,5,0,16.3,2364.49,55.3,0
CL001155,A26,health,online,1,1,7.0,1525.41,15.0,0
CL001156,A26,property,phone,4,0,7.3,1985.02,28.5,0
CL001157,A29,health,online,4,1,11.7,1544.58,35.3,0
CL001158,A7,motor,online,5,1,9.6,3106.15,49.4,1
CL001159,A11,motor,phone,2,0,5.0,1992.03,19.3,0
CL001160,A12,motor,broker,1,0,4.7,3885.37,17.3,0
CL001161,A3,travel,broker,5,0,0.2,490.75,31.5,0
CL001162,A6,property,broker,1,2,18.7,4219.5,17.3,0
CL001163,A0,travel,online,2,0,15.1,1115.36,20.3,0
CL001164,A18,motor,online,5,0,4.0,5504.62,26.5,0
CL001165,A11,travel,online,5,0,13.5,633.96,40.7,0
CL001166,A6,health,phone,5,1,5.7,3262.93,29.7,0
CL001167,A4,travel,online,3,2,5.8,6759.0,21.3,0
CL001168,A18,health,online,3,0,1.1,3924.3,20.8,0
CL001169,A28,motor,phone,1,1,11.0,860.5,22.6,0
CL001170,A10,travel,phone,5,0,3.6,1183.92,29.3,0
CL001171,A2,motor,online,3,2,9.1,993.45,21.8,0
CL001172,A26,motor,phone,5,0,6.0,7334.39,28.3,0
CL001173,A17,motor,broker,2,0,12.3,5722.97,18.5,0
CL001174,A17,travel,phone,3,0,1.0,956.81,23.6,0
CL001175,A13,motor,phone,4,0,1.2,3560.73,46.7,1
CL001176,A14,health,phone,5,2,6.8,5264.19,32.3,0
CL001177,A8,property,broker,3,3,9.6,331.75,31.9,0
CL001178,A26,motor,online,1,0,8.2,1564.26,20.3,0
CL001179,A23,property,broker,4,2,5.6,2886.54,37.3,0
CL001180,A19,motor,broker,3,3,17.8,1155.44,49.1,1
CL001181,A4,travel,online,2,0,3.7,1909.37,25.9,0
CL001182,A6,health,phone,3,1,0.4,3240.48,20.4,0
CL001183,A29,health,phone,3,1,4.3,1357.23,24.9,0
CL001184,A9,property,phone,5,0,18.2,4807.88,31.7,0
CL001185,A10,health,phone,3,0,13.3,1931.16,41.0,1
CL001186,A22,health,broker,1,3,21.1,2433.56,20.6,0
CL001187,A11,motor,online,3,0,34.3,2971.21,56.4,1
CL001188,A13,health,phone,2,0,4.4,1487.53,18.2,0
CL001189,A23,health,online,2,0,4.5,3215.62,24.9,0
CL001190,A26,property,online,2,1,3.7,3213.52,18.5,0
CL001191,A22,property,phone,1,0,35.2,1445.85,27.3,0
CL001192,A16,motor,phone,4,1,2.9,3361.77,44.4,1
CL001193,A26,health,online,4,1,15.3,751.71,27.7,0
CL001194,A22,motor,online,5,1,4.0,14400.88,30.4,0
CL001195,A10,travel,broker,5,2,0.8,3508.64,57.3,1
CL001196,A29,travel,online,3,1,4.4,9343.33,48.2,1
CL001197,A13,property,online,4,2,6.4,1247.52,54.6,1
CL001198,A11,property,online,5,0,2.5,1832.29,37.3,0
CL001199,A20,motor,online,3,2,5.7,2480.95,41.6,1
CL001200,A6,health,phone,2,0,5.8,13119.84,42.4,1
CL001201,A18,motor,online,2,1,26.9,3350.03,20.5,0
CL001202,A5,travel,phone,5,2,11.6,4657.04,51.8,1
CL001203,A22,travel,online,3,0,4.0,1308.07,27.0,0
CL001204,A11,property,phone,5,1,24.6,3393.28,33.2,0
CL001205,A20,health,phone,5,0,19.1,4401.16,45.0,0
CL001206,A11,property,online,1,0,10.3,1147.77,39.7,1
CL001207,A15,health,online,4,0,2.2,1248.65,35.2,0
CL001208,A7,health,phone,5,1,1.9,3239.87,30.9,0
CL001209,A15,motor,phone,5,0,1.1,2494.23,27.1,0
CL001210,A29,motor,online,2,0,21.7,4299.89,19.5,0
CL001211,A14,motor,broker,3,1,6.4,1068.76,33.4,0
CL001212,A26,health,phone,3,2,2.1,2369.17,19.7,0
CL001213,A21,motor,online,1,0,2.9,1390.08,12.0,0
CL001214,A6,motor,phone,5,1,10.6,1880.2,33.7,0
CL001215,A20,motor,online,3,3,5.5,3040.7,42.0,1
CL001216,A5,motor,phone,1,0,36.6,1101.49,26.7,0
CL001217,A6,motor,phone,1,0,3.0,12745.87,20.5,0
CL001218,A21,motor,broker,1,2,2.4,307.96,17.7,0
CL001219,A25,health,phone,4,0,3.6,1459.19,27.3,0
CL001220,A4,property,broker,5,1,3.3,6588.97,33.1,0
CL001221,A7,travel,phone,3,1,6.4,604.46,29.5,0
CL001222,A23,property,phone,1,1,5.0,167.59,22.5,0
CL001223,A23,health,phone,3,1,13.3,1275.26,36.3,0
CL001224,A0,property,online,3,1,5.1,4577.89,27.4,0
CL001225,A10,motor,phone,1,1,5.7,2475.45,10.9,0
CL001226,A6,health,phone,3,0,2.5,1955.66,20.2,0
CL001227,A24,motor,online,4,1,5.7,4142.54,41.1,0
CL001228,A11,property,online,2,0,11.2,1817.04,38.1,1
CL001229,A28,health,online,1,2,12.6,439.93,19.9,0
CL001230,A23,property,broker,4,1,3.8,2473.41,25.9,0
CL001231,A25,travel,online,1,0,3.6,518.97,23.3,0
CL001232,A26,property,online,4,1,7.1,1042.38,28.8,0
CL001233,A11,property,broker,4,2,3.1,2787.08,26.8,0
CL001234,A12,property,phone,4,3,5.7,1257.34,38.5,0
CL001235,A15,health,online,4,2,18.7,5490.09,64.5,1
CL001236,A4,property,broker,5,1,15.5,5678.3,35.6,0
CL001237,A27,health,phone,4,1,8.7,1297.47,32.6,0
CL001238,A15,property,phone,2,0,3.5,306.1,20.0,0
CL001239,A0,motor,phone,2,1,21.5,939.83,25.7,0
CL001240,A13,health,online,5,2,6.0,3237.89,29.1,0
CL001241,A8,property,online,3,1,5.5,4502.33,19.0,0
CL001242,A2,travel,phone,2,3,11.3,1087.88,22.5,0
CL001243,A24,health,phone,4,1,14.1,1695.28,34.7,0
CL001244,A21,motor,online,4,0,0.5,16828.16,25.3,0
CL001245,A2,property,phone,5,0,1.4,1625.06,30.4,0
CL001246,A23,property,broker,3,2,15.5,1392.19,42.2,1
CL001247,A3,motor,online,2,1,11.5,3026.89,19.2,0
CL001248,A4,motor,phone,2,0,0.7,2844.49,19.7,0
CL001249,A8,property,broker,2,1,3.6,977.13,22.7,0
CL001250,A11,travel,phone,1,0,21.2,338.28,21.4,0
CL001251,A3,property,phone,5,1,14.3,1161.37,30.1,0
CL001252,A16,property,broker,1,2,16.5,1854.79,17.8,0
CL001253,A17,motor,phone,4,0,10.0,2620.01,45.3,1
CL001254,A21,property,online,5,0,1.0,5016.84,33.8,0
CL001255,A17,property,online,1,0,5.0,10920.14,21.7,0
CL001256,A27,health,phone,5,0,16.6,1833.91,58.1,1
CL001257,A24,property,broker,5,1,25.8,1475.7,41.3,0
CL001258,A7,motor,online,4,0,2.7,922.34,26.6,0
CL001259,A1,motor,broker,4,0,19.6,2065.66,53.6,1
CL001260,A14,travel,phone,5,3,1.7,6594.95,37.3,0
CL001261,A19,property,broker,4,1,3.4,4057.26,25.6,0
CL001262,A12,motor,phone,1,0,1.3,1580.02,10.4,0
CL001263,A12,travel,phone,4,1,16.5,4477.44,29.7,0
CL001264,A20,health,online,5,0,17.3,12892.34,56.1,1
CL001265,A26,motor,broker,4,2,42.1,12039.07,33.6,0
CL001266,A20,motor,online,4,1,3.5,2367.08,26.8,0
CL001267,A21,health,online,1,2,4.2,2946.92,12.9,0
CL001268,A3,travel,online,3,2,2.8,3198.41,21.2,0
CL001269,A12,motor,broker,5,0,4.1,4727.26,29.6,0
CL001270,A10,health,phone,5,1,9.2,1953.51,55.5,1
CL001271,A14,motor,phone,3,0,7.4,480.99,31.0,0
CL001272,A6,motor,online,5,1,22.4,4936.09,37.6,0
CL001273,A14,motor,online,3,0,4.6,1907.08,26.8,0
CL001274,A2,motor,online,5,0,6.7,1172.92,29.9,0
CL001275,A4,health,broker,1,1,1.7,4396.08,16.6,0
CL001276,A27,motor,online,2,3,1.7,1215.5,31.3,0
CL001277,A17,health,online,1,0,5.1,1055.1,14.5,0
CL001278,A8,travel,online,1,0,14.4,5940.97,16.2,0
CL001279,A14,motor,phone,4,1,11.6,1266.72,25.3,0
CL001280,A27,motor,online,5,0,16.3,3799.65,32.5,0
CL001281,A26,health,online,5,0,10.3,921.07,31.3,0
CL001282,A0,property,broker,2,0,5.1,1442.65,28.6,0
CL001283,A22,health,phone,5,2,19.8,3883.46,53.5,1
CL001284,A5,motor,online,1,0,5.8,2481.77,12.9,0
CL001285,A22,motor,phone,3,2,8.8,3076.13,26.3,0
CL001286,A12,health,online,5,1,1.6,3708.06,33.4,0
CL001287,A23,health,online,2,0,4.1,1664.74,23.7,0
CL001288,A26,motor,broker,4,0,14.4,10068.65,34.3,0
CL001289,A1,motor,online,5,1,2.1,1234.83,33.8,0
CL001290,A20,property,online,4,0,16.4,2396.08,33.9,0
CL001291,A14,travel,online,2,1,32.0,17058.22,22.5,0
CL001292,A24,motor,online,1,2,2.9,4502.58,16.1,0
CL001293,A5,motor,phone,4,0,5.0,1908.15,30.2,0
CL001294,A25,motor,phone,3,1,25.6,8191.12,26.2,0
CL001295,A9,motor,phone,3,0,20.9,966.82,28.6,0
CL001296,A26,motor,online,3,2,15.6,3256.23,29.6,0
CL001297,A28,property,phone,5,0,35.2,2085.4,34.1,0
CL001298,A8,property,phone,3,0,3.5,1604.82,32.3,0
CL001299,A28,motor,broker,1,1,1.4,1524.4,10.6,0
CL001300,A4,travel,online,2,3,0.3,7486.39,26.8,0
CL001301,A25,motor,online,5,0,9.3,12392.96,54.0,1
CL001302,A4,health,phone,3,2,0.1,951.2,18.6,0
CL001303,A19,property,phone,5,0,7.2,1542.05,31.4,0
CL001304,A10,motor,phone,3,0,1.1,2246.89,19.6,0
CL001305,A21,motor,online,2,1,37.8,1982.0,24.4,0
CL001306,A29,health,phone,2,2,12.1,1055.34,19.5,0
CL001307,A5,health,online,1,1,0.3,2140.84,15.5,0
CL001308,A4,health,broker,4,2,4.2,15495.99,47.5,1
CL001309,A21,motor,online,2,0,9.5,2491.4,21.6,0
CL001310,A26,motor,online,1,1,7.3,881.31,18.4,0
CL001311,A18,property,phone,2,0,2.7,1074.01,23.9,0
CL001312,A0,motor,online,4,1,10.3,2256.69,28.2,0
CL001313,A12,health,online,1,1,11.1,1082.74,29.7,0
CL001314,A29,motor,phone,1,1,17.2,2288.51,16.0,0
CL001315,A22,health,broker,3,1,2.1,10559.28,18.0,0
CL001316,A24,health,phone,1,0,17.5,2304.63,21.2,0
CL001317,A7,health,online,4,0,2.4,2112.05,23.9,0
CL001318,A26,motor,broker,5,1,8.5,550.6,33.0,0
CL001319,A24,motor,online,4,1,8.7,13470.45,28.1,0
CL001320,A4,motor,phone,4,1,2.1,3734.01,43.7,1
CL001321,A26,property,online,5,0,4.6,6455.45,29.6,0
CL001322,A4,health,online,1,0,3.6,1151.77,22.2,0
CL001323,A16,motor,phone,3,1,11.4,1839.19,22.2,0
CL001324,A22,motor,online,4,2,1.4,241.34,25.2,0
CL001325,A29,property,broker,2,1,12.6,663.2,40.0,1
CL001326,A29,motor,phone,2,1,6.6,2686.41,17.9,0
CL001327,A8,motor,online,5,1,2.8,1750.7,26.6,0
CL001328,A9,motor,online,2,1,14.4,6551.72,49.2,1
CL001329,A25,travel,phone,2,0,5.2,11016.47,26.9,0
CL001330,A13,property,phone,3,1,13.3,1516.7,24.1,0
CL001331,A19,motor,phone,2,0,3.0,2713.06,19.3,0
CL001332,A3,motor,online,4,1,16.1,1755.51,30.2,0
CL001333,A15,motor,phone,3,4,8.5,1952.13,25.6,0
CL001334,A21,property,phone,3,2,15.6,890.57,46.4,1
CL001335,A23,property,online,5,1,16.9,1398.81,52.3,1
CL001336,A21,motor,online,2,2,2.1,1064.99,24.2,0
CL001337,A5,motor,online,2,2,4.8,1304.4,16.3,0
CL001338,A16,health,broker,1,3,11.1,264.4,18.3,0
CL001339,A15,motor,online,5,1,4.7,2885.21,28.8,0
CL001340,A21,motor,phone,1,1,2.3,4095.92,19.0,0
CL001341,A6,property,phone,1,1,12.5,717.45,12.5,0
CL001342,A13,health,online,5,3,9.0,5363.14,34.0,0
CL001343,A17,travel,online,2,0,15.2,14197.55,27.6,0
CL001344,A15,motor,online,1,1,5.9,395.17,38.4,1
CL001345,A22,motor,phone,5,0,7.3,3524.98,28.9,0
CL001346,A21,health,phone,5,1,12.2,25617.61,57.5,1
CL001347,A19,travel,online,2,1,15.5,531.14,18.4,0
CL001348,A8,travel,phone,5,2,13.8,3703.81,51.4,1
CL001349,A14,health,phone,4,0,21.9,185.39,36.5,0
CL001350,A16,travel,online,1,1,0.3,2686.53,13.9,0
CL001351,A26,health,online,2,2,9.4,1894.98,17.3,0
CL001352,A26,motor,phone,5,2,2.9,946.74,32.5,0
CL001353,A24,motor,broker,5,1,26.1,3582.01,81.1,1
CL001354,A28,health,online,1,3,1.1,1100.18,18.6,0
CL001355,A26,health,online,2,1,4.3,534.59,17.1,0
CL001356,A3,property,online,5,0,7.0,2221.56,33.3,0
CL001357,A21,property,phone,2,1,11.2,379.52,21.6,0
CL001358,A16,health,broker,1,1,18.3,851.19,15.5,0
CL001359,A17,property,online,5,2,9.8,1962.27,32.1,0
CL001360,A10,motor,online,5,0,12.8,4586.79,34.0,0
CL001361,A1,health,online,4,1,1.9,3984.2,73.4,1
CL001362,A17,property,phone,3,1,6.3,1504.05,34.2,0
CL001363,A26,motor,online,3,1,7.5,1887.09,40.7,0
CL001364,A8,property,phone,3,0,3.1,2204.14,21.9,0
CL001365,A16,health,online,5,0,4.3,20906.7,33.3,0
CL001366,A17,motor,broker,5,2,23.1,3469.13,75.4,1
CL001367,A18,motor,broker,2,1,15.9,3893.83,18.5,0
CL001368,A8,travel,online,1,1,1.4,1183.83,12.9,0
CL001369,A13,property,phone,1,0,2.0,1179.87,12.1,0
CL001370,A19,motor,phone,4,1,6.2,5537.33,37.0,0
CL001371,A26,health,phone,1,0,21.5,1295.8,16.0,0
CL001372,A28,property,phone,1,0,22.5,1471.51,17.9,0
CL001373,A16,motor,phone,1,3,2.0,2125.53,14.2,0
CL001374,A2,property,broker,5,1,1.3,3013.18,47.9,1
CL001375,A26,health,phone,3,3,17.3,1860.69,33.9,0
CL001376,A2,property,online,4,1,13.7,182512.25,37.3,0
CL001377,A1,travel,phone,5,2,13.3,6477.32,48.6,1
CL001378,A1,motor,phone,1,1,5.5,1898.01,13.8,0
CL001379,A22,travel,online,1,0,15.1,2530.28,23.8,0
CL001380,A27,property,broker,5,1,16.5,2668.73,51.5,1
CL001381,A1,property,broker,3,2,13.8,407.94,27.3,0
CL001382,A28,health,online,3,1,5.1,1713.97,32.5,0
CL001383,A23,health,phone,5,0,13.9,1830.23,34.5,0
CL001384,A10,motor,online,4,0,17.4,3655.12,29.2,0
CL001385,A24,motor,online,4,2,13.5,5050.72,48.2,1
CL001386,A5,travel,phone,4,2,12.3,700.87,27.9,0
CL001387,A25,property,online,3,2,6.9,7384.74,21.0,0
CL001388,A5,property,broker,2,2,1.9,637.83,28.3,0
CL001389,A5,motor,phone,3,1,4.7,1385.81,29.7,0
CL001390,A16,motor,phone,1,0,6.0,8645.27,18.7,0
CL001391,A25,travel,broker,5,1,8.8,2489.09,32.8,0
CL001392,A0,motor,phone,2,1,2.5,656.13,22.3,0
CL001393,A10,health,broker,2,1,9.4,1409.62,21.2,0
CL001394,A27,motor,phone,4,1,22.0,1271.52,29.4,0
CL001395,A15,health,phone,1,2,2.6,306.7,13.5,0
CL001396,A29,property,online,5,4,17.6,9211.31,47.9,0
CL001397,A12,property,online,2,1,10.2,1475.06,21.7,0
CL001398,A4,property,broker,3,1,5.4,8232.07,43.5,1
CL001399,A27,property,broker,2,0,14.7,1202.49,40.5,1
CL001400,A12,property,broker,4,0,6.3,2500.55,25.9,0
CL001401,A14,property,online,4,2,17.7,5187.6,59.8,1
CL001402,A15,health,online,2,2,1.1,1923.41,16.8,0
CL001403,A1,property,phone,4,1,9.0,9035.33,31.0,0
CL001404,A26,motor,online,1,2,15.1,935.44,21.7,0
CL001405,A22,travel,broker,3,1,7.3,3188.17,43.6,1
CL001406,A25,property,broker,1,0,16.7,1111.68,37.5,1
CL001407,A22,property,broker,5,4,2.1,9298.19,46.2,1
CL001408,A28,health,phone,4,0,3.2,5105.35,45.6,1
CL001409,A6,health,phone,1,2,7.5,2331.18,21.2,0
CL001410,A3,travel,phone,2,3,5.9,674.56,42.0,1
CL001411,A5,motor,online,1,0,10.0,2098.28,19.8,0
CL001412,A7,health,online,3,1,8.3,6473.9,39.7,1
CL001413,A27,property,phone,3,1,1.3,4669.21,24.0,0
CL001414,A28,health,online,4,2,0.2,895.38,25.8,0
CL001415,A27,motor,phone,1,1,7.5,220.42,15.1,0
CL001416,A3,travel,phone,3,3,5.0,13248.64,24.4,0
CL001417,A27,property,online,4,0,1.7,2824.89,25.3,0
CL001418,A0,health,broker,5,1,7.9,285.18,47.7,1
CL001419,A28,travel,phone,4,3,13.3,5238.68,25.1,0
CL001420,A19,motor,online,2,0,11.8,8114.3,16.8,0
CL001421,A27,property,online,4,0,6.2,1051.6,23.5,0
CL001422,A12,motor,online,2,1,6.2,10686.84,27.9,0
CL001423,A8,health,online,4,2,25.4,1465.93,61.3,1
CL001424,A9,health,online,5,0,4.5,1840.96,37.6,0
CL001425,A23,property,phone,4,0,1.6,1418.47,43.1,1
CL001426,A20,motor,broker,3,0,2.7,5443.78,24.6,0
CL001427,A18,motor,phone,2,0,12.6,911.37,19.8,0
CL001428,A10,health,phone,2,1,1.9,373.97,19.7,0
CL001429,A3,property,phone,3,2,5.9,4410.01,23.1,0
CL001430,A14,property,online,3,0,0.5,8059.06,26.0,0
CL001431,A8,travel,broker,1,1,7.3,442.44,21.3,0
CL001432,A10,property,phone,4,2,4.8,1422.64,29.4,0
CL001433,A1,health,online,2,1,5.6,285.94,19.2,0
CL001434,A5,motor,online,4,1,2.1,2250.45,50.4,1
CL001435,A28,property,phone,4,0,3.4,1466.1,34.1,0
CL001436,A6,motor,broker,2,1,18.9,13094.72,22.9,0
CL001437,A28,property,broker,3,1,4.3,71588.25,20.9,0
CL001438,A4,health,broker,3,3,9.8,2248.09,24.5,0
CL001439,A27,motor,phone,4,1,6.1,9653.22,24.9,0
CL001440,A0,property,phone,5,0,0.1,3029.04,50.4,1
CL001441,A8,motor,phone,5,0,21.8,3735.43,33.9,0
CL001442,A28,travel,phone,3,1,4.0,4791.04,21.2,0
CL001443,A29,motor,phone,3,0,11.3,472.48,24.2,0
CL001444,A15,motor,broker,3,3,7.0,1187.65,43.8,1
CL001445,A24,motor,online,3,2,24.2,1419.59,32.0,0
CL001446,A29,health,broker,4,0,5.2,8471.88,26.9,0
CL001447,A11,health,broker,3,0,9.9,1571.48,27.5,0
CL001448,A29,motor,online,1,1,4.7,1929.43,14.2,0
CL001449,A10,property,online,1,0,6.1,4153.37,33.2,1
CL001450,A8,motor,online,5,0,21.7,2251.82,39.5,0
CL001451,A7,motor,broker,1,3,4.5,1860.39,14.6,0
CL001452,A2,property,phone,2,1,33.7,7353.66,36.1,0
CL001453,A9,motor,online,3,1,5.4,369.8,21.5,0
CL001454,A2,motor,broker,5,0,7.2,8086.63,29.1,0
CL001455,A24,travel,online,4,2,11.2,3460.34,31.3,0
CL001456,A29,property,online,3,1,15.8,3197.22,33.1,0
CL001457,A26,health,online,2,0,15.7,258.56,43.5,1
CL001458,A20,property,phone,2,0,23.0,19595.89,19.9,0
CL001459,A16,motor,online,1,1,0.6,1026.43,12.1,0
CL001460,A24,motor,online,2,1,4.0,2098.45,20.6,0
CL001461,A6,motor,online,2,1,14.9,2453.95,23.1,0
CL001462,A1,motor,online,4,1,8.4,889.7,26.2,0
CL001463,A23,property,phone,4,1,8.7,4829.51,26.2,0
CL001464,A1,property,online,1,1,14.9,2853.21,20.1,0
CL001465,A4,motor,broker,3,1,2.4,1052.9,26.3,0
CL001466,A26,property,phone,1,1,26.8,4764.05,22.5,0
CL001467,A5,motor,broker,1,2,11.5,2399.85,13.4,0
CL001468,A25,property,phone,5,0,9.0,1587.8,28.4,0
CL001469,A21,motor,online,3,2,0.3,3243.98,40.8,1
CL001470,A11,health,phone,2,1,3.9,714.74,27.5,0
CL001471,A6,motor,phone,5,1,7.0,2774.71,39.1,0
CL001472,A16,property,phone,4,0,4.4,2282.79,30.7,0
CL001473,A24,motor,online,3,1,8.9,17174.25,26.8,0
CL001474,A26,motor,broker,4,0,2.7,1570.67,22.7,0
CL001475,A5,motor,phone,4,0,1.7,246.89,25.6,0
CL001476,A29,motor,online,5,2,3.2,1840.4,52.5,1
CL001477,A13,health,broker,3,1,0.4,6503.73,34.2,0
CL001478,A7,health,broker,3,2,12.7,2761.11,22.0,0
CL001479,A15,motor,online,1,2,8.4,1650.39,14.2,0
CL001480,A16,travel,online,3,1,6.1,963.16,24.3,0
CL001481,A5,travel,phone,2,0,4.3,3252.56,17.5,0
CL001482,A8,health,online,5,0,9.0,7737.33,31.5,0
CL001483,A8,motor,online,5,1,9.0,781.66,34.0,0
CL001484,A2,motor,phone,4,0,14.1,2987.1,53.7,1
CL001485,A14,health,phone,4,1,6.2,553.88,26.6,0
CL001486,A21,motor,online,5,0,2.8,5028.15,27.3,0
CL001487,A17,property,phone,3,2,11.4,1072.73,43.4,1
CL001488,A23,motor,online,4,0,14.1,910.54,31.3,0
CL001489,A0,health,phone,4,1,2.9,810.44,23.9,0
CL001490,A24,motor,online,1,0,21.5,801.46,17.0,0
CL001491,A18,property,online,3,1,6.5,2920.96,22.8,0
CL001492,A24,motor,online,5,0,9.1,1828.45,31.9,0
CL001493,A21,motor,phone,4,1,1.2,7829.9,30.3,0
CL001494,A10,motor,online,1,0,5.8,2971.3,11.8,0
CL001495,A9,motor,broker,3,1,3.5,7457.18,41.2,1
CL001496,A23,property,online,4,0,8.7,5085.65,31.0,0
CL001497,A8,health,phone,4,1,0.7,4616.46,30.4,0
CL001498,A25,motor,phone,4,0,6.0,8863.23,28.5,0
CL001499,A3,property,phone,5,0,18.6,3086.78,37.7,0
CL001500,A27,property,broker,2,1,2.4,1686.88,45.9,1
CL001501,A4,motor,phone,5,1,6.8,11454.19,32.9,0
CL001502,A18,property,online,2,0,8.3,2151.38,23.3,0
CL001503,A8,motor,broker,2,1,4.1,1150.98,20.3,0
CL001504,A4,property,online,2,0,5.3,1624.53,21.7,0
CL001505,A2,motor,phone,3,2,6.6,1878.18,20.6,0
CL001506,A16,motor,online,3,0,7.6,7410.55,25.1,0
CL001507,A26,health,phone,3,0,6.3,4177.47,31.3,0
CL001508,A20,motor,phone,3,1,1.7,2052.58,20.5,0
CL001509,A15,property,online,2,0,27.5,5297.16,22.3,0
CL001510,A18,motor,phone,4,2,7.2,272392.75,29.2,0
CL001511,A0,motor,online,3,0,10.8,851.39,29.4,0
CL001512,A1,motor,phone,5,2,1.2,7811.88,38.1,0
CL001513,A11,property,online,4,1,3.6,6583.75,26.7,0
CL001514,A27,travel,online,5,1,13.1,6770.28,32.9,0
CL001515,A21,motor,online,3,0,6.1,9434.15,22.0,0
CL001516,A3,motor,online,1,1,13.4,476.42,15.6,0
CL001517,A22,motor,phone,2,1,4.2,6344.36,21.7,0
CL001518,A22,health,broker,4,1,16.4,4531.6,49.0,1
CL001519,A27,health,phone,2,0,1.0,1560.04,21.5,0
CL001520,A27,property,phone,2,0,7.6,1010.8,20.1,0
CL001521,A19,motor,phone,1,1,8.6,2677.72,14.2,0
CL001522,A13,motor,online,1,0,4.5,787.75,16.2,0
CL001523,A23,property,online,3,3,10.2,1899.81,24.8,0
CL001524,A22,motor,phone,3,1,7.7,9414.54,42.6,1
CL001525,A23,motor,broker,5,0,9.9,1858.73,29.3,0
CL001526,A12,property,online,1,0,16.0,1068.13,17.5,0
CL001527,A22,health,phone,5,0,0.8,953.17,28.8,0
CL001528,A17,health,online,5,1,4.2,4612.53,28.1,0
CL001529,A5,property,online,3,0,11.1,424.54,31.4,0
CL001530,A24,motor,online,3,3,14.9,912.57,24.7,0
CL001531,A15,motor,broker,4,2,10.0,2676.36,50.5,1
CL001532,A14,motor,phone,5,0,11.1,1189.01,32.5,0
CL001533,A12,property,broker,4,1,3.4,3078.92,52.1,1
CL001534,A5,health,online,3,0,6.0,3633.27,22.0,0
CL001535,A5,health,online,3,1,13.4,1088.42,31.7,0
CL001536,A4,motor,phone,5,0,13.1,2393.94,52.9,1
CL001537,A3,health,broker,5,1,1.3,8174.28,27.7,0
CL001538,A17,property,phone,3,1,7.7,5400.73,26.2,0
CL001539,A14,property,online,4,2,14.3,2086.96,30.2,0
CL001540,A14,property,broker,5,1,20.6,5276.24,54.9,1
CL001541,A12,property,phone,5,1,19.6,1033.46,52.9,1
CL001542,A18,travel,online,4,0,8.7,1550.39,33.6,0
CL001543,A28,health,broker,2,2,12.0,1999.6,20.5,0
CL001544,A21,travel,online,5,1,22.1,614.52,35.4,0
CL001545,A18,motor,phone,3,1,8.4,2074.85,25.3,0
CL001546,A15,health,phone,3,0,6.0,8115.0,37.4,0
CL001547,A14,property,online,3,0,0.5,4292.68,24.7,0
CL001548,A25,motor,phone,5,2,11.6,5903.77,55.6,1
CL001549,A2,motor,online,3,1,31.9,1325.76,34.3,0
CL001550,A22,health,phone,4,0,11.7,1168.79,26.9,0
CL001551,A28,property,online,1,3,5.2,859.86,21.1,0
CL001552,A8,property,phone,1,0,9.1,1202.14,28.3,0
CL001553,A21,motor,phone,1,2,4.9,2863.51,19.6,0
CL001554,A26,property,online,5,0,23.2,707.97,36.8,0
CL001555,A11,motor,online,3,0,1.6,2188.84,17.4,0
CL001556,A25,motor,phone,1,2,2.7,401.93,15.1,0
CL001557,A18,property,online,2,1,3.7,1488.54,17.5,0
CL001558,A23,motor,online,1,0,2.9,6020.34,12.0,0
CL001559,A21,motor,phone,3,0,2.5,3579.49,27.2,0
CL001560,A15,property,online,2,0,3.1,74395.75,19.5,0
CL001561,A22,travel,broker,5,0,5.4,3522.3,56.0,1
CL001562,A25,property,phone,2,1,3.5,832.7,16.2,0
CL001563,A1,motor,broker,1,2,10.6,7548.71,23.3,0
CL001564,A12,travel,online,1,0,10.8,217.16,15.9,0
CL001565,A26,health,online,2,1,13.9,14836.75,21.7,0
CL001566,A12,health,online,2,0,6.3,708.34,30.9,0
CL001567,A28,motor,phone,2,0,13.1,2363.71,20.8,0
CL001568,A9,property,phone,5,0,8.1,1247.05,28.9,0
CL001569,A25,motor,online,2,1,2.8,277.48,15.7,0
CL001570,A9,motor,online,4,0,16.6,3700.99,32.2,0
CL001571,A5,property,phone,2,1,10.1,2828.85,36.5,0
CL001572,A25,health,online,5,1,12.3,7785.96,30.9,0
CL001573,A9,motor,phone,1,0,7.7,1051.63,14.1,0
CL001574,A16,health,phone,1,1,11.4,847.34,13.5,0
CL001575,A20,health,online,1,0,10.6,485.6,22.5,0
CL001576,A7,motor,online,2,0,1.9,2579.12,18.2,0
CL001577,A19,motor,online,1,1,2.4,485.82,31.6,0
CL001578,A14,property,online,1,0,4.6,3906.04,14.5,0
CL001579,A10,travel,online,5,0,5.3,4286.63,30.0,0
CL001580,A27,motor,broker,2,1,1.7,1980.39,48.0,1
CL001581,A19,travel,online,5,1,2.5,2760.48,39.4,0
CL001582,A15,property,online,4,0,5.4,1635.38,32.3,0
CL001583,A15,motor,online,4,0,14.3,1173.6,26.2,0
CL001584,A3,health,phone,5,1,24.2,1923.36,36.7,0
CL001585,A16,property,online,3,0,20.8,4669.72,26.1,0
CL001586,A0,health,online,3,0,0.1,6106.76,21.4,0
CL001587,A1,motor,online,1,1,21.3,3730.12,40.4,1
CL001588,A12,property,phone,4,0,1.6,1275.27,23.8,0
CL001589,A17,motor,online,2,1,10.0,3174.63,44.6,1
CL001590,A23,motor,phone,4,0,3.2,2996.42,30.6,0
CL001591,A12,health,broker,4,2,2.2,2070.57,40.0,0
CL001592,A16,travel,online,1,3,5.1,1111.92,15.8,0
CL001593,A19,health,broker,5,1,12.2,5611.59,33.2,0
CL001594,A0,health,broker,5,0,18.0,2245.13,35.8,0
CL001595,A23,travel,phone,4,1,17.5,6522.71,34.7,0
CL001596,A20,property,phone,5,0,16.2,35678.38,33.3,0
CL001597,A7,property,phone,5,4,18.9,3618.15,31.5,0
CL001598,A17,motor,phone,3,1,16.3,54874.25,25.9,0
CL001599,A17,motor,phone,1,0,6.0,697.14,33.0,1
CL001600,A4,motor,broker,1,1,6.3,974.57,14.7,0
CL001601,A16,property,online,2,1,8.0,3972.18,17.6,0
CL001602,A10,health,phone,3,1,7.0,1056.47,27.0,0
CL001603,A19,health,online,1,1,7.4,2723.56,15.4,0
CL001604,A19,property,broker,5,0,3.6,2591.29,52.6,1
CL001605,A28,travel,online,2,0,5.4,857.47,16.0,0
CL001606,A7,motor,phone,3,1,9.0,2490.22,22.8,0
CL001607,A28,motor,online,3,0,10.6,3876.07,21.4,0
CL001608,A17,health,phone,5,1,6.7,8402.14,34.1,0
CL001609,A22,travel,phone,1,0,1.1,407.76,15.3,0
CL001610,A26,motor,phone,5,0,0.9,2427.72,32.2,0
CL001611,A15,motor,online,2,0,15.2,8629.14,18.4,0
CL001612,A23,property,online,1,0,5.3,541.72,32.1,1
CL001613,A22,property,online,1,2,14.6,148.71,13.8,0
CL001614,A7,health,broker,1,0,2.5,2612.78,17.6,0
CL001615,A29,health,online,1,0,5.4,985.04,15.2,0
CL001616,A17,motor,phone,1,1,11.6,883.2,22.0,0
CL001617,A22,motor,online,2,0,2.8,720.44,16.1,0
CL001618,A14,motor,phone,5,0,2.8,1082.56,34.2,0
CL001619,A8,health,broker,3,1,5.0,4183.75,27.4,0
CL001620,A14,property,online,5,2,1.6,1152.95,32.5,0
CL001621,A9,health,phone,2,0,7.2,1511.99,19.3,0
CL001622,A9,health,broker,3,1,13.1,3822.95,47.3,1
CL001623,A28,health,phone,3,0,26.1,7205.48,27.6,0
CL001624,A0,health,online,3,0,5.2,1226.47,21.0,0
CL001625,A7,motor,phone,3,1,9.7,606.44,26.5,0
CL001626,A10,motor,online,5,1,28.7,2245.31,65.2,1
CL001627,A1,motor,phone,1,3,6.7,899.1,11.8,0
CL001628,A7,health,online,4,1,15.8,6219.93,52.9,1
CL001629,A10,travel,online,3,0,11.8,4098.74,20.8,0
CL001630,A24,health,phone,4,0,1.7,2664.49,41.2,0
CL001631,A8,motor,online,1,1,3.7,2208.39,12.6,0
CL001632,A14,property,phone,4,0,7.1,7182.67,24.4,0
CL001633,A27,property,phone,5,1,1.0,3669.87,34.5,0
CL001634,A5,travel,broker,1,0,14.0,1370.83,18.1,0
CL001635,A18,motor,broker,1,0,7.2,2307.64,26.8,0
CL001636,A15,motor,online,2,1,7.6,1810.79,17.2,0
CL001637,A7,motor,phone,1,0,3.7,1213.34,18.7,0
CL001638,A20,motor,phone,4,0,5.5,4895.38,32.3,0
CL001639,A4,property,phone,4,1,30.0,1361.39,32.5,0
CL001640,A26,health,broker,4,2,5.3,12492.06,27.9,0
CL001641,A7,health,phone,2,1,9.2,4906.45,17.1,0
CL001642,A12,health,broker,1,0,5.6,1650.16,16.2,0
CL001643,A15,motor,online,2,1,7.4,2151.1,20.4,0
CL001644,A23,property,broker,2,3,10.7,2312.5,22.9,0
CL001645,A26,property,phone,5,1,10.2,2772.58,32.1,0
CL001646,A25,property,online,5,4,5.4,1499.14,27.8,0
CL001647,A12,motor,online,1,0,4.4,988.74,22.0,0
CL001648,A23,motor,online,1,2,4.0,2244.44,11.2,0
CL001649,A21,health,online,4,2,35.4,4373.73,32.4,0
CL001650,A3,property,broker,1,0,1.2,2048.22,31.6,0
CL001651,A3,motor,phone,4,0,10.9,6546.23,27.7,0
CL001652,A19,health,phone,4,0,4.3,2941.09,22.4,0
CL001653,A10,health,phone,4,1,4.8,4655.27,26.3,0
CL001654,A19,property,online,1,0,14.0,2025.6,13.2,0
CL001655,A21,property,online,1,1,12.9,1496.19,14.8,0
CL001656,A29,motor,online,2,0,16.2,1896.58,22.3,0
CL001657,A27,health,online,5,0,5.9,1402.13,29.5,0
CL001658,A17,property,online,1,0,4.0,1861.21,16.1,0
CL001659,A18,motor,online,1,0,23.1,2473.5,27.3,0
CL001660,A9,health,online,1,1,8.3,2563.39,13.6,0
CL001661,A9,motor,online,1,1,5.1,1446.73,15.7,0
CL001662,A5,health,phone,1,0,15.3,167.15,14.5,0
CL001663,A0,motor,broker,5,0,0.7,19109.37,27.5,0
CL001664,A18,motor,phone,2,2,7.3,3668.3,19.3,0
CL001665,A8,property,online,1,1,2.8,10814.64,15.6,0
CL001666,A24,motor,online,3,0,4.6,4185.53,25.9,0
CL001667,A29,health,online,2,0,3.0,2134.78,29.3,0
CL001668,A12,property,online,3,1,11.0,318.55,23.4,0
CL001669,A7,motor,broker,2,2,5.6,1311.97,18.1,0
CL001670,A22,motor,online,1,1,2.7,253.91,22.1,0
CL001671,A17,motor,online,2,0,14.2,304.36,28.8,0
CL001672,A10,health,online,2,1,11.4,963.43,42.0,1
CL001673,A10,travel,broker,4,0,4.9,4541.77,31.6,0
CL001674,A16,health,phone,2,1,20.2,479.3,33.7,0
CL001675,A27,health,phone,1,1,6.9,711.76,14.3,0
CL001676,A25,health,phone,4,1,1.1,4266.57,25.8,0
CL001677,A8,property,online,2,2,6.6,1313.59,54.1,1
CL001678,A23,travel,broker,1,2,2.0,1928.84,17.8,0
CL001679,A4,travel,phone,4,3,18.1,1977.28,26.1,0
CL001680,A6,motor,phone,3,0,1.4,3949.54,27.0,0
CL001681,A17,property,phone,2,1,9.1,3073.71,25.7,0
CL001682,A29,health,broker,3,1,12.5,10631.39,47.1,1
CL001683,A7,motor,phone,5,0,5.7,3190.27,27.6,0
CL001684,A1,motor,phone,5,3,10.6,1638.64,54.6,1
CL001685,A26,health,phone,1,0,41.8,8141.27,22.5,0
CL001686,A3,travel,online,1,0,21.3,1157.79,21.7,0
CL001687,A27,property,online,2,0,2.0,2482.81,28.8,0
CL001688,A6,property,broker,1,0,3.2,4324.05,13.6,0
CL001689,A24,motor,online,1,2,7.9,927.37,40.4,1
CL001690,A17,motor,broker,4,4,2.0,5642.29,45.2,1
CL001691,A21,motor,online,3,2,7.2,3039.11,25.5,0
CL001692,A14,motor,phone,3,1,13.7,1320.94,23.3,0
CL001693,A29,property,online,4,1,2.0,4846.93,43.2,1
CL001694,A9,health,broker,3,0,6.2,32154.44,22.0,0
CL001695,A14,motor,broker,1,1,15.3,3274.9,15.3,0
CL001696,A0,motor,phone,5,0,2.9,6332.13,27.9,0
CL001697,A26,motor,phone,2,0,5.3,423.77,38.5,1
CL001698,A10,motor,broker,2,1,18.4,2768.11,58.1,1
CL001699,A24,health,online,4,0,10.6,14699.58,24.2,0
CL001700,A12,health,broker,1,1,8.3,801.79,11.9,0
CL001701,A20,motor,phone,5,0,17.4,2802.65,33.8,0
CL001702,A19,property,phone,1,0,12.1,1482.43,13.3,0
CL001703,A15,motor,online,1,1,4.3,16680.96,36.1,1
CL001704,A22,property,online,1,0,9.1,2570.64,14.1,0
CL001705,A12,health,broker,4,2,30.8,570.83,33.1,0
CL001706,A18,property,online,5,1,5.8,3642.7,27.7,0
CL001707,A21,motor,phone,3,0,3.0,3036.21,20.0,0
CL001708,A15,health,online,5,2,23.3,1269.8,61.0,1
CL001709,A6,motor,online,3,1,28.6,845.33,28.9,0
CL001710,A3,motor,phone,1,0,4.0,5109.57,14.5,0
CL001711,A12,property,online,3,2,5.4,10832.31,19.7,0
CL001712,A25,motor,online,4,0,1.5,2100.62,28.5,0
CL001713,A14,motor,online,4,0,2.6,2535.22,25.3,0
CL001714,A27,property,online,2,0,2.2,917.75,20.2,0
CL001715,A17,motor,broker,4,0,3.4,1797.19,29.5,0
CL001716,A5,property,online,5,0,14.6,1472.15,31.7,0
CL001717,A13,health,phone,2,0,4.3,2922.13,16.7,0
CL001718,A14,motor,online,5,0,13.5,477.28,42.0,0
CL001719,A8,health,phone,3,2,10.8,525.88,30.3,0
CL001720,A21,motor,online,2,2,9.4,1554.6,24.0,0
CL001721,A21,health,online,5,0,8.3,4048.01,28.0,0
CL001722,A2,motor,online,5,2,7.0,4137.03,32.3,0
CL001723,A0,health,online,3,1,12.5,2610.5,27.7,0
CL001724,A20,health,online,2,0,0.7,3686.55,16.8,0
CL001725,A11,motor,phone,5,0,12.9,2336.47,31.2,0
CL001726,A8,motor,broker,3,1,10.6,2924.05,22.1,0
CL001727,A5,health,online,5,1,7.2,12384.04,31.8,0
CL001728,A14,property,online,4,2,14.0,5222.73,36.7,0
CL001729,A3,motor,phone,4,1,1.3,1762.56,40.7,0
CL001730,A16,health,phone,1,0,4.3,1788.36,19.0,0
CL001731,A12,health,phone,1,0,5.6,230.38,14.1,0
CL001732,A29,motor,phone,4,1,1.1,4374.88,27.4,0
CL001733,A5,motor,broker,5,0,11.2,6891.3,29.7,0
CL001734,A16,health,online,3,0,5.8,1671.27,21.9,0
CL001735,A25,travel,broker,3,1,13.6,2620.16,22.0,0
CL001736,A11,travel,phone,3,1,6.0,4176.48,23.1,0
CL001737,A12,property,online,4,1,10.9,1724.02,34.6,0
CL001738,A1,property,phone,4,1,1.4,5009.14,53.3,1
CL001739,A0,health,phone,4,1,13.9,4054.24,28.8,0
CL001740,A3,motor,phone,4,1,11.9,5267.63,25.3,0
CL001741,A13,property,phone,5,1,3.5,5546.69,46.9,1
CL001742,A4,motor,online,4,0,3.5,4615.89,28.5,0
CL001743,A19,motor,online,2,1,14.8,932.02,45.6,0
CL001744,A3,motor,phone,3,0,3.3,3572.6,23.2,0
CL001745,A4,health,online,5,2,10.6,3041.18,51.5,1
CL001746,A10,motor,phone,4,0,9.7,737.07,25.2,0
CL001747,A27,motor,broker,1,2,9.8,4774.03,16.8,0
CL001748,A17,health,online,4,0,7.5,1084.32,37.5,0
CL001749,A16,motor,phone,1,1,20.7,3547.21,39.2,1
CL001750,A2,motor,online,3,1,3.4,5718.7,18.8,0
CL001751,A17,motor,online,5,0,9.6,1541.32,44.6,0
CL001752,A2,travel,online,3,1,9.5,1787.51,38.0,0
CL001753,A10,property,online,5,1,29.9,684.57,37.9,0
CL001754,A10,health,online,4,1,5.6,6626.54,24.4,0
CL001755,A16,property,phone,3,2,4.1,4180.94,40.9,1
CL001756,A25,travel,online,2,1,11.3,740.28,18.9,0
CL001757,A5,property,online,1,3,5.2,5921.49,14.8,0
CL001758,A11,health,online,2,0,11.1,1375.34,18.4,0
CL001759,A12,property,phone,3,1,11.5,13910.48,36.3,0
CL001760,A4,motor,phone,3,0,13.9,830.66,30.0,0
CL001761,A25,motor,phone,4,1,26.4,15058.29,51.5,1
CL001762,A5,motor,online,2,0,5.3,1451.11,19.0,0
CL001763,A17,travel,phone,3,0,10.0,1845.11,31.5,0
CL001764,A23,motor,online,3,4,8.8,10062.48,22.7,0
CL001765,A20,property,broker,2,1,8.3,1536.1,25.5,0
CL001766,A2,motor,online,1,1,21.3,1874.55,36.7,1
CL001767,A13,motor,phone,3,0,13.6,2951.82,44.7,1
CL001768,A4,motor,phone,3,1,0.8,11515.94,22.7,0
CL001769,A7,property,online,3,0,32.7,912.77,27.6,0
CL001770,A18,motor,phone,2,0,0.4,443.79,17.9,0
CL001771,A19,motor,online,3,3,0.9,3057.45,41.1,1
CL001772,A29,health,phone,3,2,4.1,480.86,22.9,0
CL001773,A16,motor,online,3,0,6.8,560.9,20.3,0
CL001774,A23,motor,online,5,0,6.0,5648.23,41.5,0
CL001775,A23,motor,phone,4,0,6.3,3048.06,33.8,0
CL001776,A10,motor,online,1,1,3.6,1161.72,14.2,0
CL001777,A0,property,phone,5,0,10.7,2866.08,28.8,0
CL001778,A11,motor,phone,5,0,4.8,2687.14,32.6,0
CL001779,A28,health,online,2,1,5.3,714.97,19.7,0
CL001780,A10,property,phone,5,2,12.7,11002.77,30.9,0
CL001781,A27,health,broker,2,0,7.4,351.95,22.3,0
CL001782,A21,property,broker,1,0,4.4,1511.16,13.9,0
CL001783,A4,health,phone,5,0,18.9,3719.99,51.3,1
CL001784,A5,property,online,1,2,0.5,1439.96,11.5,0
CL001785,A0,property,online,5,0,12.9,1739.02,30.0,0
CL001786,A4,property,phone,1,1,2.1,797.81,9.6,0
CL001787,A15,travel,online,4,0,2.1,1486.57,24.1,0
CL001788,A17,travel,broker,4,0,9.2,1160.88,32.6,0
CL001789,A17,motor,phone,5,1,14.7,2526.21,32.4,0
CL001790,A19,property,online,5,0,2.9,954.3,29.9,0
CL001791,A18,property,phone,2,0,0.4,4161.31,22.7,0
CL001792,A15,property,phone,1,2,0.7,2363.37,13.2,0
CL001793,A23,motor,phone,4,1,14.7,16628.29,30.7,0
CL001794,A1,motor,online,5,0,2.7,1006.62,26.5,0
CL001795,A16,health,online,3,1,4.2,348.01,32.3,0
CL001796,A22,property,phone,2,1,9.8,581.92,22.4,0
CL001797,A29,health,online,3,0,0.7,2921.23,38.3,1
CL001798,A14,health,online,4,3,20.0,1068.25,29.3,0
CL001799,A9,motor,online,4,3,0.7,936.15,36.2,0
CL001800,A24,motor,phone,5,0,5.4,4153.18,32.2,0
CL001801,A28,health,phone,2,2,8.7,28442.0,19.2,0
CL001802,A22,motor,phone,2,1,7.0,1464.8,26.9,0
CL001803,A12,property,phone,3,2,8.2,5626.22,49.2,1
CL001804,A23,motor,online,4,0,11.8,1170.48,29.9,0
CL001805,A26,property,phone,5,0,6.7,919.84,50.7,1
CL001806,A11,property,broker,1,0,1.3,1501.98,14.4,0
CL001807,A25,motor,broker,1,1,3.3,991.46,24.7,0
CL001808,A14,travel,phone,2,3,4.8,4379.19,18.4,0
CL001809,A7,motor,phone,1,0,0.5,1118.14,12.8,0
CL001810,A5,property,phone,1,0,10.3,2034.53,17.6,0
CL001811,A25,motor,broker,1,0,3.4,732.03,22.1,0
CL001812,A11,motor,online,4,1,6.4,1677.64,26.2,0
CL001813,A20,property,online,5,0,16.4,6240.82,30.1,0
CL001814,A27,travel,online,4,1,6.4,6673.13,27.7,0
CL001815,A14,health,online,3,0,32.7,1583.03,30.2,0
CL001816,A13,motor,phone,5,0,4.5,1651.94,50.7,1
CL001817,A24,motor,online,3,0,2.6,1897.57,22.7,0
CL001818,A23,property,broker,4,1,3.4,4616.72,31.7,0
CL001819,A6,motor,broker,1,2,4.4,172.77,31.9,1
CL001820,A21,property,online,5,0,2.6,1566.02,30.4,0
CL001821,A11,property,broker,2,0,2.6,1660.62,21.5,0
CL001822,A27,motor,online,1,1,8.0,6716.97,37.6,1
CL001823,A0,health,online,5,3,8.7,3269.44,36.8,0
CL001824,A23,motor,online,3,1,4.2,201.33,26.2,0
CL001825,A24,motor,broker,1,1,3.1,10373.03,13.7,0
CL001826,A14,motor,online,4,0,5.2,709.21,24.5,0
CL001827,A6,motor,phone,2,0,5.9,1616.76,17.6,0
CL001828,A4,health,online,5,1,0.2,3643.33,26.3,0
CL001829,A26,motor,online,1,0,7.0,1887.81,20.4,0
CL001830,A18,motor,online,2,1,9.4,400.64,18.7,0
CL001831,A12,property,broker,3,0,13.9,460.56,29.2,0
CL001832,A8,health,online,3,2,10.9,8860.87,49.3,1
CL001833,A4,motor,online,2,0,24.0,1232.16,35.7,0
CL001834,A12,motor,online,4,1,9.4,1162.7,49.8,1
CL001835,A0,property,phone,2,1,3.4,1213.03,16.4,0
CL001836,A4,property,online,5,2,13.3,7070.77,49.7,1
CL001837,A10,motor,online,2,2,8.4,962.19,24.5,0
CL001838,A19,health,online,4,0,14.1,1391.56,31.9,0
CL001839,A27,health,phone,1,0,5.2,923.9,15.9,0
CL001840,A6,health,online,4,0,0.2,1785.15,25.3,0
CL001841,A24,property,phone,3,0,12.1,3924.11,49.8,1
CL001842,A27,property,online,5,1,10.6,2341.59,50.6,1
CL001843,A6,property,phone,4,3,10.6,560.72,39.2,0
CL001844,A3,travel,online,2,2,7.9,1781.38,24.0,0
CL001845,A16,motor,phone,2,2,2.6,1702.66,15.5,0
CL001846,A25,health,phone,2,2,1.7,624.32,14.3,0
CL001847,A29,motor,online,2,1,9.4,3153.17,19.8,0
CL001848,A3,property,online,1,0,8.9,431.61,14.5,0
CL001849,A15,property,phone,4,0,8.0,4947.83,30.5,0
CL001850,A20,motor,online,3,2,9.6,233.42,21.6,0
CL001851,A9,motor,online,2,0,20.5,16131.25,19.6,0
CL001852,A22,property,online,5,1,20.4,9456.35,52.6,1
CL001853,A14,motor,phone,1,2,5.7,775.83,10.9,0
CL001854,A14,motor,phone,4,0,3.4,2145.95,47.1,1
CL001855,A7,property,phone,4,2,1.8,2158.26,27.3,0
CL001856,A24,motor,broker,3,0,13.4,3563.81,27.4,0
CL001857,A21,motor,online,2,0,5.7,1675.24,18.3,0
CL001858,A17,health,online,1,2,9.5,4791.09,37.0,1
CL001859,A15,health,online,3,3,16.0,3523.98,26.0,0
CL001860,A16,health,broker,4,0,13.9,403.74,40.2,0
CL001861,A16,health,phone,5,0,6.8,2252.31,31.3,0
CL001862,A23,motor,broker,3,1,4.6,4572.64,20.1,0
CL001863,A20,health,phone,2,0,15.6,1672.53,19.1,0
CL001864,A10,motor,online,5,0,2.4,6197.93,26.0,0
CL001865,A8,motor,online,4,3,7.3,2699.04,26.8,0
CL001866,A22,motor,phone,1,1,7.3,549.55,14.3,0
CL001867,A19,motor,broker,5,1,17.9,6737.14,37.3,0
CL001868,A15,motor,phone,1,1,3.0,170.33,11.0,0
CL001869,A24,travel,online,1,0,5.0,4660.47,14.8,0
CL001870,A28,property,online,4,1,0.0,1441.9,21.6,0
CL001871,A21,travel,phone,3,1,8.7,1459.46,27.2,0
CL001872,A3,motor,broker,3,1,5.1,7584.87,28.0,0
CL001873,A3,motor,broker,2,0,1.1,2996.64,28.6,0
CL001874,A11,motor,online,1,0,12.5,5156.6,20.9,0
CL001875,A28,health,phone,5,1,10.9,9481.82,62.6,1
CL001876,A20,health,phone,2,0,24.2,3196.57,24.4,0
CL001877,A7,property,broker,1,0,13.3,2355.91,16.0,0
CL001878,A19,health,phone,2,1,9.1,2215.39,21.9,0
CL001879,A25,health,online,5,2,12.6,1197.44,60.7,1
CL001880,A26,health,phone,5,1,3.4,1370.69,28.7,0
CL001881,A22,property,online,5,0,0.7,1925.82,28.1,0
CL001882,A19,health,phone,1,1,11.3,6118.66,38.7,1
CL001883,A25,health,online,4,2,7.8,1065.37,45.9,1
CL001884,A1,health,broker,4,0,2.9,2745.43,27.4,0
CL001885,A23,motor,broker,2,1,2.9,1779.43,36.0,1
CL001886,A22,motor,phone,3,2,10.1,4672.71,27.1,0
CL001887,A0,property,phone,2,0,12.1,1833.74,21.7,0
CL001888,A24,motor,online,5,0,13.2,7060.75,42.8,0
CL001889,A9,health,online,1,0,2.3,7856.0,16.9,0
CL001890,A11,travel,phone,5,1,4.1,5219.91,49.3,1
CL001891,A26,motor,online,2,0,9.7,1863.55,18.7,0
CL001892,A19,travel,online,3,3,2.2,304.04,19.1,0
CL001893,A20,motor,phone,2,1,13.4,2534.07,25.1,0
CL001894,A29,motor,phone,5,0,5.3,3357.08,47.3,1
CL001895,A19,health,online,4,2,24.1,1291.29,35.8,0
CL001896,A10,motor,broker,2,0,4.9,609.15,22.6,0
CL001897,A29,motor,online,3,1,2.1,9209.49,55.6,1
CL001898,A6,motor,phone,5,1,6.1,1824.55,28.4,0
CL001899,A7,property,online,5,1,7.3,1201.94,27.5,0
CL001900,A12,motor,phone,2,0,13.7,4557.45,22.2,0
CL001901,A11,health,online,4,2,13.7,1041.43,30.7,0
CL001902,A14,motor,online,2,0,0.4,33270.75,17.9,0
CL001903,A27,property,phone,4,1,2.1,6324.14,24.7,0
CL001904,A8,motor,online,1,1,2.1,444.47,31.3,1
CL001905,A27,health,online,2,1,15.0,777.96,24.2,0
CL001906,A16,motor,phone,2,2,3.1,2083.13,17.7,0
CL001907,A22,travel,online,2,0,1.4,272.32,18.7,0
CL001908,A11,property,online,5,3,5.4,3137.88,30.2,0
CL001909,A17,health,broker,3,0,13.0,2322.45,23.9,0
CL001910,A12,property,online,4,1,5.8,4347.09,26.9,0
CL001911,A11,motor,online,4,0,17.0,590.55,32.5,0
CL001912,A22,motor,online,5,1,1.6,1779.05,26.1,0
CL001913,A9,property,online,2,0,8.4,14060.82,20.5,0
CL001914,A20,motor,online,2,0,7.5,387.06,15.8,0
CL001915,A9,property,phone,4,1,10.2,15052.62,24.0,0
CL001916,A20,health,phone,4,0,29.4,1353.62,33.5,0
CL001917,A5,property,online,2,1,15.0,982.95,25.3,0
CL001918,A18,property,online,1,1,31.2,1655.11,38.7,1
CL001919,A3,motor,phone,2,0,9.1,1023.21,41.1,1
CL001920,A9,health,phone,2,1,22.8,896.19,43.9,1
CL001921,A18,motor,broker,5,1,9.8,4166.17,50.1,1
CL001922,A17,property,phone,5,1,6.0,4776.94,27.6,0
CL001923,A8,motor,broker,1,1,3.2,4344.31,17.0,0
CL001924,A5,motor,phone,3,0,10.1,729.76,25.5,0
CL001925,A18,property,broker,3,0,8.3,2841.0,29.6,0
CL001926,A24,motor,online,3,1,9.6,2259.18,23.0,0
CL001927,A28,property,online,2,1,19.2,4057.09,22.9,0
CL001928,A17,motor,online,5,0,1.9,657.35,30.3,0
CL001929,A20,property,broker,1,0,1.7,903.26,13.8,0
CL001930,A2,property,phone,1,0,2.9,1281.1,20.9,0
CL001931,A8,health,online,5,0,8.8,1147.44,30.5,0
CL001932,A11,motor,online,2,2,14.6,275.89,20.8,0
CL001933,A17,property,online,5,0,0.7,7318.9,27.1,0
CL001934,A13,motor,online,5,0,8.4,12122.14,30.1,0
CL001935,A25,health,broker,4,1,4.3,2145.1,25.8,0
CL001936,A24,health,online,5,0,5.3,2701.88,35.4,0
CL001937,A29,motor,online,5,0,12.2,11034.77,34.0,0
CL001938,A24,health,phone,4,1,13.5,2483.89,27.3,0
CL001939,A4,travel,online,1,0,13.1,1038.73,12.4,0
CL001940,A3,health,broker,1,0,9.5,3688.28,41.2,1
CL001941,A15,property,phone,1,0,17.6,1165.12,22.8,0
CL001942,A4,health,broker,4,1,17.1,2163.75,49.1,1
CL001943,A11,motor,phone,5,0,10.3,3470.26,29.4,0
CL001944,A3,health,phone,2,1,12.1,3542.82,18.9,0
CL001945,A9,property,broker,5,0,3.0,3308.54,30.6,0
CL001946,A2,travel,online,1,4,4.0,6346.33,16.7,0
CL001947,A16,health,phone,5,2,14.1,2332.73,40.1,0
CL001948,A23,motor,phone,5,0,1.5,4452.06,29.1,0
CL001949,A16,travel,phone,2,0,15.4,3006.07,20.1,0
CL001950,A6,motor,broker,2,0,1.7,3871.02,25.7,0
CL001951,A12,travel,phone,5,3,0.4,4508.82,48.4,1
CL001952,A11,travel,phone,2,1,12.4,3331.34,19.7,0
CL001953,A13,motor,phone,1,0,16.1,1598.0,22.9,0
CL001954,A18,motor,online,1,0,3.0,4000.02,23.2,0
CL001955,A26,motor,online,4,0,0.7,3691.42,25.4,0
CL001956,A8,travel,phone,3,1,10.0,789.88,23.0,0
CL001957,A15,motor,online,2,0,14.6,4632.4,33.5,0
CL001958,A8,property,online,2,2,4.1,141.14,30.2,0
CL001959,A28,health,phone,1,2,4.6,347.92,11.8,0
CL001960,A27,property,online,2,1,2.4,3423.48,16.7,0
CL001961,A9,travel,phone,1,1,3.5,4699.61,12.8,0
CL001962,A26,motor,online,1,0,4.6,8283.15,19.5,0
CL001963,A6,motor,online,1,0,10.6,3122.97,16.6,0
CL001964,A15,property,broker,1,1,7.2,1326.42,21.4,0
CL001965,A12,property,online,2,3,6.2,625.41,16.1,0
CL001966,A14,health,broker,2,0,12.3,6075.64,17.7,0
CL001967,A26,property,broker,4,1,14.0,1536.02,48.2,1
CL001968,A25,motor,phone,4,0,23.6,12466.52,36.9,0
CL001969,A14,motor,phone,5,0,9.9,2349.86,40.9,0
CL001970,A6,property,online,5,0,2.6,6443.38,37.6,0
CL001971,A28,property,online,3,0,21.9,1657.25,48.0,1
CL001972,A9,health,online,3,1,9.5,572.85,23.7,0
CL001973,A4,property,online,2,2,6.4,1429.19,24.8,0
CL001974,A19,health,phone,5,1,3.7,1529.96,31.1,0
CL001975,A9,property,online,4,4,4.5,1053.75,23.7,0
CL001976,A3,motor,phone,2,0,7.2,297.37,21.7,0
CL001977,A9,health,online,2,0,6.6,1615.19,16.8,0
CL001978,A26,health,online,4,0,9.0,4484.31,26.5,0
CL001979,A1,motor,broker,1,0,17.9,4196.14,18.0,0
CL001980,A11,health,phone,2,1,7.2,222.29,20.0,0
CL001981,A21,motor,online,3,0,12.5,1197.87,21.9,0
CL001982,A15,property,online,1,2,10.5,1478.08,18.1,0
CL001983,A15,motor,online,3,0,31.4,3910.43,28.8,0
CL001984,A10,motor,phone,3,0,2.5,1201.57,26.7,0
CL001985,A0,property,broker,3,0,8.5,8234.85,21.5,0
CL001986,A28,motor,online,5,0,4.3,2549.5,27.4,0
CL001987,A27,motor,online,3,1,15.6,12282.78,25.2,0
CL001988,A28,health,broker,5,3,8.5,10036.63,53.9,1
CL001989,A9,property,phone,3,1,8.1,2761.53,28.9,0
CL001990,A8,property,online,5,1,8.1,1490.65,31.9,0
CL001991,A28,health,online,1,0,23.7,1313.03,20.0,0
CL001992,A4,property,phone,4,2,1.1,3166.1,39.2,0
CL001993,A0,motor,online,1,0,8.2,316.49,14.9,0
CL001994,A22,health,online,1,1,2.3,315.28,20.5,0
CL001995,A12,property,phone,4,1,14.6,2468.1,27.9,0
CL001996,A26,motor,phone,1,1,0.8,3712.81,10.4,0
CL001997,A4,property,broker,1,2,14.6,2634.55,15.6,0
CL001998,A16,health,online,2,1,5.3,953.57,18.6,0
CL001999,A24,property,phone,4,1,6.9,1074.34,28.0,0
CL002000,A29,motor,online,3,0,3.1,5136.58,20.2,0
CL002001,A2,motor,online,5,1,12.2,2499.49,31.9,0
CL002002,A19,travel,phone,1,1,2.8,7325.93,11.7,0
CL002003,A18,motor,online,2,1,18.8,972.55,23.1,0
CL002004,A16,motor,online,3,1,4.9,1517.43,21.6,0
CL002005,A4,travel,online,5,0,2.2,4498.63,30.0,0
CL002006,A5,motor,online,2,1,2.8,402.44,16.6,0
CL002007,A13,motor,online,5,1,7.0,10538.48,47.1,1
CL002008,A22,property,broker,4,1,6.4,4534.04,33.2,0
CL002009,A17,motor,online,4,1,7.9,1754.05,27.8,0
CL002010,A14,motor,broker,5,1,12.0,2940.97,45.6,0
CL002011,A22,motor,phone,4,1,0.6,1820.46,25.1,0
CL002012,A16,motor,online,4,0,3.0,1830.84,23.1,0
CL002013,A6,motor,phone,3,0,32.1,3703.16,53.3,0
CL002014,A20,property,broker,2,3,22.9,1503.99,27.7,0
CL002015,A2,property,phone,3,1,4.2,938.52,28.0,0
CL002016,A6,property,online,5,0,7.8,2129.11,49.0,1
CL002017,A16,motor,phone,2,0,4.3,4679.01,25.2,0
CL002018,A27,property,phone,1,0,10.7,3582.43,38.0,1
CL002019,A15,motor,online,4,1,11.6,822.32,27.1,0
CL002020,A3,health,phone,2,0,21.4,9421.74,42.5,1
CL002021,A15,motor,phone,2,0,19.1,1411.98,23.5,0
CL002022,A8,travel,phone,4,0,4.8,2816.71,30.3,0
CL002023,A25,travel,phone,1,0,19.3,2133.93,14.5,0
CL002024,A16,health,online,3,0,27.4,911.04,26.6,0
CL002025,A16,motor,online,3,1,2.9,3618.64,31.5,0
CL002026,A14,property,online,2,0,9.1,658.01,18.1,0
CL002027,A15,health,broker,3,0,2.4,3950.64,26.4,0
CL002028,A27,health,online,4,1,4.6,1336.59,24.0,0
CL002029,A4,health,online,2,0,3.8,870.76,23.3,0
CL002030,A1,health,online,5,1,3.9,1523.57,29.9,0
CL002031,A1,health,online,3,0,4.3,2504.77,24.5,0
CL002032,A28,health,online,5,0,5.3,6642.33,50.1,1
CL002033,A19,motor,phone,1,3,4.4,432.46,17.8,0
CL002034,A3,property,broker,4,1,11.7,2718.55,26.4,0
CL002035,A21,property,broker,2,0,8.9,1768.71,20.3,0
CL002036,A18,motor,online,1,1,6.6,8250.93,13.5,0
CL002037,A22,health,online,3,1,12.6,2539.2,25.0,0
CL002038,A18,travel,online,2,0,10.4,483.7,26.0,0
CL002039,A2,travel,phone,5,1,7.0,6214.36,33.2,0
CL002040,A14,health,phone,3,2,12.4,164.15,57.4,1
CL002041,A3,property,phone,2,0,10.2,2332.71,21.4,0
CL002042,A27,health,online,3,0,9.7,2652.55,24.4,0
CL002043,A4,motor,online,5,1,5.9,1529.93,33.6,0
CL002044,A29,health,phone,2,2,9.8,1305.67,22.4,0
CL002045,A17,motor,online,3,0,7.5,4375.23,23.2,0
CL002046,A23,motor,online,2,0,8.7,1392.21,22.4,0
CL002047,A16,travel,online,3,2,18.5,1156.76,29.6,0
CL002048,A5,property,phone,4,0,1.5,9892.61,49.5,1
CL002049,A20,motor,online,2,1,8.8,616.96,26.0,0
CL002050,A27,motor,phone,4,1,11.9,2189.95,25.2,0
CL002051,A14,property,online,2,1,0.8,4604.98,39.1,1
CL002052,A3,travel,phone,1,1,4.1,3449.08,19.0,0
CL002053,A20,motor,online,2,0,15.1,848.59,23.4,0
CL002054,A28,motor,online,2,0,0.5,7791.54,13.5,0
CL002055,A7,motor,phone,2,1,3.6,3358.78,17.3,0
CL002056,A10,property,phone,1,1,20.5,7792.61,36.7,1
CL002057,A9,motor,online,3,0,20.6,3040.36,27.9,0
CL002058,A24,motor,broker,3,0,9.2,1711.5,41.2,1
CL002059,A19,motor,phone,2,1,18.8,1197.42,20.1,0
CL002060,A20,motor,online,2,1,1.4,2449.04,21.4,0
CL002061,A11,property,broker,3,1,4.2,2349.16,25.2,0
CL002062,A10,motor,phone,4,0,17.3,10372.7,31.8,0
CL002063,A25,health,phone,5,0,3.3,7879.13,50.1,1
CL002064,A28,travel,broker,3,1,2.8,16719.8,26.8,0
CL002065,A8,motor,online,2,0,1.4,2165.85,20.7,0
CL002066,A0,motor,phone,5,2,3.1,1146.92,33.2,0
CL002067,A27,travel,phone,4,0,2.9,3164.98,23.1,0
CL002068,A12,health,broker,5,0,2.1,1043.2,46.8,0
CL002069,A7,motor,online,3,0,8.8,874.4,61.0,1
CL002070,A17,motor,online,2,1,0.2,2189.37,17.6,0
CL002071,A16,health,phone,2,0,17.2,612.08,19.1,0
CL002072,A28,motor,phone,1,0,11.8,704.89,18.9,0
CL002073,A14,motor,online,4,1,17.9,6131.61,30.9,0
CL002074,A8,motor,phone,4,1,12.9,12245.48,27.6,0
CL002075,A0,property,phone,5,0,4.4,5953.78,31.7,0
CL002076,A7,property,online,1,2,1.1,1398.21,15.7,0
CL002077,A4,health,online,2,1,8.2,2816.22,23.8,0
CL002078,A10,motor,online,1,0,13.6,2314.48,15.2,0
CL002079,A27,property,online,3,0,5.8,8132.38,25.9,0
CL002080,A6,motor,phone,4,1,15.9,8945.91,29.0,0
CL002081,A23,health,phone,2,0,7.9,6634.13,17.7,0
CL002082,A28,property,online,4,0,5.4,731.38,26.5,0
CL002083,A15,motor,phone,1,0,6.9,4822.04,34.3,1
CL002084,A17,health,online,3,0,16.8,1925.33,24.6,0
CL002085,A21,property,phone,4,1,16.4,3838.86,29.4,0
CL002086,A23,motor,broker,1,0,6.2,2763.51,17.2,0
CL002087,A27,motor,online,2,2,3.3,3837.27,14.8,0
CL002088,A11,travel,online,4,1,5.9,2644.7,25.5,0
CL002089,A15,motor,phone,4,2,9.6,6299.92,28.9,0
CL002090,A0,health,broker,4,0,12.4,3142.24,26.9,0
CL002091,A22,travel,phone,5,0,9.5,1083.95,32.5,0
CL002092,A9,health,phone,2,0,6.0,5509.35,26.2,0
CL002093,A28,motor,broker,5,0,3.7,29737.39,28.4,0
CL002094,A6,property,phone,1,0,5.3,296.93,18.7,0
CL002095,A9,health,broker,5,2,6.5,2702.44,55.3,1
CL002096,A7,travel,broker,1,0,2.5,211.56,21.2,0
CL002097,A16,travel,online,4,0,15.7,1160.59,64.9,1
CL002098,A10,motor,online,3,0,17.4,2606.67,25.4,0
CL002099,A2,health,phone,5,0,1.8,1090.75,30.8,0
CL002100,A28,travel,online,3,1,4.7,1862.26,19.6,0
CL002101,A10,travel,broker,4,2,20.1,692.97,49.9,1
CL002102,A5,property,phone,2,0,10.2,831.43,24.8,0
CL002103,A14,property,online,5,1,9.7,1520.35,33.0,0
CL002104,A8,motor,phone,4,2,7.9,3905.33,48.3,1
CL002105,A24,motor,online,3,0,4.0,2336.0,21.6,0
CL002106,A12,travel,online,1,1,5.5,782.0,12.6,0
CL002107,A20,motor,online,2,0,13.3,2757.2,26.7,0
CL002108,A19,motor,phone,5,0,25.6,1836.18,34.4,0
CL002109,A26,health,broker,3,1,2.8,802.24,31.7,0
CL002110,A22,motor,online,4,1,12.2,3082.46,27.9,0
CL002111,A11,health,online,5,0,12.7,876.58,44.5,0
CL002112,A6,travel,phone,3,1,17.1,1721.5,23.4,0
CL002113,A9,motor,phone,3,2,7.1,7418.02,27.4,0
CL002114,A25,motor,online,1,1,20.3,1599.7,15.2,0
CL002115,A17,health,broker,2,0,5.4,1752.42,19.9,0
CL002116,A25,property,phone,5,1,6.6,13081.6,34.8,0
CL002117,A18,motor,online,3,0,4.9,1339.43,24.6,0
CL002118,A23,health,phone,3,1,3.8,2016.18,24.2,0
CL002119,A23,health,online,4,0,8.0,3717.82,29.0,0
CL002120,A10,motor,phone,1,1,0.9,643.81,21.8,0
CL002121,A22,motor,broker,3,2,29.2,3394.28,30.4,0
CL002122,A22,motor,online,5,0,22.7,1862.61,35.6,0
CL002123,A4,motor,online,2,0,7.7,3647.91,23.0,0
CL002124,A19,travel,online,3,1,8.7,7156.52,20.5,0
CL002125,A7,property,online,2,0,12.1,4514.22,16.7,0
CL002126,A10,travel,online,2,0,13.2,678.41,19.5,0
CL002127,A29,motor,online,2,3,14.8,783.53,20.0,0
CL002128,A5,health,phone,4,0,5.5,832.55,31.4,0
CL002129,A7,motor,phone,1,2,8.8,1776.37,16.1,0
CL002130,A20,health,online,3,1,31.4,968.45,29.7,0
CL002131,A3,motor,broker,4,0,5.9,6102.59,34.1,0
CL002132,A1,motor,online,5,0,16.1,11027.8,40.8,0
CL002133,A9,health,phone,2,5,1.1,740.0,21.6,0
CL002134,A13,health,online,1,1,16.0,1571.29,19.4,0
CL002135,A26,motor,broker,4,3,3.8,2957.4,43.2,1
CL002136,A14,motor,broker,2,1,3.9,1705.95,18.4,0
CL002137,A14,motor,online,2,0,6.3,4310.44,18.8,0
CL002138,A25,property,broker,1,1,6.6,1550.14,34.7,1
CL002139,A19,property,phone,3,1,4.0,2719.46,19.9,0
CL002140,A9,motor,online,1,1,19.4,1655.62,20.5,0
CL002141,A2,travel,online,2,0,4.4,2434.08,19.3,0
CL002142,A7,motor,phone,4,0,7.6,395.15,27.5,0
CL002143,A5,travel,online,4,0,25.9,1771.97,33.6,0
CL002144,A19,property,phone,4,1,3.3,1263.62,25.7,0
CL002145,A4,property,online,5,1,14.7,2217.25,34.8,0
CL002146,A27,health,online,1,0,6.2,2114.92,15.3,0
CL002147,A4,property,broker,5,0,0.6,4852.96,44.9,0
CL002148,A11,health,phone,5,0,0.8,2809.9,26.7,0
CL002149,A0,property,online,3,0,0.6,954.27,18.2,0
CL002150,A29,property,phone,2,1,32.8,604.66,24.1,0
CL002151,A17,motor,phone,1,1,14.4,391.56,39.4,1
CL002152,A28,health,phone,1,1,6.6,536.62,17.6,0
CL002153,A0,health,broker,1,0,9.5,1807.88,15.4,0
CL002154,A1,motor,broker,2,0,4.1,2513.48,36.0,1
CL002155,A9,health,broker,3,0,12.4,2298.24,22.8,0
CL002156,A28,motor,online,4,1,1.6,7355.3,23.7,0
CL002157,A22,motor,phone,4,1,6.5,10037.74,30.5,0
CL002158,A14,property,phone,2,0,9.0,3385.33,17.3,0
CL002159,A20,health,broker,4,1,0.1,4750.22,44.0,1
CL002160,A19,motor,broker,2,1,8.6,72005.0,23.4,0
CL002161,A22,health,online,1,0,10.0,253.97,22.9,0
CL002162,A8,health,online,1,1,4.0,1208.53,12.4,0
CL002163,A6,property,broker,1,0,8.4,660.11,34.9,1
CL002164,A18,health,online,5,1,6.9,2449.59,54.0,1
CL002165,A4,motor,phone,2,1,16.7,676.13,31.3,0
CL002166,A16,motor,online,1,0,5.5,10601.0,16.8,0
CL002167,A20,property,online,5,0,18.8,3688.87,43.8,0
CL002168,A0,motor,phone,3,1,3.0,4220.36,26.1,0
CL002169,A16,motor,online,1,0,8.6,1156.05,15.2,0
CL002170,A4,health,phone,3,0,7.1,4286.67,20.5,0
CL002171,A12,health,phone,1,0,4.2,553.62,14.8,0
CL002172,A10,travel,online,5,0,3.7,5919.52,38.7,0
CL002173,A24,motor,online,1,0,6.7,5863.88,21.6,0
CL002174,A19,motor,broker,5,0,0.4,4495.05,29.2,0
CL002175,A27,property,online,1,0,26.0,1288.61,16.7,0
CL002176,A12,travel,phone,4,0,10.6,2053.47,26.3,0
CL002177,A15,health,online,5,2,9.1,4733.05,34.7,0
CL002178,A21,property,phone,2,1,9.8,2357.01,17.2,0
CL002179,A9,motor,phone,4,0,6.2,426.32,38.2,0
CL002180,A29,health,phone,5,0,11.8,3365.51,33.5,0
CL002181,A19,property,broker,1,1,13.9,301.06,18.4,0
CL002182,A25,health,phone,1,1,12.4,3995.58,15.0,0
CL002183,A19,property,phone,5,0,9.1,1225.55,32.4,0
CL002184,A18,property,broker,3,1,19.4,2695.11,36.5,0
CL002185,A26,motor,phone,1,1,3.6,1882.79,11.6,0
CL002186,A6,property,online,1,0,7.4,957.71,17.3,0
CL002187,A11,property,online,5,0,6.5,72317.75,29.5,0
CL002188,A12,motor,online,2,0,22.0,1349.31,25.9,0
CL002189,A0,health,online,5,1,1.7,6865.23,46.9,1
CL002190,A13,motor,phone,3,3,8.9,751.16,28.3,0
CL002191,A6,travel,phone,1,2,1.4,2710.94,17.7,0
CL002192,A7,travel,broker,2,2,2.8,1358.77,23.8,0
CL002193,A7,health,phone,3,0,2.7,3669.31,22.3,0
CL002194,A11,property,online,3,1,3.5,1780.38,19.1,0
CL002195,A7,motor,online,2,0,5.3,1191.45,18.3,0
CL002196,A18,property,phone,2,1,1.1,9784.51,15.9,0
CL002197,A27,motor,broker,1,0,13.3,1230.6,20.3,0
CL002198,A4,health,broker,1,1,22.1,1464.85,14.7,0
CL002199,A20,motor,online,3,0,2.9,659.47,21.1,0
CL002200,A5,motor,online,1,1,6.9,1561.21,11.8,0
CL002201,A5,health,online,4,1,25.5,719.84,39.9,0
CL002202,A3,travel,phone,3,2,11.4,2282.45,48.3,1
CL002203,A28,motor,broker,4,0,5.3,3575.3,25.9,0
CL002204,A19,travel,online,4,1,4.3,5651.77,33.9,0
CL002205,A0,travel,broker,1,0,8.3,3876.37,13.7,0
CL002206,A9,health,broker,3,2,1.0,1088.76,24.3,0
CL002207,A28,motor,broker,5,1,4.6,1558.34,28.7,0
CL002208,A12,property,online,5,2,3.7,2899.22,34.2,0
CL002209,A5,motor,phone,4,0,6.9,2222.6,24.4,0
CL002210,A17,health,phone,4,1,5.2,6240.56,34.2,0
CL002211,A14,motor,online,4,2,6.7,4269.61,23.5,0
CL002212,A0,property,online,4,2,7.0,4424.09,23.1,0
CL002213,A11,property,online,4,0,8.7,4929.97,27.4,0
CL002214,A20,property,phone,5,0,31.8,1934.33,36.7,0
CL002215,A13,travel,phone,3,1,11.3,2264.44,49.7,1
CL002216,A23,motor,phone,4,0,3.0,2173.19,25.6,0
CL002217,A13,motor,online,5,0,5.1,1748.61,47.5,1
CL002218,A26,motor,online,3,0,0.7,1375.21,26.0,0
CL002219,A21,property,online,2,0,24.9,813.97,25.3,0
CL002220,A17,health,phone,2,0,13.6,5965.08,20.8,0
CL002221,A2,property,phone,1,2,18.7,2129.96,16.3,0
CL002222,A2,health,online,3,0,9.9,3527.73,42.8,1
CL002223,A12,motor,phone,1,1,21.0,4548.27,22.5,0
CL002224,A26,motor,phone,3,0,1.8,11136.79,30.8,0
CL002225,A26,motor,online,1,0,15.6,39485.25,23.3,0
CL002226,A22,travel,phone,1,0,4.7,670.02,18.4,0
CL002227,A23,motor,phone,2,0,6.0,2836.43,21.0,0
CL002228,A24,motor,phone,5,2,11.0,2488.4,31.9,0
CL002229,A16,property,phone,3,0,15.6,1151.67,47.3,1
CL002230,A18,property,online,5,0,2.0,1070.42,28.1,0
CL002231,A20,motor,phone,3,0,15.5,2529.13,34.0,0
CL002232,A22,health,phone,4,2,2.0,2641.06,27.4,0
CL002233,A8,health,broker,2,0,17.6,1031.06,23.0,0
CL002234,A28,motor,online,2,3,8.0,7104.63,18.6,0
CL002235,A9,motor,broker,1,1,5.4,567.55,16.1,0
CL002236,A11,motor,phone,2,1,14.7,621.75,37.4,1
CL002237,A2,motor,online,4,0,6.9,1577.36,26.1,0
CL002238,A22,motor,phone,4,2,22.4,4274.15,50.0,1
CL002239,A16,health,phone,1,1,12.5,1098.53,12.5,0
CL002240,A17,health,broker,4,0,6.6,3356.75,30.0,0
CL002241,A19,motor,broker,4,0,2.4,1227.68,30.5,0
CL002242,A5,health,broker,4,1,3.0,3501.48,49.9,1
CL002243,A28,motor,online,2,0,7.6,1328.39,16.5,0
CL002244,A6,motor,broker,5,2,16.5,2370.15,51.3,0
CL002245,A8,health,phone,4,1,3.9,10430.4,32.7,0
CL002246,A6,property,online,3,2,1.3,930.83,26.2,0
CL002247,A8,motor,online,5,1,16.1,4365.49,59.8,1
CL002248,A10,health,phone,1,2,12.5,2132.07,13.8,0
CL002249,A0,property,broker,3,0,11.5,1171.06,25.8,0
CL002250,A23,health,phone,4,0,7.4,5067.76,38.3,0
CL002251,A24,property,phone,3,0,1.9,2232.29,20.9,0
CL002252,A27,property,online,1,0,7.1,595.92,21.3,0
CL002253,A13,travel,online,4,0,3.8,6491.76,49.6,0
CL002254,A19,motor,broker,2,1,18.6,3011.95,21.6,0
CL002255,A11,motor,online,1,0,10.7,350.99,14.5,0
CL002256,A13,health,phone,2,1,5.4,570.65,17.6,0
CL002257,A6,motor,online,1,1,5.6,828.57,11.5,0
CL002258,A17,health,phone,4,1,5.5,2136.92,27.8,0
CL002259,A7,motor,broker,3,2,6.5,2228.42,42.7,1
CL002260,A13,property,broker,3,1,3.6,1468.62,21.4,0
CL002261,A19,health,online,5,1,3.4,1592.44,56.0,1
CL002262,A22,motor,broker,5,1,8.3,3481.78,44.6,0
CL002263,A12,motor,phone,2,0,7.9,1819.31,16.8,0
CL002264,A10,motor,online,3,0,6.4,3109.55,40.1,1
CL002265,A28,property,phone,3,0,10.5,4108.68,30.2,0
CL002266,A29,motor,online,4,0,16.3,4011.81,27.0,0
CL002267,A24,motor,broker,4,0,20.7,1696.83,51.4,1
CL002268,A26,property,broker,5,0,3.7,1363.64,31.9,0
CL002269,A20,motor,online,5,0,6.8,2624.2,30.9,0
CL002270,A10,motor,online,2,0,0.6,4726.14,20.7,0
CL002271,A5,motor,phone,1,0,4.1,6557.53,16.4,0
CL002272,A23,health,broker,2,0,24.5,2821.47,21.2,0
CL002273,A11,motor,broker,4,0,15.1,638.32,47.4,1
CL002274,A19,property,phone,5,1,12.3,6179.68,54.4,1
CL002275,A15,property,phone,5,4,2.5,20262.45,28.7,0
CL002276,A16,motor,broker,3,0,1.5,3365.55,44.9,1
CL002277,A11,property,phone,5,3,7.0,2943.31,63.9,1
CL002278,A29,health,online,1,1,5.1,2161.17,19.6,0
CL002279,A29,property,phone,2,0,1.1,6266.17,19.3,0
CL002280,A24,health,online,3,0,8.3,7500.93,30.4,0
CL002281,A26,property,broker,1,0,2.8,792.35,12.6,0
CL002282,A18,motor,online,1,1,12.5,598.62,13.5,0
CL002283,A12,motor,phone,3,0,9.1,2159.89,20.4,0
CL002284,A6,property,phone,2,1,1.1,846.44,15.6,0
CL002285,A11,health,phone,2,1,8.3,3054.66,23.1,0
CL002286,A7,health,phone,5,1,5.2,1578.33,32.7,0
CL002287,A7,health,online,3,0,17.6,3825.36,33.3,0
CL002288,A0,health,online,2,2,7.2,8086.46,21.2,0
CL002289,A2,property,online,4,2,1.1,14260.32,31.0,0
CL002290,A6,motor,phone,5,0,2.4,16121.43,33.7,0
CL002291,A21,motor,phone,3,0,17.3,421.18,26.0,0
CL002292,A28,motor,broker,5,1,13.1,951.09,33.3,0
CL002293,A20,property,online,1,1,14.9,666.15,39.9,1
CL002294,A10,health,phone,4,1,4.5,1867.99,44.3,1
CL002295,A11,health,online,4,0,22.1,3865.97,37.2,0
CL002296,A9,property,phone,3,0,24.5,4840.16,29.9,0
CL002297,A12,health,online,2,3,5.1,1111.92,19.8,0
CL002298,A19,motor,online,5,2,1.7,9786.57,35.7,0
CL002299,A20,motor,phone,2,0,5.5,751.08,17.9,0
CL002300,A18,motor,online,3,1,10.2,1664.17,46.3,1
CL002301,A18,property,phone,3,0,37.4,1954.81,29.0,0
CL002302,A19,property,online,3,2,4.3,3639.93,23.8,0
CL002303,A21,health,online,5,3,14.3,3484.44,49.7,1
CL002304,A19,motor,phone,5,1,24.4,2317.78,35.4,0
CL002305,A4,motor,phone,1,0,15.4,1734.35,21.9,0
CL002306,A9,motor,online,2,1,8.3,1205.6,20.7,0
CL002307,A6,property,phone,3,0,17.9,5046.69,23.0,0
CL002308,A28,health,online,1,0,9.9,3249.04,17.8,0
CL002309,A5,motor,online,4,2,3.7,24167.18,46.7,1
CL002310,A9,property,online,2,1,4.6,2521.71,23.5,0
CL002311,A13,motor,online,5,0,23.8,3429.63,54.1,1
CL002312,A14,motor,phone,3,1,7.6,1861.79,23.3,0
CL002313,A21,motor,phone,1,1,0.7,891.02,21.8,0
CL002314,A8,property,online,4,0,1.1,753.74,51.2,1
CL002315,A1,property,phone,1,0,17.8,1080.9,15.6,0
CL002316,A15,motor,broker,3,1,21.2,1024.71,49.2,1
CL002317,A8,health,broker,5,0,7.2,931.49,35.8,0
CL002318,A8,health,online,1,1,8.8,4910.75,13.4,0
CL002319,A23,motor,online,1,0,29.0,2399.21,23.4,0
CL002320,A12,motor,online,4,0,24.6,1449.01,32.5,0
CL002321,A19,motor,online,5,1,8.8,3779.19,30.3,0
CL002322,A16,motor,broker,5,0,12.6,1873.42,30.8,0
CL002323,A29,motor,broker,5,1,41.5,70521.5,58.9,1
CL002324,A10,motor,online,4,2,1.1,12135.11,25.8,0
CL002325,A0,health,broker,1,0,4.3,6887.42,19.0,0
CL002326,A17,travel,online,4,2,9.0,4156.37,33.4,0
CL002327,A2,motor,broker,1,0,3.8,1176.87,35.7,1
CL002328,A27,travel,phone,5,2,1.8,1478.92,27.4,0
CL002329,A4,travel,online,3,1,12.2,3164.46,26.1,0
CL002330,A22,property,phone,5,1,5.5,2784.76,45.0,0
CL002331,A14,motor,phone,4,0,2.9,649.87,27.1,0
CL002332,A13,motor,phone,1,1,27.8,1715.36,20.2,0
CL002333,A17,property,online,1,0,4.4,2957.16,14.3,0
CL002334,A28,property,online,3,1,8.7,1026.64,21.8,0
CL002335,A12,health,broker,5,0,1.2,1516.57,34.5,0
CL002336,A20,health,online,3,0,7.1,1481.96,25.1,0
CL002337,A20,property,phone,4,0,10.2,36363.75,45.9,1
CL002338,A21,property,broker,1,0,17.5,1683.33,34.9,1
CL002339,A22,motor,phone,1,2,8.0,2117.18,20.3,0
CL002340,A9,motor,online,3,2,8.8,1985.68,21.4,0
CL002341,A13,health,online,4,1,3.7,2464.44,29.1,0
CL002342,A18,motor,online,1,2,10.6,774.64,13.3,0
CL002343,A13,motor,online,1,0,7.2,1242.39,15.5,0
CL002344,A0,health,phone,1,1,1.7,806.95,11.7,0
CL002345,A6,health,phone,3,0,6.2,1607.71,32.0,0
CL002346,A23,motor,broker,1,1,6.3,430.05,33.1,1
CL002347,A18,travel,phone,2,2,3.2,4938.02,19.0,0
CL002348,A19,motor,phone,2,0,6.1,852.77,34.6,0
CL002349,A22,health,online,4,0,2.2,396.57,25.8,0
CL002350,A4,health,phone,1,1,6.3,1124.78,13.4,0
CL002351,A12,motor,phone,4,0,9.3,2343.27,24.1,0
CL002352,A20,property,phone,4,0,18.2,7448.05,39.3,0
CL002353,A9,health,online,1,0,9.1,5564.78,17.0,0
CL002354,A18,health,phone,3,1,4.5,6912.43,19.8,0
CL002355,A27,motor,phone,4,0,8.5,12405.32,29.9,0
CL002356,A4,health,broker,3,2,10.3,12467.26,42.8,1
CL002357,A14,motor,broker,5,1,13.6,894.26,53.3,1
CL002358,A15,motor,phone,1,0,35.3,2315.4,21.5,0
CL002359,A11,motor,online,4,1,4.2,4988.01,28.5,0
CL002360,A28,motor,broker,4,1,6.4,1921.29,52.0,1
CL002361,A28,motor,online,1,0,5.9,401.81,18.1,0
CL002362,A19,travel,broker,3,1,0.4,22323.59,25.6,0
CL002363,A17,health,online,3,1,2.1,1981.59,25.2,0
CL002364,A22,travel,online,5,1,30.5,378.31,38.4,0
CL002365,A26,property,phone,4,1,7.8,1361.81,25.1,0
CL002366,A23,health,phone,3,0,17.0,2289.96,23.9,0
CL002367,A10,property,phone,1,0,10.4,1523.88,45.5,1
CL002368,A27,motor,online,4,2,1.4,5057.25,25.4,0
CL002369,A10,property,broker,4,0,9.4,473.79,34.3,0
CL002370,A25,motor,broker,2,1,7.3,1549.55,21.8,0
CL002371,A20,motor,broker,3,1,3.6,2290.43,52.3,1
CL002372,A19,property,broker,2,1,10.0,3981.75,19.9,0
CL002373,A29,motor,broker,4,1,11.0,1020.22,25.1,0
CL002374,A15,health,phone,3,0,3.5,890.28,21.9,0
CL002375,A27,health,phone,5,1,6.2,1294.66,33.1,0
CL002376,A29,motor,online,5,0,11.9,989.78,31.6,0
CL002377,A25,motor,phone,3,0,1.4,7529.06,21.9,0
CL002378,A8,motor,phone,4,0,15.8,6383.37,33.0,0
CL002379,A25,property,online,2,0,3.2,349.92,14.9,0
CL002380,A29,motor,online,1,1,3.0,9106.05,17.9,0
CL002381,A3,motor,broker,1,1,3.9,4707.89,20.7,0
CL002382,A15,health,phone,4,0,12.7,3730.81,29.4,0
CL002383,A21,health,phone,2,0,7.2,2299.39,23.3,0
CL002384,A25,property,phone,4,4,9.5,3906.03,25.7,0
CL002385,A20,motor,online,3,1,17.4,2520.85,28.7,0
CL002386,A7,health,phone,3,0,10.9,3355.6,22.3,0
CL002387,A19,travel,online,3,0,3.4,2938.55,19.4,0
CL002388,A21,health,online,3,2,11.3,3479.92,52.6,1
CL002389,A5,health,broker,2,1,2.9,535.05,41.7,1
CL002390,A12,health,broker,5,0,1.4,1782.13,33.5,0
CL002391,A19,motor,online,2,1,25.7,9114.9,42.6,1
CL002392,A29,health,broker,5,1,13.4,775.78,32.8,0
CL002393,A29,motor,phone,4,1,5.2,841.76,25.0,0
CL002394,A18,motor,phone,5,0,4.3,1681.92,49.1,0
CL002395,A10,motor,online,5,1,11.2,6725.91,50.9,1
CL002396,A9,property,phone,3,2,20.1,2493.34,51.8,1
CL002397,A11,health,online,2,0,13.8,2720.39,17.9,0
CL002398,A4,motor,phone,3,1,16.2,4901.61,23.3,0
CL002399,A5,motor,phone,4,0,5.5,1167.96,27.2,0
CL002400,A12,property,phone,3,0,7.8,3940.96,21.8,0
CL002401,A21,motor,phone,2,0,3.2,705.82,18.8,0
CL002402,A24,health,phone,5,1,6.3,9372.03,30.7,0
CL002403,A28,health,phone,2,2,13.8,3452.32,25.1,0
CL002404,A22,property,broker,1,0,6.1,21097.75,16.5,0
CL002405,A18,property,broker,3,1,3.3,2019.49,44.1,1
CL002406,A10,motor,online,4,2,7.4,2175.12,26.9,0
CL002407,A29,motor,phone,3,2,5.5,8281.53,21.9,0
CL002408,A9,motor,broker,3,1,2.8,1240.76,19.3,0
CL002409,A1,property,phone,5,0,2.5,646.0,26.8,0
CL002410,A21,travel,online,3,2,6.5,1127.07,44.6,1
CL002411,A16,motor,broker,3,1,5.0,1330.96,30.0,0
CL002412,A10,motor,phone,1,0,2.9,603.44,11.4,0
CL002413,A4,travel,broker,3,0,14.4,1109.1,27.5,0
CL002414,A24,property,online,1,0,9.7,937.63,15.0,0
CL002415,A11,health,phone,2,2,1.4,1150.42,16.3,0
CL002416,A9,motor,online,4,1,18.1,4025.57,31.9,0
CL002417,A4,health,broker,5,1,12.0,1246.95,57.6,1
CL002418,A8,property,online,1,2,0.4,252.45,10.8,0
CL002419,A17,health,online,5,3,2.8,2896.87,28.1,0
CL002420,A18,health,phone,4,0,8.2,3869.32,29.6,0
CL002421,A25,motor,online,3,0,8.9,1896.05,46.2,1
CL002422,A18,health,online,4,1,6.4,4099.78,23.2,0
CL002423,A9,property,online,3,1,5.0,1851.41,21.5,0
CL002424,A6,property,online,2,2,10.8,382.6,47.8,1
CL002425,A5,travel,online,3,1,14.7,663.32,26.4,0
CL002426,A21,travel,phone,4,1,23.0,2124.81,37.8,0
CL002427,A12,motor,broker,4,1,8.4,5350.72,27.7,0
CL002428,A27,property,phone,4,1,0.3,1795.83,45.3,1
CL002429,A9,property,online,5,0,5.7,10923.38,28.2,0
CL002430,A1,motor,online,1,0,21.1,1350.46,19.6,0
CL002431,A8,health,broker,4,0,0.3,6694.38,26.0,0
CL002432,A19,property,online,1,1,3.0,381.33,10.6,0
CL002433,A21,property,online,5,4,10.5,14594.36,36.2,0
CL002434,A11,property,online,3,0,6.0,3419.57,24.9,0
CL002435,A16,health,broker,2,0,5.5,2592.02,17.3,0
CL002436,A26,health,online,4,0,1.2,2115.46,48.1,1
CL002437,A21,property,phone,2,1,2.5,4325.06,20.8,0
CL002438,A6,health,broker,4,1,17.3,945.5,29.9,0
CL002439,A9,motor,online,1,0,9.6,1530.8,15.1,0
CL002440,A29,motor,phone,4,0,6.4,2119.9,29.3,0
CL002441,A11,motor,broker,2,0,19.8,9219.14,22.3,0
CL002442,A14,property,broker,4,1,8.2,4278.52,24.0,0
CL002443,A17,motor,broker,2,2,21.6,524.64,18.7,0
CL002444,A17,property,online,3,1,5.3,986.86,19.8,0
CL002445,A14,property,phone,5,0,16.1,5700.19,31.0,0
CL002446,A14,travel,phone,3,1,1.1,1492.58,29.7,0
CL002447,A1,health,broker,1,0,7.5,1613.43,13.8,0
CL002448,A29,property,phone,3,0,11.7,2753.85,33.8,0
CL002449,A2,health,online,4,1,7.6,5956.17,35.2,0
CL002450,A19,motor,online,2,0,20.0,1022.14,27.0,0
CL002451,A18,property,phone,5,0,1.6,2895.3,49.5,1
CL002452,A22,property,broker,5,0,11.7,4740.71,57.2,1
CL002453,A26,property,broker,2,1,6.9,1739.54,22.6,0
CL002454,A12,motor,phone,3,0,7.0,809.92,25.5,0
CL002455,A23,health,online,5,1,6.5,8288.54,35.6,0
CL002456,A12,property,online,1,0,1.0,1564.02,20.9,0
CL002457,A10,property,online,4,1,5.2,3088.47,30.0,0
CL002458,A28,motor,phone,2,1,11.0,1146.12,21.0,0
CL002459,A13,motor,online,3,2,3.8,3307.55,29.8,0
CL002460,A11,travel,phone,1,0,8.4,623.62,22.5,0
CL002461,A16,motor,online,1,1,5.1,572.66,14.3,0
CL002462,A29,travel,online,5,0,6.2,7670.02,36.1,0
CL002463,A18,property,online,5,0,12.2,6401.07,33.4,0
CL002464,A16,property,broker,2,0,9.4,9186.69,20.7,0
CL002465,A15,motor,online,3,0,14.1,2703.42,25.6,0
CL002466,A3,health,broker,5,2,0.3,8191.36,30.7,0
CL002467,A22,health,online,1,0,3.2,572.5,19.6,0
CL002468,A0,motor,broker,2,1,1.4,3357.2,18.9,0
CL002469,A20,health,online,2,0,6.3,1639.75,18.1,0
CL002470,A17,health,phone,2,1,0.8,648.31,15.8,0
CL002471,A5,property,online,3,0,1.7,1118.72,27.5,0
CL002472,A0,property,online,3,0,10.2,792.98,31.0,0
CL002473,A14,health,online,4,2,1.4,2702.45,36.6,0
CL002474,A28,property,online,3,2,8.5,1551.91,20.9,0
CL002475,A25,motor,online,5,2,13.3,446.61,51.7,1
CL002476,A27,property,phone,1,1,3.5,1179.6,11.8,0
CL002477,A21,health,broker,5,1,8.6,4068.6,31.3,0
CL002478,A9,motor,phone,2,1,7.8,1555.26,42.3,1
CL002479,A1,motor,online,5,2,1.2,7058.52,31.2,0
CL002480,A4,motor,broker,2,1,22.5,3190.62,28.4,0
CL002481,A16,motor,phone,4,0,7.2,2288.36,28.7,0
CL002482,A19,property,online,4,2,3.9,2659.05,25.7,0
CL002483,A8,health,phone,5,0,7.0,4553.69,35.6,0
CL002484,A27,motor,online,2,2,13.3,3507.55,20.3,0
CL002485,A3,health,broker,4,3,11.1,471.22,35.6,0
CL002486,A7,motor,broker,5,0,0.5,2213.71,31.9,0
CL002487,A2,motor,online,5,2,16.4,7238.09,32.0,0
CL002488,A1,motor,phone,2,0,21.9,2091.74,42.8,1
CL002489,A14,motor,online,3,0,16.9,2085.26,35.4,0
CL002490,A9,motor,online,3,0,26.6,4211.34,26.9,0
CL002491,A2,travel,phone,4,1,14.8,2209.87,27.0,0
CL002492,A16,motor,phone,5,0,32.4,2275.07,36.6,0
CL002493,A11,motor,online,2,0,2.5,3053.49,24.3,0
CL002494,A26,health,online,2,2,15.3,1679.3,27.4,0
CL002495,A29,health,online,3,0,11.2,1245.16,25.1,0
CL002496,A24,health,phone,1,5,9.4,337.01,33.2,1
CL002497,A3,health,phone,5,0,9.8,3391.01,30.6,0
CL002498,A7,health,phone,4,1,2.8,1699.62,24.1,0
CL002499,A6,motor,broker,3,0,4.1,2925.79,24.9,0
CL002500,A14,property,online,4,0,9.0,7371.54,43.9,1
CL002501,A23,motor,online,4,0,6.4,2853.29,27.1,0
CL002502,A21,motor,online,2,1,7.0,1257.75,17.2,0
CL002503,A2,travel,phone,3,3,12.6,670.23,22.6,0
CL002504,A0,travel,phone,2,0,4.7,1482.09,16.7,0
CL002505,A25,property,phone,4,0,6.2,1399.28,24.3,0
CL002506,A7,property,phone,5,0,5.5,946.93,35.4,0
CL002507,A27,property,online,1,0,22.4,456.35,18.4,0
CL002508,A4,property,broker,1,0,8.7,1273.6,24.9,0
CL002509,A4,property,broker,5,0,9.7,2299.49,29.5,0
CL002510,A7,motor,phone,1,1,5.4,293.03,19.0,0
CL002511,A14,health,online,1,2,4.3,2372.69,33.7,1
CL002512,A0,property,online,1,1,8.1,1006.5,23.3,0
CL002513,A9,motor,broker,5,1,8.0,2114.43,37.8,0
CL002514,A16,motor,phone,1,3,11.8,689.42,14.5,0
CL002515,A15,property,online,2,2,6.4,1380.46,14.8,0
CL002516,A1,motor,phone,3,0,1.9,2949.75,22.9,0
CL002517,A6,motor,online,3,0,5.2,1547.08,20.9,0
CL002518,A10,health,phone,5,1,5.4,8072.02,28.3,0
CL002519,A26,motor,phone,3,1,4.6,205.07,24.9,0
CL002520,A15,property,broker,1,0,1.3,1681.43,12.8,0
CL002521,A19,property,phone,4,0,12.8,1970.96,27.3,0
CL002522,A28,health,online,5,0,17.0,5254.88,34.3,0
CL002523,A25,property,broker,4,2,2.9,1160.45,53.4,1
CL002524,A20,health,phone,4,0,5.1,488.74,28.3,0
CL002525,A12,health,online,4,0,6.5,4103.7,31.8,0
CL002526,A21,property,broker,4,1,5.6,1798.87,24.2,0
CL002527,A23,motor,broker,5,1,13.6,11551.84,32.4,0
CL002528,A24,property,phone,1,0,12.4,1348.9,18.0,0
CL002529,A3,motor,phone,5,0,8.0,2806.63,34.3,0
CL002530,A21,motor,online,1,0,4.9,1311.03,13.2,0
CL002531,A23,property,online,4,0,11.6,599.28,33.8,0
CL002532,A2,motor,online,2,3,6.9,2820.84,30.6,0
CL002533,A24,property,online,4,0,29.7,1255.54,36.5,0
CL002534,A25,motor,online,1,1,6.4,1534.28,12.7,0
CL002535,A11,property,phone,5,2,1.2,3915.86,31.8,0
CL002536,A14,motor,phone,3,1,3.6,1629.99,24.7,0
CL002537,A0,property,broker,3,2,11.7,8296.54,49.3,1
CL002538,A15,health,online,5,1,6.3,2691.15,29.5,0
CL002539,A13,health,phone,2,2,16.6,10145.88,40.2,1
CL002540,A13,property,online,1,1,13.0,1801.05,18.8,0
CL002541,A1,property,phone,1,0,5.6,3331.37,14.8,0
CL002542,A6,health,online,2,1,13.7,6865.97,25.0,0
CL002543,A14,health,online,4,0,25.1,14936.03,55.2,1
CL002544,A25,health,online,4,1,2.4,2701.46,52.4,1
CL002545,A7,motor,phone,3,1,3.5,2703.64,38.0,1
CL002546,A14,health,broker,4,1,5.2,2733.71,29.9,0
CL002547,A19,motor,phone,1,0,22.3,12272.15,19.4,0
CL002548,A19,motor,phone,1,1,2.6,610.12,14.0,0
CL002549,A28,motor,phone,5,1,2.9,21040.34,32.5,0
CL002550,A28,property,phone,4,0,7.0,3888.15,25.1,0
CL002551,A12,motor,phone,5,1,1.6,2725.64,36.9,0
CL002552,A17,motor,phone,4,3,1.3,922.09,30.4,0
CL002553,A18,motor,online,4,0,12.2,739.32,27.4,0
CL002554,A23,motor,online,1,0,15.5,2882.01,21.1,0
CL002555,A22,property,online,4,0,3.4,655.36,38.2,0
CL002556,A26,health,online,5,1,9.3,4545.43,30.9,0
CL002557,A7,motor,online,4,2,10.8,2972.18,51.3,1
CL002558,A16,property,phone,2,1,1.2,1716.31,15.5,0
CL002559,A22,motor,phone,3,1,18.0,1665.39,42.5,1
CL002560,A4,health,online,1,2,17.7,270.76,15.1,0
CL002561,A15,property,phone,3,0,3.9,3362.41,26.4,0
CL002562,A9,travel,broker,2,0,7.3,5879.2,18.4,0
CL002563,A15,property,online,1,4,0.1,1219.19,14.0,0
CL002564,A3,motor,phone,4,1,12.8,1674.12,51.7,1
CL002565,A21,motor,online,1,1,14.4,2554.25,20.1,0
CL002566,A28,health,phone,5,1,7.3,1621.73,32.4,0
CL002567,A24,health,online,2,0,4.8,1885.94,17.7,0
CL002568,A8,property,online,5,0,1.6,6752.64,31.0,0
CL002569,A3,property,phone,2,1,0.9,3972.15,17.3,0
CL002570,A21,motor,broker,3,0,6.0,10092.92,24.6,0
CL002571,A14,property,broker,5,0,12.3,2081.92,50.6,1
CL002572,A19,motor,phone,3,2,2.2,4006.35,21.2,0
CL002573,A5,health,phone,2,1,4.8,923.12,18.2,0
CL002574,A18,property,phone,4,1,20.9,4132.85,29.6,0
CL002575,A3,property,phone,4,2,11.7,694.3,27.8,0
CL002576,A5,health,online,2,0,14.3,1792.88,18.8,0
CL002577,A6,motor,broker,3,1,10.8,3002.65,23.7,0
CL002578,A5,property,online,2,0,8.6,2277.32,19.4,0
CL002579,A14,health,online,5,1,1.5,2739.72,34.0,0
CL002580,A22,motor,broker,2,2,0.4,1491.14,19.0,0
CL002581,A11,motor,phone,3,1,21.6,641.38,26.2,0
CL002582,A7,property,phone,2,2,3.6,746.35,16.5,0
CL002583,A23,travel,phone,4,0,1.9,4809.92,25.7,0
CL002584,A27,property,online,1,1,2.9,2243.87,26.5,0
CL002585,A17,health,phone,2,0,4.1,2474.93,17.8,0
CL002586,A16,health,broker,5,2,4.7,4406.36,27.3,0
CL002587,A1,health,online,3,0,6.6,2458.1,28.1,0
CL002588,A24,property,broker,1,2,6.5,1308.59,20.7,0
CL002589,A27,motor,phone,2,0,17.4,3770.1,24.2,0
CL002590,A26,health,phone,3,1,4.2,8685.23,24.4,0
CL002591,A18,motor,online,3,0,5.9,19940.71,20.1,0
CL002592,A4,travel,broker,4,1,11.6,9294.07,36.3,0
CL002593,A22,property,phone,4,0,16.7,2548.92,29.7,0
CL002594,A15,motor,phone,1,2,4.7,721.47,13.4,0
CL002595,A3,motor,online,4,0,12.5,1143.8,27.8,0
CL002596,A8,property,phone,3,0,0.5,4542.39,20.4,0
CL002597,A27,travel,online,3,3,7.2,1068.86,24.3,0
CL002598,A8,travel,online,5,0,12.1,27352.84,44.6,0
CL002599,A3,motor,broker,1,1,7.6,1073.32,11.8,0
CL002600,A2,health,online,5,0,6.6,1200.77,30.0,0
CL002601,A4,property,online,3,1,20.1,1237.38,43.2,0
CL002602,A6,health,online,1,1,0.2,2290.07,11.3,0
CL002603,A21,health,phone,4,0,14.1,2215.01,27.2,0
CL002604,A0,travel,broker,2,0,2.1,1115.02,17.8,0
CL002605,A24,motor,phone,2,0,6.6,1627.92,17.4,0
CL002606,A9,motor,broker,5,0,0.5,1896.27,47.0,1
CL002607,A7,motor,phone,2,0,7.6,1285.42,18.4,0
CL002608,A18,motor,phone,2,1,5.8,2412.04,24.9,0
CL002609,A4,motor,phone,2,1,12.2,2612.21,16.4,0
CL002610,A23,motor,phone,3,1,5.3,2250.0,25.6,0
CL002611,A0,motor,broker,2,2,2.7,551.04,16.1,0
CL002612,A27,motor,online,2,0,30.6,440.79,23.4,0
CL002613,A27,health,phone,3,0,10.3,1943.27,22.5,0
CL002614,A1,motor,online,3,0,10.6,7150.25,23.4,0
CL002615,A16,motor,online,1,0,8.2,835.66,15.7,0
CL002616,A27,motor,online,2,0,14.3,2688.35,21.1,0
CL002617,A9,property,online,1,1,6.4,1121.19,12.5,0
CL002618,A11,motor,online,1,2,11.1,756.59,13.9,0
CL002619,A4,motor,online,2,2,5.7,593.79,20.3,0
CL002620,A21,property,phone,2,1,3.2,1958.78,15.1,0
CL002621,A22,motor,phone,1,0,6.2,1128.28,15.1,0
CL002622,A19,motor,broker,4,3,15.9,4114.84,52.6,1
CL002623,A11,health,broker,4,0,1.1,1280.38,24.2,0
CL002624,A2,motor,online,5,1,8.7,576.16,32.3,0
CL002625,A0,property,online,5,0,9.9,2064.78,35.2,0
CL002626,A10,travel,online,3,0,6.1,468.33,21.9,0
CL002627,A26,travel,broker,2,0,4.5,2612.48,21.0,0
CL002628,A3,motor,phone,1,2,9.3,4037.43,18.7,0
CL002629,A12,motor,online,4,1,10.6,5344.69,33.1,0
CL002630,A7,health,phone,4,1,12.7,6924.62,25.0,0
CL002631,A6,health,online,3,0,12.1,2002.77,28.5,0
CL002632,A23,motor,online,2,0,8.4,2571.77,20.6,0
CL002633,A24,motor,online,3,0,14.6,3183.28,27.6,0
CL002634,A28,health,phone,2,1,7.9,5125.87,21.6,0
CL002635,A20,property,broker,5,1,8.3,4566.57,50.2,1
CL002636,A4,property,broker,1,1,5.1,3121.41,34.8,1
CL002637,A6,motor,phone,5,0,2.8,2941.6,29.9,0
CL002638,A22,health,phone,3,0,17.7,3767.93,23.2,0
CL002639,A7,motor,online,4,1,14.8,1316.52,30.4,0
CL002640,A14,property,phone,4,0,9.2,872.11,29.6,0
CL002641,A22,motor,online,5,2,7.4,1256.01,48.3,1
CL002642,A4,property,phone,3,1,7.0,2147.92,34.3,0
CL002643,A5,travel,broker,2,1,3.5,3927.84,23.6,0
CL002644,A22,motor,phone,3,1,13.2,1544.9,31.9,0
CL002645,A21,motor,phone,1,2,5.7,1210.35,34.1,1
CL002646,A12,health,online,5,1,10.5,2968.31,52.4,1
CL002647,A4,health,phone,1,2,2.3,2456.13,15.2,0
CL002648,A18,health,online,3,0,16.4,1742.63,44.9,1
CL002649,A2,motor,phone,3,2,4.3,6332.52,41.0,1
CL002650,A15,health,online,3,0,8.5,606.98,23.3,0
CL002651,A7,property,online,2,0,3.6,919.4,19.5,0
CL002652,A6,property,online,4,0,14.7,939.62,47.6,1
CL002653,A24,property,broker,3,1,12.7,4001.3,45.7,1
CL002654,A13,health,online,4,0,8.0,956.52,34.7,0
CL002655,A17,property,online,3,1,17.3,3211.64,24.7,0
CL002656,A11,health,broker,5,1,1.9,1075.43,43.5,0
CL002657,A20,motor,phone,5,1,25.8,2490.67,31.8,0
CL002658,A16,motor,phone,1,0,9.5,2098.14,21.8,0
CL002659,A25,health,broker,3,0,14.7,3266.59,47.5,1
CL002660,A9,motor,broker,2,2,10.5,711.09,30.2,0
CL002661,A7,property,broker,1,0,5.5,863.97,15.5,0
CL002662,A8,health,online,1,0,4.4,790.05,18.5,0
CL002663,A2,motor,phone,4,1,7.4,9191.87,25.5,0
CL002664,A22,property,online,3,1,9.9,5762.05,27.7,0
CL002665,A25,health,broker,5,1,18.3,2211.83,44.4,0
CL002666,A8,property,broker,3,2,14.8,2127.55,22.1,0
CL002667,A6,health,online,4,0,10.4,4185.18,35.8,0
CL002668,A9,motor,phone,4,1,3.1,6131.49,22.0,0
CL002669,A13,health,phone,1,2,5.1,513.47,24.9,0
CL002670,A16,health,phone,3,1,7.8,3277.88,21.0,0
CL002671,A22,health,online,5,1,16.0,1635.89,42.7,0
CL002672,A7,property,online,2,2,2.2,3695.54,23.3,0
CL002673,A10,property,online,1,1,4.9,1836.76,21.9,0
CL002674,A27,motor,phone,4,2,6.8,3825.66,54.0,1
CL002675,A11,health,broker,2,0,3.8,2679.81,16.7,0
CL002676,A4,health,online,5,0,13.8,2580.08,29.9,0
CL002677,A16,motor,broker,5,0,13.6,2680.82,38.2,0
CL002678,A0,property,online,2,1,2.8,7974.62,17.3,0
CL002679,A28,travel,online,3,0,3.6,734.23,26.4,0
CL002680,A1,motor,phone,2,0,11.2,11740.52,18.7,0
CL002681,A22,motor,phone,4,1,9.3,1537.67,32.3,0
CL002682,A29,property,phone,3,0,2.3,1776.01,20.2,0
CL002683,A15,property,broker,2,0,14.3,4832.94,27.5,0
CL002684,A18,motor,broker,3,0,6.5,1157.31,19.3,0
CL002685,A0,motor,phone,3,0,12.3,1894.26,38.2,0
CL002686,A0,motor,phone,3,1,17.9,940.39,23.7,0
CL002687,A4,property,broker,3,0,2.7,3690.53,33.7,0
CL002688,A22,motor,online,1,2,6.0,4784.95,14.2,0
CL002689,A12,motor,online,5,1,4.0,1211.69,28.4,0
CL002690,A27,property,broker,3,1,1.0,423.49,25.1,0
CL002691,A28,motor,online,1,1,2.8,1680.24,14.1,0
CL002692,A5,travel,phone,5,2,2.9,5446.72,34.0,0
CL002693,A23,property,online,3,0,10.4,2541.29,30.9,0
CL002694,A6,travel,phone,2,0,6.4,804.05,23.3,0
CL002695,A1,motor,phone,1,0,14.9,1209.56,14.6,0
CL002696,A28,property,phone,2,0,20.0,1385.84,27.9,0
CL002697,A9,motor,phone,5,1,2.8,9722.08,40.2,0
CL002698,A5,health,online,2,0,3.0,3678.7,17.0,0
CL002699,A25,health,phone,1,1,0.2,682.73,14.3,0
CL002700,A3,health,online,4,0,20.7,3912.45,27.5,0
CL002701,A29,motor,online,3,1,7.2,4532.79,31.4,0
CL002702,A18,motor,online,1,1,26.7,370.71,19.3,0
CL002703,A15,motor,phone,5,2,2.8,5777.91,34.1,0
CL002704,A15,motor,online,1,2,2.7,6475.36,40.8,1
CL002705,A5,health,phone,1,1,1.2,685.18,16.8,0
CL002706,A21,health,online,2,0,6.4,2409.41,18.7,0
CL002707,A15,property,broker,1,0,20.1,3391.21,21.4,0
CL002708,A19,health,online,2,1,7.1,1831.84,22.5,0
CL002709,A16,health,online,2,0,17.1,2717.33,26.6,0
CL002710,A26,property,phone,4,0,6.2,13964.95,26.7,0
CL002711,A10,property,phone,2,2,18.1,567.66,25.4,0
CL002712,A28,property,phone,5,1,5.9,1977.66,33.8,0
CL002713,A12,motor,online,1,0,23.2,1175.71,19.7,0
CL002714,A25,motor,online,2,2,3.4,1818.59,21.6,0
CL002715,A28,motor,online,1,1,1.6,1833.54,13.7,0
CL002716,A13,health,online,5,2,2.8,7792.31,33.7,0
CL002717,A8,travel,online,2,1,9.6,479.03,18.0,0
CL002718,A10,motor,online,2,0,1.1,2760.95,19.1,0
CL002719,A16,motor,online,2,1,9.5,1525.32,23.4,0
CL002720,A16,motor,phone,2,0,11.1,1214.68,17.6,0
CL002721,A5,motor,online,5,0,10.3,6919.79,66.6,1
CL002722,A9,motor,online,1,2,15.5,3189.06,27.0,0
CL002723,A24,motor,phone,3,2,17.3,1465.48,26.2,0
CL002724,A1,health,broker,3,0,8.6,3138.11,41.0,1
CL002725,A25,motor,phone,3,1,3.3,2195.63,20.8,0
CL002726,A17,property,phone,5,0,2.1,3819.19,37.3,0
CL002727,A19,travel,online,3,2,8.4,946.17,33.1,0
CL002728,A8,health,online,2,3,10.5,5807.24,26.1,0
CL002729,A22,property,phone,3,2,4.8,1580.16,22.1,0
CL002730,A17,motor,online,1,1,7.0,816.17,33.0,1
CL002731,A23,motor,online,5,0,20.3,7093.92,54.6,1
CL002732,A14,motor,online,5,2,7.0,2089.81,48.5,1
CL002733,A26,health,phone,2,0,2.7,2260.53,17.9,0
CL002734,A28,health,phone,3,0,1.4,3013.68,24.3,0
CL002735,A14,motor,phone,4,0,0.7,4344.5,24.3,0
CL002736,A28,motor,online,5,0,4.6,10183.9,31.2,0
CL002737,A25,property,online,4,2,19.4,535.92,34.8,0
CL002738,A19,property,online,3,0,9.2,6118.11,21.5,0
CL002739,A4,property,online,2,0,9.9,1769.29,19.0,0
CL002740,A24,motor,online,1,0,10.7,1880.95,37.6,1
CL002741,A14,property,phone,4,0,3.5,7017.39,23.6,0
CL002742,A23,motor,online,1,0,12.5,495.78,14.2,0
CL002743,A23,property,online,1,0,0.9,441.98,13.8,0
CL002744,A2,motor,online,1,2,9.3,517.91,17.7,0
CL002745,A10,motor,phone,1,2,15.6,919.3,14.4,0
CL002746,A15,travel,online,5,2,17.9,929.24,37.1,0
CL002747,A9,property,phone,2,2,4.7,496.89,22.2,0
CL002748,A9,motor,online,2,1,7.6,2550.29,19.5,0
CL002749,A17,motor,broker,5,3,8.2,971.68,48.7,1
CL002750,A13,motor,online,2,0,9.3,913.79,27.5,0
CL002751,A10,motor,online,5,1,7.7,4947.24,28.7,0
CL002752,A7,travel,online,3,1,2.1,1513.91,18.9,0
CL002753,A17,health,online,4,0,4.8,6734.71,50.2,1
CL002754,A16,travel,broker,3,1,7.7,6215.63,24.5,0
CL002755,A3,motor,phone,2,4,2.5,1017.69,20.5,0
CL002756,A19,motor,online,1,2,24.1,1238.02,20.8,0
CL002757,A12,motor,online,1,0,6.0,2136.92,13.9,0
CL002758,A24,health,phone,4,0,15.6,29145.2,30.7,0
CL002759,A21,property,phone,3,2,6.1,1334.55,36.6,0
CL002760,A15,motor,phone,1,1,9.2,4142.73,17.3,0
CL002761,A21,property,online,3,0,6.9,1758.07,35.2,0
CL002762,A2,health,broker,3,0,3.5,3709.4,50.0,1
CL002763,A15,health,broker,4,1,19.8,1108.43,50.6,1
CL002764,A14,motor,phone,5,1,4.1,2930.48,38.8,0
CL002765,A9,motor,broker,1,1,13.7,569.24,17.1,0
CL002766,A20,motor,phone,3,1,8.7,1600.97,20.9,0
CL002767,A24,motor,online,3,1,13.0,2297.12,32.3,0
CL002768,A11,motor,phone,4,0,2.1,3028.02,34.8,0
CL002769,A9,motor,phone,5,1,1.7,937.68,52.9,1
CL002770,A24,property,online,4,2,24.7,9848.62,34.8,0
CL002771,A22,travel,phone,3,0,4.5,1820.44,23.5,0
CL002772,A22,health,online,5,1,8.8,8880.36,31.7,0
CL002773,A6,health,online,5,1,10.6,4118.99,29.5,0
CL002774,A7,health,online,4,0,6.2,2418.89,25.6,0
CL002775,A11,property,online,3,1,16.6,908.38,55.2,1
CL002776,A27,property,online,1,1,5.9,339.55,24.2,0
CL002777,A1,travel,online,4,1,10.6,16014.95,26.2,0
CL002778,A6,property,broker,1,1,11.7,1784.4,18.0,0
CL002779,A17,motor,broker,1,1,9.9,335.77,13.5,0
CL002780,A20,health,online,2,0,6.0,2280.7,17.2,0
CL002781,A11,property,phone,4,2,3.4,6078.18,28.2,0
CL002782,A21,motor,online,2,1,3.2,1157.09,15.7,0
CL002783,A8,motor,online,4,1,15.6,1723.52,28.1,0
CL002784,A27,travel,broker,4,1,14.0,980.66,26.6,0
CL002785,A25,property,phone,4,1,6.0,5441.24,44.8,1
CL002786,A8,motor,online,1,2,2.9,383.69,14.5,0
CL002787,A21,motor,online,5,0,7.7,2599.9,29.3,0
CL002788,A14,motor,phone,5,2,6.8,4423.98,28.8,0
CL002789,A1,motor,phone,4,1,21.6,2351.18,37.0,0
CL002790,A13,property,online,3,2,10.2,2039.28,26.4,0
CL002791,A18,health,phone,3,1,4.8,483.39,21.8,0
CL002792,A28,property,online,2,0,2.5,813.26,15.1,0
CL002793,A4,motor,phone,2,1,17.1,9012.35,17.5,0
CL002794,A24,motor,phone,4,0,5.6,2279.39,28.9,0
CL002795,A25,property,online,4,0,13.2,810.55,25.5,0
CL002796,A29,health,broker,2,0,25.6,3862.4,29.9,0
CL002797,A15,motor,phone,1,1,2.0,2432.06,13.5,0
CL002798,A29,motor,online,1,0,11.3,5424.79,18.3,0
CL002799,A3,property,phone,1,1,6.5,4907.0,34.3,1
CL002800,A15,health,phone,5,2,15.3,1346.67,31.7,0
CL002801,A26,health,phone,4,1,1.2,3844.25,36.4,0
CL002802,A9,property,phone,4,1,5.1,3297.25,26.2,0
CL002803,A25,property,online,3,2,6.5,2966.51,42.5,1
CL002804,A15,health,broker,5,1,7.8,4581.5,32.2,0
CL002805,A24,motor,online,1,1,21.1,952.04,18.3,0
CL002806,A4,health,broker,1,0,4.6,1255.05,17.7,0
CL002807,A28,property,phone,5,0,2.8,778.82,28.0,0
CL002808,A19,motor,online,2,2,5.4,1327.13,19.5,0
CL002809,A0,travel,phone,1,0,1.3,3350.4,11.5,0
CL002810,A23,property,broker,3,1,19.4,1886.92,23.5,0
CL002811,A28,motor,broker,2,0,4.4,435.97,15.8,0
CL002812,A0,health,online,5,0,5.2,1992.24,37.0,0
CL002813,A8,motor,phone,5,0,8.7,4290.02,35.1,0
CL002814,A6,property,phone,4,1,4.6,604.98,29.4,0
CL002815,A10,property,broker,5,1,2.5,1127.23,46.0,1
CL002816,A16,property,phone,4,1,9.5,2525.75,40.1,0
CL002817,A0,health,broker,4,1,9.6,7081.84,48.8,1
CL002818,A10,health,phone,4,1,39.6,385.94,32.2,0
CL002819,A18,property,online,1,0,3.8,1465.81,18.3,0
CL002820,A29,health,online,3,1,9.4,2835.93,46.0,1
CL002821,A28,health,online,5,2,12.0,12995.98,49.3,1
CL002822,A13,motor,online,5,0,0.9,5751.89,28.2,0
CL002823,A11,property,online,1,1,8.0,3163.89,12.1,0
CL002824,A20,health,online,5,1,7.5,2572.56,32.9,0
CL002825,A25,motor,online,1,0,3.1,8763.76,15.6,0
CL002826,A15,health,broker,1,1,4.3,1717.65,11.8,0
CL002827,A26,motor,broker,1,0,2.0,491.68,9.8,0
CL002828,A15,motor,broker,2,1,2.6,764.34,16.9,0
CL002829,A16,health,online,3,1,6.0,4725.1,25.2,0
CL002830,A5,property,online,5,0,1.3,7035.31,36.7,0
CL002831,A22,travel,phone,5,0,9.8,8074.51,34.2,0
CL002832,A16,health,phone,1,0,18.7,4145.48,18.0,0
CL002833,A9,motor,online,1,1,13.5,1473.81,15.8,0
CL002834,A1,travel,online,3,0,19.7,1857.32,46.2,1
CL002835,A1,motor,online,3,1,5.6,5103.16,19.3,0
CL002836,A18,motor,phone,4,2,4.5,2357.93,29.1,0
CL002837,A4,motor,online,2,1,13.5,1316.05,17.3,0
CL002838,A10,health,online,1,1,8.8,246.13,12.9,0
CL002839,A6,motor,online,4,0,2.0,1120.13,31.2,0
CL002840,A4,property,phone,1,1,4.7,387.39,21.5,0
CL002841,A25,health,broker,2,1,2.6,2326.42,24.2,0
CL002842,A21,motor,online,2,0,19.0,589.58,18.4,0
CL002843,A21,motor,broker,2,1,3.8,472.66,42.3,1
CL002844,A12,health,phone,3,1,10.9,1227.82,43.1,1
CL002845,A14,health,broker,5,3,2.4,2476.59,31.4,0
CL002846,A3,health,phone,2,0,1.1,1701.84,22.1,0
CL002847,A5,motor,online,1,1,4.6,1777.38,24.7,0
CL002848,A26,health,broker,4,0,8.7,4101.05,49.3,1
CL002849,A18,health,phone,1,0,22.6,1689.79,26.9,0
CL002850,A29,motor,phone,1,0,6.6,987.44,16.6,0
CL002851,A5,motor,phone,3,2,13.6,4527.23,44.0,1
CL002852,A2,motor,phone,1,0,5.6,537.9,15.2,0
CL002853,A1,motor,broker,1,0,17.6,2644.22,14.6,0
CL002854,A18,health,online,3,3,15.5,5253.29,25.5,0
CL002855,A10,motor,online,4,0,9.2,4299.67,31.9,0
CL002856,A24,motor,online,2,0,5.7,647.04,24.5,0
CL002857,A11,property,broker,3,1,31.5,612.58,52.3,1
CL002858,A23,property,broker,3,1,37.5,5929.12,48.6,1
CL002859,A4,travel,broker,5,2,4.6,3108.36,49.5,1
CL002860,A11,motor,online,3,2,11.0,1632.06,29.6,0
CL002861,A29,travel,online,1,1,5.2,664.02,15.3,0
CL002862,A15,motor,broker,1,1,5.2,896.62,34.5,1
CL002863,A22,motor,broker,3,0,4.1,1181.57,39.0,1
CL002864,A28,health,phone,5,0,50.4,2306.11,40.9,0
CL002865,A23,property,broker,2,2,15.5,2759.25,22.0,0
CL002866,A12,motor,online,1,2,2.3,1376.69,37.0,1
CL002867,A25,health,phone,5,1,16.9,5485.74,56.8,1
CL002868,A11,motor,phone,4,0,11.2,1044.8,30.3,0
CL002869,A27,health,online,3,2,2.5,5152.92,22.4,0
CL002870,A20,property,online,2,0,19.8,1591.64,33.0,0
CL002871,A13,property,phone,5,0,9.1,5348.21,33.0,0
CL002872,A12,property,online,1,0,15.7,2056.76,19.9,0
CL002873,A9,health,broker,2,2,11.1,5050.92,17.7,0
CL002874,A25,health,online,4,0,2.7,540.63,25.8,0
CL002875,A26,travel,online,4,2,31.3,635.64,38.1,0
CL002876,A15,motor,online,3,0,1.6,2092.44,25.4,0
CL002877,A11,motor,online,3,0,3.6,552.35,26.1,0
CL002878,A25,motor,online,4,2,2.0,1993.69,44.4,1
CL002879,A9,health,phone,4,0,29.1,1039.46,35.7,0
CL002880,A29,property,online,3,0,13.3,4913.91,48.2,1
CL002881,A7,property,phone,5,0,5.5,6049.75,38.8,0
CL002882,A15,motor,phone,4,0,4.6,4273.26,24.6,0
CL002883,A6,health,phone,1,0,9.5,3013.27,14.6,0
CL002884,A6,property,online,5,1,6.5,1859.54,30.2,0
CL002885,A20,property,phone,3,0,6.8,1177.57,21.7,0
CL002886,A21,health,online,3,1,1.3,2508.35,22.9,0
CL002887,A20,health,phone,2,1,8.3,1322.68,21.4,0
CL002888,A8,health,online,4,0,18.6,2712.97,51.4,1
CL002889,A6,motor,phone,5,0,15.6,5886.01,36.8,0
CL002890,A18,property,broker,3,0,16.1,2014.52,25.8,0
CL002891,A21,health,online,3,1,2.9,2003.24,21.3,0
CL002892,A3,property,online,1,0,4.9,2281.84,18.3,0
CL002893,A27,property,broker,4,1,4.0,69684.42,25.2,0
CL002894,A6,health,broker,2,1,16.9,2452.84,19.3,0
CL002895,A15,motor,online,4,0,21.3,3634.4,27.4,0
CL002896,A3,motor,online,5,2,6.8,1390.28,28.7,0
CL002897,A16,health,phone,2,0,6.0,1086.85,24.4,0
CL002898,A3,motor,phone,3,0,18.6,4791.87,22.5,0
CL002899,A29,motor,online,5,1,3.2,3543.48,33.7,0
CL002900,A12,travel,online,5,0,1.8,2191.53,47.4,1
CL002901,A24,motor,phone,5,0,6.2,2491.28,29.7,0
CL002902,A25,motor,phone,3,1,6.1,2392.68,23.6,0
CL002903,A19,motor,phone,4,2,3.6,205989.25,25.7,0
CL002904,A0,health,broker,1,1,19.3,468.84,14.0,0
CL002905,A1,property,online,5,2,17.4,12455.25,53.6,1
CL002906,A27,health,broker,2,0,2.3,2876.88,18.1,0
CL002907,A3,motor,broker,4,1,14.7,1413.42,30.2,0
CL002908,A22,motor,broker,4,2,5.9,1725.99,30.4,0
CL002909,A23,health,online,4,0,9.5,7289.28,32.3,0
CL002910,A16,health,online,1,0,6.5,1569.76,16.2,0
CL002911,A14,property,online,3,0,2.9,10130.1,29.2,0
CL002912,A10,travel,broker,3,1,3.5,471.99,20.2,0
CL002913,A29,motor,online,2,0,9.8,230.53,16.8,0
CL002914,A9,property,phone,2,0,3.9,1281.09,21.7,0
CL002915,A10,health,phone,2,2,8.8,772.87,25.2,0
CL002916,A16,travel,online,3,0,11.4,6095.98,21.9,0
CL002917,A1,health,online,4,0,4.2,3731.37,22.6,0
CL002918,A16,travel,phone,3,3,7.9,849.58,34.2,0
CL002919,A22,property,phone,4,2,8.7,10884.54,52.5,1
CL002920,A29,motor,phone,5,1,11.2,5441.82,30.4,0
CL002921,A5,property,broker,5,1,15.1,3559.52,56.9,1
CL002922,A3,health,online,2,0,14.6,1045.35,41.5,1
CL002923,A10,motor,online,4,0,5.1,1263.24,26.1,0
CL002924,A12,motor,online,5,0,8.1,6821.93,41.4,0
CL002925,A16,health,online,4,0,4.6,1552.28,43.2,0
CL002926,A17,health,phone,2,0,11.4,2158.45,17.7,0
CL002927,A8,health,online,2,0,7.2,4708.48,26.4,0
CL002928,A22,motor,online,2,2,12.4,2384.64,24.7,0
CL002929,A20,travel,phone,1,1,11.8,1818.66,13.8,0
CL002930,A19,travel,online,4,0,2.8,446.92,36.7,0
CL002931,A28,property,phone,4,2,15.7,2978.87,52.3,1
CL002932,A3,property,online,3,0,15.6,2479.42,22.7,0
CL002933,A0,motor,online,2,1,4.0,1763.05,17.0,0
CL002934,A1,motor,broker,1,3,6.0,1597.39,12.0,0
CL002935,A13,travel,online,3,0,27.3,9202.21,25.6,0
CL002936,A28,motor,phone,3,0,7.7,3171.54,23.4,0
CL002937,A15,property,online,4,2,15.5,1845.99,32.3,0
CL002938,A20,travel,phone,5,1,15.8,242904.25,38.2,0
CL002939,A25,motor,broker,3,0,4.1,207.36,22.3,0
CL002940,A4,property,broker,4,1,40.9,7744.0,54.3,1
CL002941,A16,property,online,5,0,6.1,907.19,28.2,0
CL002942,A7,health,online,3,1,14.2,2953.17,27.4,0
CL002943,A5,motor,phone,2,2,12.4,586.52,23.0,0
CL002944,A19,health,phone,4,1,1.1,4696.89,33.9,0
CL002945,A10,motor,broker,5,1,11.4,18476.25,31.1,0
CL002946,A12,health,broker,5,2,3.5,3188.63,50.7,1
CL002947,A8,health,phone,1,1,10.9,416.27,33.3,0
CL002948,A20,property,online,2,0,0.4,2655.19,13.9,0
CL002949,A10,travel,online,4,1,30.5,1911.48,29.8,0
CL002950,A16,motor,broker,5,1,3.4,983.04,32.6,0
CL002951,A26,motor,online,5,1,7.0,6405.29,54.8,1
CL002952,A1,motor,online,5,1,16.3,4622.18,32.8,0
CL002953,A10,health,phone,5,2,9.1,20152.07,28.8,0
CL002954,A24,health,online,2,2,6.7,7986.22,18.4,0
CL002955,A28,motor,phone,2,0,0.3,5579.98,18.1,0
CL002956,A8,motor,phone,2,1,0.6,3249.73,20.7,0
CL002957,A25,motor,online,3,1,3.5,1840.34,23.2,0
CL002958,A16,motor,online,1,1,3.0,240.3,18.5,0
CL002959,A11,travel,phone,5,0,3.7,1928.24,30.2,0
CL002960,A22,motor,phone,3,1,7.7,880.86,21.9,0
CL002961,A4,health,online,3,1,11.8,581.03,23.7,0
CL002962,A13,health,phone,4,2,5.6,691.98,22.9,0
CL002963,A13,health,online,3,1,7.5,3590.82,20.5,0
CL002964,A9,motor,online,2,0,15.1,3372.91,36.9,1
CL002965,A29,health,phone,2,1,3.7,3130.86,17.5,0
CL002966,A9,motor,online,3,0,20.1,1707.22,25.2,0
CL002967,A0,health,online,3,0,7.9,1347.84,50.7,1
CL002968,A29,health,phone,1,2,7.4,1929.02,24.1,0
CL002969,A25,motor,broker,1,0,13.7,27775.47,15.1,0
CL002970,A11,health,online,2,0,2.2,1062.08,17.0,0
CL002971,A10,travel,phone,1,1,13.8,2448.7,15.9,0
CL002972,A9,health,online,1,0,11.3,559.95,19.4,0
CL002973,A8,health,phone,3,0,5.1,7101.27,47.6,1
CL002974,A29,property,phone,4,0,13.4,1062.55,28.9,0
CL002975,A15,property,online,2,0,4.3,3784.06,46.5,1
CL002976,A28,health,online,3,1,1.6,1034.17,19.3,0
CL002977,A21,motor,online,5,0,14.3,1545.28,31.2,0
CL002978,A8,travel,broker,2,1,10.5,4502.98,23.0,0
CL002979,A2,health,phone,2,1,4.7,2435.99,31.6,0
CL002980,A27,property,online,4,0,3.0,3509.35,43.8,1
CL002981,A2,motor,phone,3,0,13.1,957.67,32.2,0
CL002982,A27,property,phone,1,1,15.0,567.0,21.3,0
CL002983,A19,property,broker,4,2,35.8,2847.29,33.9,0
CL002984,A9,property,phone,3,1,6.2,10081.27,25.3,0
CL002985,A13,property,phone,2,0,9.2,1415.68,18.2,0
CL002986,A19,motor,phone,1,0,8.5,333.16,16.8,0
CL002987,A21,health,phone,2,2,4.2,1685.0,22.8,0
CL002988,A8,property,online,3,0,22.8,1126.23,24.5,0
CL002989,A11,health,phone,5,2,10.7,8372.03,35.4,0
CL002990,A10,motor,online,5,1,3.3,3283.15,30.6,0
CL002991,A3,motor,broker,3,2,12.3,325.59,26.5,0
CL002992,A1,motor,broker,2,1,6.1,706.7,23.1,0
CL002993,A16,motor,online,5,1,4.8,3577.11,49.5,1
CL002994,A0,motor,phone,2,0,5.1,3117.98,19.4,0
CL002995,A2,travel,online,3,1,3.9,1434.34,21.7,0
CL002996,A8,health,online,2,0,27.2,2291.85,26.4,0
CL002997,A6,motor,phone,1,0,8.2,1484.17,12.6,0
CL002998,A15,motor,online,2,0,7.2,1834.93,15.6,0
CL002999,A3,property,broker,3,1,4.6,2188.84,23.1,0
CL003000,A18,motor,phone,3,1,12.7,15088.61,32.1,0
CL003001,A14,health,phone,2,1,1.9,1995.29,16.8,0
CL003002,A10,property,phone,2,2,12.0,2082.37,20.5,0
CL003003,A24,motor,online,3,1,1.2,4580.53,27.5,0
CL003004,A12,motor,online,1,1,15.1,2355.18,18.0,0
CL003005,A14,property,phone,2,0,8.0,3225.02,17.7,0
CL003006,A12,motor,online,5,0,23.4,1699.95,57.4,1
CL003007,A16,motor,phone,1,0,7.1,3488.36,12.3,0
CL003008,A6,health,online,5,1,1.1,2562.21,29.7,0
CL003009,A19,travel,online,3,0,3.1,1262.27,19.5,0
CL003010,A22,motor,online,3,0,27.8,568.62,34.6,0
CL003011,A28,motor,online,2,0,2.9,2161.49,14.9,0
CL003012,A17,travel,online,5,1,1.9,3561.87,26.6,0
CL003013,A22,property,online,2,1,2.5,3005.34,24.6,0
CL003014,A24,property,online,3,1,7.8,2391.92,22.4,0
CL003015,A21,health,phone,1,0,4.1,2000.77,14.0,0
CL003016,A0,property,online,3,0,1.6,3193.28,20.0,0
CL003017,A18,motor,online,4,0,9.8,1883.07,25.6,0
CL003018,A15,motor,phone,1,0,3.9,413.92,35.5,1
CL003019,A20,property,online,3,2,12.5,1137.07,33.6,0
CL003020,A6,motor,phone,5,1,5.4,3630.83,30.8,0
CL003021,A17,motor,online,5,0,4.4,1528.62,31.6,0
CL003022,A26,motor,phone,1,2,4.4,2478.5,14.3,0
CL003023,A27,motor,online,5,0,7.3,781.0,29.6,0
CL003024,A10,property,broker,5,2,2.1,37978.0,32.2,0
CL003025,A7,motor,online,1,0,5.2,334.84,11.0,0
CL003026,A23,motor,phone,4,0,2.4,2604.88,26.3,0
CL003027,A14,property,online,1,0,3.8,461.95,11.7,0
CL003028,A0,motor,phone,4,3,8.6,595.29,24.0,0
CL003029,A16,travel,online,2,1,7.8,3406.69,16.8,0
CL003030,A19,health,online,2,0,5.4,8153.03,15.5,0
CL003031,A12,motor,phone,2,0,3.3,2654.04,26.3,0
CL003032,A22,motor,phone,2,2,14.2,3490.54,17.5,0
CL003033,A6,motor,phone,4,0,7.2,904.75,45.0,1
CL003034,A25,property,broker,1,1,7.2,2273.92,28.4,0
CL003035,A7,property,online,5,0,4.3,2734.04,35.9,0
CL003036,A2,travel,online,2,0,9.1,552.21,19.2,0
CL003037,A24,health,phone,3,1,16.3,5656.51,45.1,1
CL003038,A16,motor,broker,4,0,10.4,4676.65,32.1,0
CL003039,A2,motor,phone,1,0,4.8,1151.92,15.0,0
CL003040,A19,property,online,4,2,4.7,2482.89,32.1,0
CL003041,A1,motor,phone,5,0,2.5,2527.62,34.6,0
CL003042,A12,travel,phone,3,2,1.1,989.38,18.2,0
CL003043,A17,property,broker,3,0,13.0,1736.46,54.1,1
CL003044,A4,motor,phone,3,0,14.7,2221.14,21.8,0
CL003045,A3,health,phone,2,3,16.7,1665.2,38.1,1
CL003046,A5,health,phone,5,1,3.7,1945.91,52.5,1
CL003047,A23,health,phone,5,2,1.1,5072.08,26.8,0
CL003048,A17,health,phone,2,0,1.4,1004.16,37.4,1
CL003049,A21,travel,online,2,2,8.1,1438.92,17.7,0
CL003050,A21,property,phone,3,2,15.3,1872.3,43.3,1
CL003051,A24,property,broker,4,0,9.9,13384.65,49.9,1
CL003052,A23,motor,online,2,2,12.2,543.21,18.7,0
CL003053,A28,travel,broker,5,0,30.0,1880.73,45.4,0
CL003054,A28,health,online,3,0,6.6,3504.1,22.7,0
CL003055,A0,motor,online,3,1,9.0,2035.59,28.5,0
CL003056,A26,health,online,4,1,2.9,7871.13,32.2,0
CL003057,A22,health,phone,1,0,2.5,1443.53,9.8,0
CL003058,A7,property,online,4,0,9.4,14603.5,30.6,0
CL003059,A8,health,online,3,2,8.4,1559.63,26.1,0
CL003060,A28,property,phone,1,0,7.7,1773.43,16.0,0
CL003061,A3,property,online,2,2,5.8,9179.79,19.2,0
CL003062,A3,property,online,3,2,3.0,1464.46,24.0,0
CL003063,A19,property,broker,3,0,6.3,10770.99,21.7,0
CL003064,A11,health,online,2,0,5.0,4315.49,22.2,0
CL003065,A23,motor,online,4,2,5.5,5113.68,43.8,1
CL003066,A12,property,online,4,0,2.8,1673.64,27.8,0
CL003067,A5,property,broker,4,1,4.9,1308.11,24.6,0
CL003068,A22,motor,broker,2,1,6.9,1488.72,18.1,0
CL003069,A12,property,phone,2,1,6.8,1291.3,16.6,0
CL003070,A10,property,online,3,1,7.5,954.79,39.2,1
CL003071,A9,motor,online,2,1,25.3,3875.61,23.0,0
CL003072,A21,health,online,2,1,25.2,409.37,26.3,0
CL003073,A8,motor,online,2,1,6.0,7148.42,17.6,0
CL003074,A4,health,online,4,0,23.7,9197.17,29.4,0
CL003075,A8,property,online,3,0,2.3,2136.95,22.8,0
CL003076,A28,property,phone,5,1,9.6,1970.26,30.4,0
CL003077,A7,health,phone,4,0,19.1,7463.58,32.8,0
CL003078,A29,motor,broker,3,4,2.3,1326.82,28.1,0
CL003079,A19,motor,online,1,1,2.3,3502.75,21.2,0
CL003080,A9,health,phone,4,1,9.4,3717.63,44.0,1
CL003081,A19,property,broker,2,1,11.2,1370.33,23.3,0
CL003082,A12,health,broker,2,1,28.9,1028.55,32.9,0
CL003083,A0,motor,broker,1,0,3.1,2333.96,14.7,0
CL003084,A4,motor,broker,1,2,5.0,1826.57,12.7,0
CL003085,A15,motor,online,2,2,2.0,756.52,18.5,0
CL003086,A20,health,broker,3,1,0.4,1751.44,30.0,0
CL003087,A1,property,online,5,1,16.0,895.29,33.6,0
CL003088,A26,motor,online,3,2,9.7,7891.79,21.2,0
CL003089,A15,travel,broker,2,2,5.1,533.27,17.2,0
CL003090,A14,motor,online,3,1,2.7,2387.23,43.1,1
CL003091,A16,motor,broker,5,1,11.8,6878.16,28.8,0
CL003092,A12,health,online,4,1,39.9,2291.22,34.6,0
CL003093,A19,motor,broker,4,0,3.2,1213.28,23.6,0
CL003094,A23,travel,online,2,0,11.1,1322.85,16.4,0
CL003095,A29,motor,online,4,0,1.6,3691.41,30.8,0
CL003096,A6,travel,broker,4,2,13.3,3664.74,46.1,1
CL003097,A8,motor,phone,1,2,8.0,7453.52,12.8,0
CL003098,A19,property,online,1,1,2.1,1707.09,11.9,0
CL003099,A18,health,broker,1,1,10.0,616.35,25.1,0
CL003100,A8,health,online,1,0,7.5,2344.51,40.2,1
CL003101,A20,motor,online,2,1,2.5,13602.36,26.3,0
CL003102,A23,health,online,2,1,13.0,2330.32,44.3,1
CL003103,A10,motor,online,3,1,30.0,459.09,53.5,1
CL003104,A8,travel,phone,3,0,0.5,2488.48,18.6,0
CL003105,A17,health,broker,2,0,10.0,8953.02,19.3,0
CL003106,A26,property,online,4,1,0.5,3317.05,30.6,0
CL003107,A26,travel,phone,1,1,3.1,1523.33,34.8,1
CL003108,A25,health,phone,4,1,8.5,708.71,28.8,0
CL003109,A2,property,online,5,1,4.1,9912.87,49.9,1
CL003110,A12,motor,online,4,1,22.8,3876.56,56.3,1
CL003111,A17,travel,phone,4,0,12.7,1288.31,27.9,0
CL003112,A13,motor,online,3,0,8.6,7176.78,23.1,0
CL003113,A2,property,online,5,2,2.0,1194.13,27.4,0
CL003114,A4,health,online,5,1,11.2,18254.25,28.7,0
CL003115,A7,property,online,5,0,0.2,2870.78,27.2,0
CL003116,A23,travel,broker,4,0,4.1,6196.31,25.6,0
CL003117,A0,property,online,1,0,2.3,476.67,18.4,0
CL003118,A27,health,online,1,0,7.8,1691.31,13.2,0
CL003119,A20,property,online,1,0,8.8,1246.17,14.1,0
CL003120,A7,travel,phone,5,0,9.0,2611.85,30.2,0
CL003121,A13,property,broker,4,0,9.1,2947.4,30.6,0
CL003122,A24,health,online,2,0,1.8,447.99,21.2,0
CL003123,A19,health,broker,5,1,4.1,12126.65,28.9,0
CL003124,A18,motor,phone,4,1,0.7,16327.86,24.1,0
CL003125,A4,property,online,1,0,8.4,2849.92,22.2,0
CL003126,A7,health,online,1,0,5.3,6308.76,17.3,0
CL003127,A14,health,phone,3,0,7.1,6245.68,25.8,0
CL003128,A2,motor,online,1,1,7.0,749.86,14.2,0
CL003129,A17,health,online,3,2,4.3,2966.45,19.3,0
CL003130,A14,health,online,2,0,14.1,7781.47,21.0,0
CL003131,A12,property,online,2,2,9.4,188050.25,19.9,0
CL003132,A26,property,phone,1,1,3.2,2199.46,12.2,0
CL003133,A15,property,online,5,1,4.5,3060.79,37.0,0
CL003134,A19,health,broker,4,1,13.7,2075.03,31.9,0
CL003135,A12,health,online,4,1,19.7,5066.98,26.7,0
CL003136,A15,health,online,2,0,12.1,1274.72,44.0,1
CL003137,A23,property,broker,1,1,6.9,1495.25,15.3,0
CL003138,A17,property,phone,4,0,7.4,7347.18,26.0,0
CL003139,A19,motor,online,1,0,3.2,638.25,17.9,0
CL003140,A24,motor,phone,2,0,1.8,3164.53,23.6,0
CL003141,A17,motor,broker,3,0,4.8,8338.61,21.8,0
CL003142,A0,health,phone,4,0,8.0,1848.97,28.8,0
CL003143,A7,property,phone,3,0,12.5,1470.64,26.2,0
CL003144,A22,motor,broker,2,0,1.2,1839.06,42.6,1
CL003145,A20,motor,online,3,0,11.5,3527.3,21.8,0
CL003146,A24,motor,broker,4,1,6.2,1513.72,49.0,1
CL003147,A19,motor,phone,1,1,13.4,849.67,18.9,0
CL003148,A10,property,broker,2,1,5.1,593.18,15.5,0
CL003149,A12,motor,online,3,1,1.0,3238.45,19.3,0
CL003150,A0,motor,online,2,3,11.1,63620.0,39.3,0
CL003151,A0,motor,phone,5,0,14.2,1639.15,33.1,0
CL003152,A15,property,online,2,1,3.5,682.28,16.9,0
CL003153,A12,property,online,5,0,0.9,2237.61,30.7,0
CL003154,A8,travel,online,4,0,3.2,359.31,24.5,0
CL003155,A25,health,online,4,0,19.7,851.08,50.5,1
CL003156,A5,property,online,4,1,9.2,655.42,26.9,0
CL003157,A27,property,broker,3,2,17.4,207.41,27.5,0
CL003158,A24,health,phone,4,0,7.4,2262.13,33.8,0
CL003159,A6,health,online,4,0,0.9,2112.93,26.3,0
CL003160,A18,health,online,1,1,0.6,1445.06,15.1,0
CL003161,A3,health,broker,3,5,17.7,1465.61,25.9,0
CL003162,A23,motor,phone,2,1,1.6,236.13,30.1,0
CL003163,A6,travel,phone,3,0,3.1,1262.41,20.0,0
CL003164,A6,motor,online,5,1,4.1,1100.55,50.6,1
CL003165,A27,health,online,1,2,3.4,308.2,12.8,0
CL003166,A5,health,online,5,0,4.9,5466.12,29.4,0
CL003167,A23,property,broker,5,3,7.5,7355.07,52.0,1
CL003168,A18,travel,online,3,0,11.1,7432.69,30.6,0
CL003169,A20,motor,broker,2,1,3.7,5587.48,16.6,0
CL003170,A18,health,phone,4,1,4.6,1058.72,55.4,1
CL003171,A19,health,online,2,2,3.6,3740.15,20.8,0
CL003172,A3,health,online,2,2,6.3,4691.16,23.1,0
CL003173,A28,motor,broker,4,0,16.9,7168.82,28.7,0
CL003174,A22,motor,broker,2,1,11.7,1159.87,24.7,0
CL003175,A29,property,broker,3,1,11.2,4450.28,24.2,0
CL003176,A27,health,broker,3,1,8.4,631.28,20.3,0
CL003177,A23,property,broker,1,1,2.2,634.38,17.2,0
CL003178,A2,motor,phone,5,1,16.0,3454.99,32.1,0
CL003179,A8,motor,online,4,1,20.8,1875.55,44.8,0
CL003180,A14,property,online,5,2,8.2,1924.69,30.1,0
CL003181,A1,motor,phone,4,1,5.4,1163.51,31.2,0
CL003182,A4,health,phone,3,1,11.2,2042.7,26.5,0
CL003183,A23,health,online,1,0,9.1,1492.89,40.0,1
CL003184,A2,property,broker,5,2,12.4,3935.21,52.0,1
CL003185,A6,property,broker,1,0,1.5,3267.65,38.6,1
CL003186,A11,motor,phone,4,0,3.3,1355.52,24.4,0
CL003187,A24,motor,online,2,1,9.6,1108.19,34.7,0
CL003188,A10,motor,phone,1,2,13.5,904.29,16.4,0
CL003189,A11,motor,online,3,0,15.1,4354.58,29.8,0
CL003190,A2,property,online,2,1,12.5,2828.67,21.3,0
CL003191,A26,travel,phone,2,2,4.8,684.22,27.3,0
CL003192,A1,property,broker,5,0,20.2,6753.71,58.3,1
CL003193,A4,property,phone,1,0,6.7,1757.48,16.8,0
CL003194,A21,travel,broker,1,1,0.5,1744.59,15.0,0
CL003195,A12,health,broker,5,0,7.0,996.73,36.7,0
CL003196,A13,property,online,2,1,4.1,1579.39,22.5,0
CL003197,A29,travel,phone,1,2,5.5,520.09,11.7,0
CL003198,A8,travel,phone,4,0,14.9,393.81,28.3,0
CL003199,A19,property,online,2,2,10.5,1358.48,29.9,0
CL003200,A25,property,phone,2,0,28.2,683.84,25.0,0
CL003201,A1,motor,online,1,0,11.6,983.78,19.7,0
CL003202,A19,health,online,2,1,28.1,1757.65,45.5,1
CL003203,A16,property,online,4,1,39.1,694.34,34.1,0
CL003204,A27,property,phone,1,1,25.8,3850.06,18.2,0
CL003205,A3,motor,phone,5,0,0.8,1907.69,48.8,1
CL003206,A26,property,phone,2,2,10.3,1359.18,17.3,0
CL003207,A27,travel,online,3,0,21.2,5817.84,44.9,1
CL003208,A26,health,online,4,0,6.8,1208.19,28.2,0
CL003209,A5,motor,phone,2,1,15.2,5107.05,21.2,0
CL003210,A21,motor,online,2,1,0.0,6377.8,17.5,0
CL003211,A22,property,phone,4,2,4.7,5259.26,23.8,0
CL003212,A4,motor,online,1,0,15.7,5100.7,17.8,0
CL003213,A6,property,phone,1,0,1.0,1374.14,12.3,0
CL003214,A5,motor,online,3,3,7.6,1061.17,22.0,0
CL003215,A9,property,online,1,4,25.4,556.06,17.3,0
CL003216,A6,health,broker,4,0,3.7,3593.96,24.5,0
CL003217,A21,travel,phone,1,3,0.3,747.99,11.9,0
CL003218,A13,property,online,4,0,14.3,6100.0,33.0,0
CL003219,A14,property,phone,1,0,2.2,1573.05,13.8,0
CL003220,A27,motor,online,5,2,15.1,3116.97,40.0,0
CL003221,A14,property,broker,5,1,6.5,8832.53,29.0,0
CL003222,A17,motor,phone,4,1,9.7,2116.35,48.0,1
CL003223,A20,travel,online,5,0,1.8,1031.96,34.7,0
CL003224,A15,health,phone,4,1,4.6,4182.44,26.0,0
CL003225,A10,motor,online,4,0,10.3,1004.62,25.2,0
CL003226,A29,motor,online,3,2,0.8,845.39,41.3,1
CL003227,A5,property,online,3,0,5.7,4209.12,20.4,0
CL003228,A15,health,phone,1,0,3.3,1136.36,16.6,0
CL003229,A23,property,online,5,0,8.3,3303.02,49.5,1
CL003230,A0,property,phone,1,0,3.6,690.51,15.8,0
CL003231,A1,motor,phone,1,1,9.6,966.7,16.3,0
CL003232,A29,motor,online,5,1,3.8,2674.13,36.3,0
CL003233,A29,motor,broker,2,1,2.7,2440.18,18.7,0
CL003234,A14,property,online,2,1,0.1,673.83,16.3,0
CL003235,A21,motor,phone,5,1,9.1,977.24,33.1,0
CL003236,A14,property,online,2,2,1.4,4088.81,22.3,0
CL003237,A27,motor,online,2,0,23.4,1576.32,22.6,0
CL003238,A26,travel,phone,4,0,15.2,5536.74,45.8,1
CL003239,A8,property,broker,2,1,9.7,717.26,18.1,0
CL003240,A1,motor,online,5,1,0.5,3163.08,37.1,0
CL003241,A0,property,online,2,0,6.5,2110.29,16.1,0
CL003242,A26,motor,online,4,0,5.4,9446.12,27.4,0
CL003243,A20,property,broker,5,1,8.8,5764.06,31.5,0
CL003244,A3,motor,broker,5,0,1.3,2140.83,31.0,0
CL003245,A8,property,broker,1,1,4.0,921.41,11.8,0
CL003246,A28,health,online,5,2,20.1,1546.55,53.6,1
CL003247,A15,motor,online,3,0,1.1,6725.1,22.6,0
CL003248,A6,health,phone,4,2,7.0,10872.83,32.6,0
CL003249,A17,property,phone,1,1,5.1,1867.08,14.6,0
CL003250,A15,health,phone,1,0,3.1,1330.74,14.3,0
CL003251,A4,travel,online,4,0,20.1,1795.13,50.7,1
CL003252,A19,motor,phone,4,1,37.8,2464.91,32.3,0
CL003253,A8,health,broker,1,0,6.7,1557.78,25.3,0
CL003254,A10,health,phone,1,0,2.2,2308.43,11.7,0
CL003255,A27,travel,phone,4,1,7.5,9248.65,39.7,0
CL003256,A2,motor,online,1,3,0.8,4152.59,10.0,0
CL003257,A4,property,phone,4,0,3.6,5304.53,23.3,0
CL003258,A19,health,phone,1,1,12.8,514.57,12.7,0
CL003259,A3,motor,broker,1,0,0.7,654.05,14.3,0
CL003260,A1,motor,online,2,1,13.7,683.27,19.4,0
CL003261,A17,motor,broker,5,0,12.6,9237.28,49.9,1
CL003262,A25,motor,online,1,0,9.7,2915.29,21.4,0
CL003263,A15,motor,online,5,2,8.7,891.14,35.4,0
CL003264,A13,motor,online,5,0,0.4,846.48,26.3,0
CL003265,A16,motor,phone,1,0,7.3,2992.87,34.1,1
CL003266,A6,property,phone,4,3,1.0,4188.44,34.1,0
CL003267,A12,motor,online,4,0,20.9,6231.39,33.8,0
CL003268,A24,motor,online,5,0,4.8,6854.16,33.8,0
CL003269,A7,property,phone,4,2,6.6,317.88,33.7,0
CL003270,A11,property,broker,5,1,0.8,4148.75,28.1,0
CL003271,A13,property,online,1,3,10.5,4707.5,17.3,0
CL003272,A14,motor,phone,2,0,3.5,910.39,17.0,0
CL003273,A17,property,online,3,0,0.7,3933.93,35.1,0
CL003274,A21,motor,online,2,1,1.9,1114.73,36.5,1
CL003275,A28,health,online,1,2,10.7,47464.0,19.1,0
CL003276,A21,motor,phone,4,0,23.2,1856.58,33.7,0
CL003277,A3,motor,online,5,1,2.4,594.67,27.5,0
CL003278,A28,travel,online,5,0,9.1,1345.52,34.4,0
CL003279,A0,motor,phone,1,1,9.8,2307.5,19.5,0
CL003280,A29,motor,phone,1,1,9.6,5123.86,36.5,1
CL003281,A10,motor,phone,4,2,6.7,2510.74,37.5,0
CL003282,A4,property,online,4,0,7.1,2024.9,28.6,0
CL003283,A12,health,online,1,0,6.5,190.77,14.9,0
CL003284,A29,health,online,1,1,13.7,2932.07,19.5,0
CL003285,A24,motor,online,3,3,15.5,272.5,41.3,1
CL003286,A16,health,online,3,0,4.2,5001.51,24.9,0
CL003287,A1,property,online,4,0,3.5,1063.87,26.2,0
CL003288,A20,motor,online,2,3,8.4,826.08,17.2,0
CL003289,A3,health,phone,2,2,5.3,4110.17,25.2,0
CL003290,A18,health,broker,3,0,24.4,2742.24,33.0,0
CL003291,A13,motor,online,1,1,4.7,308.57,15.8,0
CL003292,A9,property,online,3,2,1.5,6015.81,22.8,0
CL003293,A1,property,online,2,0,15.3,506.87,34.5,0
CL003294,A23,travel,phone,3,0,6.4,1850.32,20.6,0
CL003295,A19,property,broker,2,3,6.4,2425.59,18.3,0
CL003296,A6,travel,phone,1,1,4.5,2016.51,16.3,0
CL003297,A25,motor,phone,1,0,15.0,2459.84,18.1,0
CL003298,A22,property,broker,3,0,9.1,9247.18,22.8,0
CL003299,A28,property,online,4,0,22.1,8806.4,49.5,1
CL003300,A16,health,online,2,0,0.9,609.15,23.6,0
CL003301,A12,property,online,4,0,2.2,779.7,55.4,1
CL003302,A7,health,online,3,0,8.4,1007.27,20.4,0
CL003303,A16,health,online,2,1,2.9,824.33,22.3,0
CL003304,A3,motor,broker,3,1,1.3,2474.1,22.7,0
CL003305,A16,health,phone,3,1,6.5,5207.73,30.7,0
CL003306,A26,health,online,3,1,16.2,3995.0,22.5,0
CL003307,A10,health,broker,5,1,4.3,1714.68,30.2,0
CL003308,A0,motor,broker,2,1,15.9,2121.01,22.3,0
CL003309,A8,travel,online,2,1,5.4,4880.47,16.5,0
CL003310,A21,motor,broker,2,2,5.0,7790.71,14.6,0
CL003311,A7,property,online,4,0,3.3,3077.96,28.7,0
CL003312,A11,travel,phone,4,0,1.2,4225.82,45.2,1
CL003313,A22,motor,phone,3,0,7.4,4887.65,34.6,0
CL003314,A4,motor,broker,5,1,21.0,16259.96,38.8,0
CL003315,A2,health,phone,5,0,9.9,4177.45,41.3,0
CL003316,A22,motor,online,3,0,13.7,8835.78,29.3,0
CL003317,A16,motor,phone,1,2,3.7,3320.12,27.0,0
CL003318,A3,motor,online,1,1,5.9,1028.9,13.7,0
CL003319,A29,motor,phone,2,1,3.3,832.67,19.3,0
CL003320,A27,property,phone,2,0,3.5,1716.37,15.1,0
CL003321,A15,property,phone,1,1,2.7,142024.0,11.1,0
CL003322,A28,property,online,3,0,9.9,4001.27,43.4,1
CL003323,A5,health,broker,5,1,19.2,1086.09,32.3,0
CL003324,A0,motor,online,5,1,13.9,14369.94,35.2,0
CL003325,A12,property,online,3,1,8.9,4204.96,29.7,0
CL003326,A27,travel,phone,5,0,4.9,9123.25,34.2,0
CL003327,A1,motor,online,4,1,6.7,2830.02,26.0,0
CL003328,A4,property,phone,3,1,8.0,2003.98,32.3,0
CL003329,A27,property,phone,5,1,0.9,2136.68,48.3,1
CL003330,A8,property,phone,1,2,6.5,243.59,32.9,0
CL003331,A20,travel,online,3,2,5.3,2482.86,22.2,0
CL003332,A2,health,online,3,1,12.0,5141.21,46.5,1
CL003333,A0,motor,phone,4,1,6.6,1839.38,23.9,0
CL003334,A22,travel,online,3,2,14.3,3899.94,31.7,0
CL003335,A9,health,online,2,1,3.0,2990.29,19.4,0
CL003336,A9,motor,broker,1,1,2.9,2405.6,13.9,0
CL003337,A25,health,phone,5,2,21.0,3788.43,36.6,0
CL003338,A9,motor,online,4,0,8.6,4355.33,28.2,0
CL003339,A4,motor,phone,1,1,1.6,1071.85,14.8,0
CL003340,A7,health,online,3,0,3.5,923.59,20.8,0
CL003341,A0,property,online,1,1,4.4,2104.12,15.8,0
CL003342,A22,motor,phone,5,1,15.1,1369.2,51.5,1
CL003343,A18,health,online,1,0,1.1,517.89,19.6,0
CL003344,A29,motor,online,2,1,18.6,1329.7,19.1,0
CL003345,A29,travel,online,2,1,5.0,872.16,15.2,0
CL003346,A29,travel,online,5,0,5.6,3792.9,26.6,0
CL003347,A15,health,online,2,0,8.2,2740.13,27.7,0
CL003348,A5,motor,online,3,1,11.7,516.82,20.2,0
CL003349,A22,motor,phone,1,2,1.7,1552.68,11.8,0
CL003350,A4,health,online,3,0,5.5,5237.07,49.3,1
CL003351,A0,motor,online,2,1,3.9,4562.66,16.1,0
CL003352,A27,health,online,3,1,1.4,2587.18,17.8,0
CL003353,A15,motor,online,3,1,11.4,8546.81,33.8,0
CL003354,A13,motor,online,4,1,5.7,5276.38,31.6,0
CL003355,A7,travel,online,2,3,1.5,1724.31,19.2,0
CL003356,A16,health,phone,3,0,8.4,4493.39,20.0,0
CL003357,A0,motor,phone,4,1,5.1,931.83,25.1,0
CL003358,A29,motor,phone,5,1,15.6,3128.15,39.6,0
CL003359,A20,property,phone,5,1,1.9,3784.02,28.1,0
CL003360,A6,motor,online,4,3,7.5,5163.04,49.7,1
CL003361,A1,motor,phone,4,2,14.0,291.56,33.6,0
CL003362,A22,property,online,1,1,9.3,3495.1,11.7,0
CL003363,A18,motor,broker,4,1,10.6,4420.31,27.6,0
CL003364,A5,motor,online,3,0,1.5,18045.34,18.8,0
CL003365,A16,travel,online,3,3,8.1,1332.13,50.0,1
CL003366,A0,motor,phone,5,3,10.8,5007.79,32.5,0
CL003367,A28,motor,online,4,0,17.3,3260.14,34.5,0
CL003368,A24,property,phone,4,1,10.3,5149.19,26.5,0
CL003369,A27,motor,phone,5,1,8.9,6589.93,32.2,0
CL003370,A1,motor,online,1,0,15.6,1683.7,23.9,0
CL003371,A28,health,online,5,0,14.8,4224.61,40.4,0
CL003372,A29,health,phone,3,1,2.0,6183.68,18.8,0
CL003373,A27,motor,online,2,2,1.6,25301.0,25.8,0
CL003374,A5,property,broker,4,1,14.9,3009.75,48.4,0
CL003375,A7,health,phone,2,0,0.6,7488.34,20.5,0
CL003376,A0,health,online,3,1,5.4,950.5,25.9,0
CL003377,A19,motor,broker,1,1,2.9,1756.1,18.1,0
CL003378,A7,motor,online,3,0,4.4,105946.0,19.5,0
CL003379,A13,health,broker,2,1,8.9,1820.22,39.2,1
CL003380,A18,motor,phone,4,0,9.0,6188.57,25.9,0
CL003381,A3,travel,phone,4,1,23.3,853.92,33.0,0
CL003382,A11,motor,online,2,1,17.9,2567.49,23.6,0
CL003383,A22,health,online,3,0,18.3,1406.77,25.5,0
CL003384,A15,property,phone,1,0,3.5,1536.57,12.5,0
CL003385,A21,motor,phone,3,1,4.8,739.19,41.0,1
CL003386,A27,property,phone,2,1,13.3,606.82,19.7,0
CL003387,A8,motor,online,4,4,11.6,7683.21,48.9,1
CL003388,A19,travel,broker,1,0,9.4,4259.87,18.7,0
CL003389,A26,health,online,1,1,2.5,231.36,12.9,0
CL003390,A20,motor,broker,4,1,9.4,5782.32,32.3,0
CL003391,A3,motor,online,4,1,3.7,4238.95,30.8,0
CL003392,A29,health,online,3,0,24.3,1289.83,25.4,0
CL003393,A2,motor,phone,1,0,7.5,886.86,15.7,0
CL003394,A7,motor,online,2,1,5.8,877.59,14.8,0
CL003395,A10,health,online,5,0,8.3,3472.7,29.2,0
CL003396,A24,motor,online,5,0,3.8,1925.38,28.0,0
CL003397,A22,property,broker,5,4,13.3,13604.25,60.0,1
CL003398,A5,property,phone,4,1,6.5,1282.3,30.4,0
CL003399,A2,property,broker,1,0,4.3,714.64,11.5,0
CL003400,A17,motor,online,5,2,4.2,1655.74,40.8,0
CL003401,A28,property,broker,3,2,9.1,3148.48,25.5,0
CL003402,A2,motor,broker,3,0,13.2,12606.96,25.4,0
CL003403,A14,health,online,5,2,8.7,4323.3,32.0,0
CL003404,A3,motor,online,3,2,17.7,12151.34,24.3,0
CL003405,A6,property,online,1,2,11.2,1623.2,36.1,0
CL003406,A13,travel,online,1,1,61.1,1752.85,36.7,0
CL003407,A0,property,online,4,0,4.0,14778.12,30.7,0
CL003408,A9,travel,online,5,1,3.9,86890.0,49.5,1
CL003409,A13,motor,online,2,0,8.8,2130.35,21.8,0
CL003410,A19,property,online,1,3,5.2,4410.17,11.3,0
CL003411,A22,health,phone,5,1,4.6,4832.96,29.1,0
CL003412,A23,health,online,1,0,5.6,1481.29,47.9,1
CL003413,A15,travel,online,2,0,10.9,13705.09,31.1,0
CL003414,A7,motor,online,2,0,8.8,777.18,17.2,0
CL003415,A23,motor,phone,4,0,19.3,1758.59,36.8,0
CL003416,A28,health,online,3,0,15.5,2526.58,21.2,0
CL003417,A12,travel,broker,1,1,7.5,1055.12,14.0,0
CL003418,A25,health,broker,4,2,5.0,3668.17,45.9,1
CL003419,A4,motor,online,4,0,1.8,6461.73,25.6,0
CL003420,A7,motor,phone,5,0,11.1,1215.14,31.6,0
CL003421,A3,travel,online,3,1,21.5,1109.45,26.1,0
CL003422,A1,health,phone,1,1,3.8,149.67,11.2,0
CL003423,A4,property,phone,5,0,9.4,2136.01,34.6,0
CL003424,A19,property,online,5,1,21.5,389.25,34.5,0
CL003425,A23,motor,phone,3,2,5.5,1501.89,29.8,0
CL003426,A1,property,phone,2,0,16.6,1591.96,20.8,0
CL003427,A11,motor,broker,1,0,4.7,1914.61,12.9,0
CL003428,A26,travel,phone,2,1,6.6,544.67,18.7,0
CL003429,A6,motor,online,5,1,8.4,2150.13,40.6,0
CL003430,A12,motor,broker,3,0,2.5,5182.58,19.2,0
CL003431,A10,property,phone,5,1,43.3,2785.41,41.0,0
CL003432,A7,motor,online,1,0,1.9,3174.64,21.5,0
CL003433,A6,travel,broker,3,0,0.1,3209.56,19.0,0
CL003434,A7,motor,online,5,0,17.7,3631.72,32.7,0
CL003435,A25,property,broker,1,1,2.9,2725.94,36.6,1
CL003436,A5,motor,phone,5,1,5.6,807.82,29.3,0
CL003437,A24,health,phone,5,0,8.2,7105.2,57.6,0
CL003438,A19,property,broker,1,1,6.0,16117.0,35.6,1
CL003439,A2,property,phone,5,0,9.4,1352.3,29.6,0
CL003440,A0,travel,phone,3,1,9.2,1445.69,23.3,0
CL003441,A7,property,broker,1,0,1.4,5652.15,17.8,0
CL003442,A15,health,phone,3,1,4.4,10589.71,42.5,1
CL003443,A4,property,online,1,0,2.5,947.31,12.8,0
CL003444,A16,health,phone,5,0,1.8,2391.56,31.4,0
CL003445,A15,travel,online,5,1,13.4,3267.54,44.3,0
CL003446,A2,motor,online,4,0,4.4,412.2,25.4,0
CL003447,A22,motor,phone,2,1,3.4,2509.54,22.8,0
CL003448,A6,property,phone,3,1,5.5,251.61,22.1,0
CL003449,A9,motor,online,4,2,3.9,2190.93,37.8,0
CL003450,A5,health,online,2,0,5.0,744.9,27.2,0
CL003451,A6,health,online,2,0,8.2,755.16,21.4,0
CL003452,A1,travel,online,1,3,12.2,2212.92,19.9,0
CL003453,A5,property,phone,5,1,3.0,12269.24,29.6,0
CL003454,A24,motor,online,1,0,7.8,1559.81,14.4,0
CL003455,A9,property,online,2,0,2.0,1805.86,20.2,0
CL003456,A19,motor,phone,3,0,22.8,7931.18,52.5,1
CL003457,A29,property,online,3,0,2.6,2537.66,22.0,0
CL003458,A13,motor,broker,3,2,12.4,3913.43,26.5,0
CL003459,A20,health,broker,1,1,6.6,2013.66,18.6,0
CL003460,A2,property,online,5,0,4.4,23511.93,30.8,0
CL003461,A0,motor,online,1,1,7.3,1965.58,17.3,0
CL003462,A14,health,online,4,1,9.0,10062.3,47.8,1
CL003463,A0,motor,online,4,0,4.3,1471.42,27.7,0
CL003464,A9,motor,phone,5,0,7.5,3209.99,34.8,0
CL003465,A26,health,online,4,2,2.0,11516.55,28.3,0
CL003466,A4,health,phone,5,1,10.2,2288.38,31.0,0
CL003467,A1,motor,online,2,0,2.3,654.08,18.3,0
CL003468,A8,property,online,2,0,9.8,591.94,17.1,0
CL003469,A25,property,online,5,1,5.7,11046.14,29.7,0
CL003470,A29,health,online,5,1,3.6,3321.73,61.5,1
CL003471,A14,health,online,2,1,13.2,691.52,19.0,0
CL003472,A27,health,online,3,1,4.6,3506.32,19.7,0
CL003473,A22,health,online,1,1,4.0,9870.98,36.9,1
CL003474,A3,motor,broker,5,2,10.7,2642.34,40.3,0
CL003475,A17,motor,phone,4,2,15.2,1314.92,31.2,0
CL003476,A24,health,online,2,1,1.4,1675.46,47.8,1
CL003477,A7,property,phone,5,0,17.5,3454.88,36.2,0
CL003478,A1,motor,online,5,1,11.7,5126.96,34.9,0
CL003479,A1,property,phone,4,1,14.0,1811.61,29.0,0
CL003480,A2,motor,broker,5,2,1.8,1638.78,28.1,0
CL003481,A22,property,phone,4,2,5.6,6485.62,26.2,0
CL003482,A3,motor,phone,4,1,1.5,1927.97,29.7,0
CL003483,A29,motor,online,1,2,1.0,2107.1,12.4,0
CL003484,A13,motor,online,4,3,14.2,2067.2,28.1,0
CL003485,A19,health,phone,3,1,2.1,2022.24,26.3,0
CL003486,A14,motor,phone,3,0,9.5,9364.2,28.6,0
CL003487,A18,motor,broker,3,1,0.9,544.52,24.3,0
CL003488,A27,motor,online,1,0,24.6,1095.09,38.8,1
CL003489,A14,property,phone,4,1,7.8,4517.71,26.2,0
CL003490,A5,travel,online,3,1,3.4,2033.38,21.8,0
CL003491,A21,motor,online,1,1,1.6,834.04,16.6,0
CL003492,A24,motor,online,3,1,16.1,2028.13,22.9,0
CL003493,A5,health,broker,5,1,7.0,14657.71,34.4,0
CL003494,A8,motor,phone,5,0,5.0,877.29,27.9,0
CL003495,A25,health,online,2,0,0.6,12468.03,14.6,0
CL003496,A3,motor,online,2,0,16.9,1219.43,19.1,0
CL003497,A26,property,online,4,0,9.3,6519.88,32.4,0
CL003498,A2,property,online,1,0,16.7,282.72,18.3,0
CL003499,A4,property,phone,3,4,3.2,1628.94,19.7,0
CL003500,A24,health,phone,3,0,6.5,5762.52,39.3,1
CL003501,A19,health,broker,2,2,8.5,4911.72,22.2,0
CL003502,A1,motor,phone,4,0,13.4,1401.64,28.2,0
CL003503,A8,property,broker,1,2,5.9,1001.84,11.6,0
CL003504,A9,health,online,4,0,5.1,2788.78,46.7,1
CL003505,A18,health,online,5,0,21.0,1251.67,32.2,0
CL003506,A4,health,online,2,0,8.9,6061.57,18.3,0
CL003507,A4,travel,broker,3,1,1.0,1820.06,21.3,0
CL003508,A27,motor,online,1,1,9.9,1776.11,15.8,0
CL003509,A22,motor,online,4,1,9.1,1876.03,26.2,0
CL003510,A9,property,online,2,0,4.1,589.74,27.0,0
CL003511,A23,travel,online,5,1,11.0,1274.44,40.6,0
CL003512,A13,motor,phone,1,0,7.7,415.03,13.4,0
CL003513,A23,motor,online,1,0,0.6,1884.44,14.7,0
CL003514,A15,motor,phone,1,0,7.5,918.26,13.8,0
CL003515,A22,motor,broker,5,1,5.7,8463.39,39.1,0
CL003516,A28,property,broker,1,0,12.2,1222.49,13.9,0
CL003517,A1,motor,phone,2,2,3.3,15290.16,17.4,0
CL003518,A3,motor,phone,3,2,9.1,935.29,21.1,0
CL003519,A27,motor,phone,2,0,8.0,1384.34,24.5,0
CL003520,A10,health,online,1,3,1.9,3424.43,37.9,1
CL003521,A28,health,broker,2,0,4.4,9024.15,17.7,0
CL003522,A12,motor,phone,2,1,2.1,1240.02,15.2,0
CL003523,A8,motor,phone,1,1,1.1,2334.77,14.5,0
CL003524,A24,motor,online,2,0,6.6,1981.68,23.5,0
CL003525,A11,motor,phone,4,0,2.1,197.76,22.8,0
CL003526,A28,motor,phone,2,0,11.4,3284.95,42.6,1
CL003527,A5,health,phone,4,2,4.0,480.34,26.4,0
CL003528,A7,motor,phone,1,1,1.8,575.86,16.6,0
CL003529,A20,health,phone,3,0,28.1,1686.0,42.3,0
CL003530,A25,property,online,2,1,18.4,1386.06,23.8,0
CL003531,A3,property,phone,1,0,8.2,813.8,34.5,1
CL003532,A16,property,broker,4,2,7.5,1247.84,46.0,1
CL003533,A3,health,phone,2,1,6.0,6754.18,16.1,0
CL003534,A17,property,online,5,2,8.1,3957.41,33.8,0
CL003535,A21,motor,phone,2,1,21.8,476.95,19.3,0
CL003536,A5,property,broker,1,1,24.2,235.6,30.5,0
CL003537,A17,travel,online,5,1,25.3,14938.13,56.5,1
CL003538,A4,motor,phone,3,0,18.0,2990.89,24.4,0
CL003539,A3,property,online,1,2,7.1,2020.85,15.1,0
CL003540,A17,property,online,3,1,14.7,4373.22,26.9,0
CL003541,A18,travel,phone,3,1,6.2,2860.09,20.4,0
CL003542,A16,motor,online,1,0,15.3,1821.64,17.0,0
CL003543,A11,motor,phone,3,1,3.9,4110.72,22.5,0
CL003544,A22,health,online,5,0,2.4,1671.01,36.0,0
CL003545,A1,motor,phone,2,0,11.6,3320.06,18.2,0
CL003546,A13,property,phone,2,0,8.6,2249.77,17.4,0
CL003547,A16,motor,broker,1,2,8.7,338.73,15.1,0
CL003548,A6,motor,online,1,1,8.2,955.22,13.6,0
CL003549,A18,health,broker,5,1,3.1,3557.09,33.7,0
CL003550,A18,motor,online,2,1,6.3,4229.82,19.5,0
CL003551,A5,motor,phone,5,1,2.4,23934.76,27.6,0
CL003552,A2,motor,phone,5,2,5.3,2493.11,50.6,1
CL003553,A7,motor,phone,3,2,1.3,2211.21,39.8,1
CL003554,A11,property,broker,2,1,0.7,1637.34,45.4,1
CL003555,A27,motor,broker,5,0,8.1,2179.78,32.8,0
CL003556,A17,motor,online,2,1,3.3,5757.01,16.2,0
CL003557,A13,health,online,1,1,4.7,251.94,13.6,0
CL003558,A3,motor,online,5,0,11.8,3669.32,36.4,0
CL003559,A10,health,online,2,1,2.5,801.26,20.2,0
CL003560,A5,motor,phone,5,2,5.8,15292.75,32.9,0
CL003561,A9,health,phone,3,2,2.3,2592.61,29.6,0
CL003562,A26,health,online,4,1,8.6,13568.29,55.5,1
CL003563,A10,travel,broker,2,1,3.5,146.86,18.2,0
CL003564,A19,property,broker,4,1,18.1,7396.87,28.9,0
CL003565,A25,motor,online,2,0,1.4,1984.9,16.6,0
CL003566,A5,motor,phone,2,2,2.7,1407.71,18.3,0
CL003567,A19,health,phone,5,2,24.9,10854.03,36.9,0
CL003568,A2,motor,online,4,1,11.0,409.71,50.8,1
CL003569,A29,property,broker,1,1,5.4,12017.67,13.7,0
CL003570,A17,health,broker,5,0,8.8,3943.1,37.1,0
CL003571,A11,property,broker,3,1,2.7,6452.08,23.6,0
CL003572,A27,travel,phone,2,1,10.9,4974.59,23.9,0
CL003573,A6,travel,phone,3,0,1.4,17257.72,21.6,0
CL003574,A5,property,online,4,3,4.0,8524.94,32.0,0
CL003575,A22,property,online,4,0,6.2,3937.96,25.9,0
CL003576,A1,travel,online,1,1,13.6,252.78,17.3,0
CL003577,A25,travel,phone,5,1,6.9,1273.36,30.8,0
CL003578,A17,motor,phone,3,0,1.2,2374.62,28.8,0
CL003579,A5,property,phone,5,6,2.8,1782.07,30.5,0
CL003580,A21,motor,broker,1,1,10.8,1525.3,17.4,0
CL003581,A29,health,phone,2,3,13.4,1064.94,43.4,1
CL003582,A19,motor,broker,2,1,10.3,2485.45,29.4,0
CL003583,A6,property,phone,4,2,14.2,1257.95,29.4,0
CL003584,A15,property,broker,1,3,12.4,3330.02,18.8,0
CL003585,A3,motor,phone,2,1,10.7,1215.16,27.8,0
CL003586,A17,motor,online,4,1,6.8,9893.88,27.2,0
CL003587,A23,property,broker,1,2,3.3,607.7,15.0,0
CL003588,A17,property,online,5,0,12.4,7520.55,42.4,0
CL003589,A16,travel,phone,1,2,12.5,1038.36,16.6,0
CL003590,A7,health,online,3,1,14.3,5103.91,26.3,0
CL003591,A24,motor,broker,1,0,14.0,3797.98,20.0,0
CL003592,A28,motor,online,4,3,4.6,19395.03,51.3,1
CL003593,A25,motor,online,4,1,1.9,3104.69,32.8,0
CL003594,A14,property,online,1,0,3.3,3294.05,15.5,0
CL003595,A24,property,broker,4,1,10.6,7809.54,28.6,0
CL003596,A12,property,broker,2,0,8.4,2190.11,40.9,1
CL003597,A27,health,online,4,0,4.8,1751.94,30.8,0
CL003598,A2,travel,broker,5,0,16.7,1571.65,35.5,0
CL003599,A25,health,online,2,0,4.1,663.58,22.0,0
CL003600,A10,property,online,4,1,20.8,10296.28,35.5,0
CL003601,A13,health,online,5,1,5.5,1557.66,47.0,1
CL003602,A3,motor,phone,5,1,4.8,9041.52,36.2,0
CL003603,A26,health,phone,2,1,5.9,3122.33,23.3,0
CL003604,A23,motor,broker,5,1,10.3,8461.38,48.1,1
CL003605,A29,health,phone,1,2,14.9,2311.88,23.5,0
CL003606,A23,health,phone,2,2,18.3,10111.14,19.5,0
CL003607,A4,motor,phone,3,0,10.1,1806.94,23.8,0
CL003608,A3,motor,online,1,3,10.0,778.1,20.2,0
CL003609,A24,health,online,2,0,13.9,1687.62,21.9,0
CL003610,A5,health,phone,2,0,11.2,1441.53,16.4,0
CL003611,A24,motor,phone,5,0,7.6,6863.34,48.7,1
CL003612,A10,motor,online,4,2,2.6,4221.53,26.6,0
CL003613,A21,travel,phone,3,1,7.6,648.61,28.8,0
CL003614,A21,health,phone,5,1,5.3,668.3,33.0,0
CL003615,A22,travel,online,2,0,19.3,3145.15,24.0,0
CL003616,A21,motor,phone,2,0,9.7,1268.12,50.3,1
CL003617,A21,motor,online,3,0,1.8,789.96,19.3,0
CL003618,A0,health,phone,4,1,43.6,995.86,36.8,0
CL003619,A18,motor,online,5,1,1.0,7187.36,32.9,0
CL003620,A22,travel,online,2,1,5.1,1406.12,19.6,0
CL003621,A27,motor,online,2,0,19.9,5310.47,24.5,0
CL003622,A28,health,online,5,1,2.9,1664.26,28.3,0
CL003623,A0,property,broker,2,3,4.5,7123.09,25.2,0
CL003624,A8,motor,broker,3,2,9.5,1422.74,53.7,1
CL003625,A24,travel,online,5,0,1.4,2098.17,27.3,0
CL003626,A19,motor,online,5,1,10.1,3661.35,30.0,0
CL003627,A7,motor,online,1,0,9.5,924.36,17.1,0
CL003628,A22,motor,phone,5,0,3.1,6889.93,31.7,0
CL003629,A27,motor,phone,2,0,5.5,1188.04,19.5,0
CL003630,A25,travel,online,1,0,1.7,4678.68,16.7,0
CL003631,A20,motor,phone,1,2,3.2,1410.72,18.1,0
CL003632,A1,motor,online,4,1,15.5,3116.39,31.8,0
CL003633,A17,travel,phone,4,3,8.4,2709.13,26.4,0
CL003634,A10,health,online,1,0,19.8,2224.44,16.7,0
CL003635,A26,health,online,4,1,22.5,2872.19,28.7,0
CL003636,A18,motor,online,1,1,10.4,6988.61,14.9,0
CL003637,A9,motor,online,1,0,20.8,1867.04,23.6,0
CL003638,A8,travel,online,5,1,10.8,6022.61,32.3,0
CL003639,A0,travel,phone,5,0,0.6,1369.49,36.5,0
CL003640,A9,motor,online,5,1,5.1,2356.48,52.0,1
CL003641,A10,travel,online,1,1,8.8,1906.63,31.5,0
CL003642,A6,motor,phone,5,1,2.3,1929.13,32.0,0
CL003643,A11,motor,online,2,0,6.3,3374.0,21.5,0
CL003644,A17,travel,online,2,1,1.9,7912.14,14.9,0
CL003645,A13,property,online,1,1,9.9,2818.76,22.0,0
CL003646,A9,motor,broker,5,2,18.7,2787.6,35.8,0
CL003647,A21,health,broker,5,0,5.5,1548.6,41.4,0
CL003648,A24,motor,online,1,1,5.3,895.28,15.0,0
CL003649,A12,motor,online,2,0,3.4,542.04,16.2,0
CL003650,A11,property,phone,4,0,8.6,1862.14,27.7,0
CL003651,A27,travel,online,4,0,4.8,453.09,45.5,1
CL003652,A20,motor,online,5,0,8.0,4824.85,33.1,0
CL003653,A17,health,online,4,0,5.4,10388.66,33.9,0
CL003654,A27,travel,phone,2,2,6.7,525.05,23.0,0
CL003655,A17,health,online,1,0,5.4,3300.3,18.4,0
CL003656,A26,property,online,5,1,0.6,2282.65,38.1,0
CL003657,A28,motor,broker,2,1,11.8,3682.98,22.7,0
CL003658,A28,motor,phone,4,0,5.0,985.15,25.9,0
CL003659,A2,health,phone,3,2,8.4,1709.85,22.5,0
CL003660,A27,motor,phone,4,1,10.6,3441.95,51.4,1
CL003661,A6,travel,phone,2,0,20.9,8185.25,22.7,0
CL003662,A13,health,online,1,2,5.8,976.6,22.5,0
CL003663,A6,motor,online,3,1,16.1,1583.27,27.9,0
CL003664,A24,motor,broker,2,0,15.5,1649.37,42.0,1
CL003665,A16,motor,phone,2,2,34.2,1968.53,47.7,1
CL003666,A28,travel,phone,4,2,16.6,4491.08,30.3,0
CL003667,A4,motor,online,3,0,15.2,431.3,56.9,1
CL003668,A5,motor,online,2,0,11.3,1178.17,43.8,1
CL003669,A13,health,online,1,1,9.5,297.48,11.7,0
CL003670,A10,health,online,1,0,18.9,1400.4,38.8,1
CL003671,A28,travel,phone,4,2,16.1,6753.96,53.1,1
CL003672,A4,motor,online,4,1,18.3,744.82,28.0,0
CL003673,A6,property,online,2,0,2.8,1080.17,33.6,0
CL003674,A1,health,online,4,2,20.4,2138.9,30.1,0
CL003675,A23,health,online,1,1,14.4,584.81,19.8,0
CL003676,A19,travel,online,3,0,4.9,3796.93,29.7,0
CL003677,A8,property,broker,5,1,4.5,1217.93,28.0,0
CL003678,A28,health,online,1,0,2.9,2891.4,12.9,0
CL003679,A17,motor,online,4,0,19.2,2073.56,30.2,0
CL003680,A6,motor,broker,2,0,3.5,643.05,16.4,0
CL003681,A27,motor,online,3,0,11.4,2001.31,22.2,0
CL003682,A4,motor,online,1,1,6.9,1246.37,15.1,0
CL003683,A9,motor,phone,2,0,11.3,5932.57,39.8,1
CL003684,A25,motor,broker,2,1,9.6,532.75,24.2,0
CL003685,A14,motor,online,3,1,0.7,16025.31,41.8,1
CL003686,A7,motor,online,3,3,3.2,3461.28,39.0,1
CL003687,A11,motor,online,4,1,10.5,2067.67,30.4,0
CL003688,A15,motor,phone,5,0,11.0,3155.8,38.3,0
CL003689,A11,motor,online,4,0,5.3,1138.54,37.5,0
CL003690,A13,health,phone,4,0,4.4,3579.37,33.9,0
CL003691,A8,property,broker,5,0,15.7,2069.21,35.3,0
CL003692,A17,motor,online,5,0,2.6,2665.04,32.0,0
CL003693,A14,motor,broker,2,1,6.1,4602.7,36.4,1
CL003694,A10,health,online,4,0,0.7,1959.84,45.2,1
CL003695,A7,motor,phone,5,0,16.5,2331.53,57.5,1
CL003696,A25,health,broker,3,0,19.0,1744.47,36.9,0
CL003697,A14,health,phone,3,0,7.5,1607.72,44.2,1
CL003698,A12,motor,online,3,0,2.9,24172.0,21.0,0
CL003699,A1,health,phone,5,1,6.5,5095.11,33.5,0
CL003700,A19,property,broker,3,0,8.2,11163.07,27.2,0
CL003701,A10,motor,online,2,0,25.6,1650.22,33.0,0
CL003702,A24,health,phone,4,1,5.9,1554.73,24.0,0
CL003703,A3,property,phone,2,4,9.5,689.27,45.3,1
CL003704,A28,health,phone,5,1,8.3,20288.77,31.1,0
CL003705,A18,property,online,5,2,24.9,2358.43,55.8,1
CL003706,A8,motor,phone,5,1,8.3,1819.21,31.8,0
CL003707,A27,motor,online,4,1,3.7,1032.22,25.3,0
CL003708,A23,property,phone,5,0,7.0,2113.98,29.5,0
CL003709,A23,property,broker,4,0,0.6,7386.6,46.7,1
CL003710,A20,motor,broker,4,0,3.3,2529.1,43.4,1
CL003711,A6,property,online,1,0,6.5,2251.05,12.9,0
CL003712,A24,property,online,1,0,6.4,630.63,14.6,0
CL003713,A2,motor,online,4,1,6.9,7258.2,28.3,0
CL003714,A12,health,broker,4,1,3.3,5956.12,25.5,0
CL003715,A13,motor,online,3,2,3.6,4496.22,24.7,0
CL003716,A13,motor,broker,2,1,1.7,379.13,16.4,0
CL003717,A4,motor,online,5,2,5.0,12063.88,29.9,0
CL003718,A20,travel,broker,1,1,19.6,1562.85,34.0,0
CL003719,A28,motor,online,5,1,18.4,1916.53,31.2,0
CL003720,A0,health,phone,1,1,5.1,1254.33,11.0,0
CL003721,A15,motor,broker,5,1,5.1,3879.24,57.5,1
CL003722,A0,health,phone,1,0,7.6,5946.22,40.7,1
CL003723,A27,health,broker,5,1,8.0,3599.72,32.0,0
CL003724,A18,motor,online,3,1,13.7,3525.25,23.5,0
CL003725,A27,travel,phone,3,1,24.4,1557.4,29.1,0
CL003726,A13,motor,online,4,1,2.9,8017.74,47.0,1
CL003727,A24,property,phone,3,1,4.5,5680.47,22.3,0
CL003728,A2,motor,online,1,1,2.8,1668.87,16.9,0
CL003729,A22,property,phone,4,2,3.8,3257.54,26.3,0
CL003730,A12,travel,phone,1,1,2.5,1468.9,14.9,0
CL003731,A8,motor,broker,4,0,31.1,8153.56,30.7,0
CL003732,A6,property,broker,5,0,25.3,16970.91,34.0,0
CL003733,A21,health,broker,3,1,4.6,8259.96,27.1,0
CL003734,A21,health,phone,1,0,4.7,1899.43,25.2,0
CL003735,A29,health,online,4,0,0.3,5489.77,25.2,0
CL003736,A15,health,online,5,3,8.0,1155.15,32.2,0
CL003737,A29,property,phone,4,0,11.0,6331.15,51.5,1
CL003738,A16,health,online,1,0,4.9,1828.48,16.1,0
CL003739,A6,property,phone,2,1,11.1,1916.02,25.6,0
CL003740,A11,health,online,4,0,30.9,442.79,57.6,1
CL003741,A7,health,phone,2,1,5.3,1861.32,16.6,0
CL003742,A19,health,phone,5,0,7.3,2254.24,53.8,1
CL003743,A14,health,online,2,0,1.0,927.68,20.4,0
CL003744,A27,health,phone,5,2,15.3,1486.23,30.6,0
CL003745,A7,property,phone,5,2,5.7,3034.8,31.4,0
CL003746,A23,property,online,2,1,1.4,1113.36,23.0,0
CL003747,A0,health,online,4,2,17.1,3926.21,32.8,0
CL003748,A20,motor,broker,1,1,20.0,3028.94,17.0,0
CL003749,A15,health,online,5,0,16.0,1950.89,33.0,0
CL003750,A0,motor,online,4,0,3.5,5995.57,44.0,1
CL003751,A9,health,phone,4,0,19.7,7590.38,31.9,0
CL003752,A25,motor,phone,4,0,5.6,5731.37,30.7,0
CL003753,A2,health,online,2,2,44.6,473.18,29.9,0
CL003754,A21,property,broker,1,0,4.9,1270.32,11.7,0
CL003755,A4,property,online,5,1,0.2,4397.52,28.6,0
CL003756,A12,health,online,3,0,26.1,5081.67,31.2,0
CL003757,A21,property,phone,2,0,1.4,1804.65,19.2,0
CL003758,A18,motor,online,5,2,6.5,6891.44,57.4,1
CL003759,A12,motor,phone,5,0,1.8,3304.86,46.8,1
CL003760,A14,health,online,1,0,6.4,11540.75,22.7,0
CL003761,A23,motor,phone,5,0,9.7,15574.34,28.9,0
CL003762,A4,property,phone,3,0,17.6,1017.82,32.3,0
CL003763,A4,health,online,5,1,9.0,9201.89,28.5,0
CL003764,A12,property,online,1,2,23.6,5778.55,24.4,0
CL003765,A13,health,online,4,1,2.6,1005.53,48.7,1
CL003766,A14,motor,online,3,1,1.5,4218.69,23.9,0
CL003767,A27,property,broker,2,0,1.9,2046.13,15.3,0
CL003768,A7,motor,online,4,1,12.8,8659.89,27.3,0
CL003769,A20,motor,phone,2,0,3.9,1490.74,15.4,0
CL003770,A22,motor,online,4,1,12.9,1961.11,26.5,0
CL003771,A6,motor,broker,4,0,0.7,8215.63,23.4,0
CL003772,A10,property,online,3,1,4.7,3123.95,27.5,0
CL003773,A7,motor,broker,2,0,1.7,3390.79,34.2,1
CL003774,A18,motor,phone,1,1,2.7,1903.5,11.5,0
CL003775,A1,health,online,3,1,13.7,535.8,47.6,1
CL003776,A26,property,online,2,1,38.0,692.1,27.5,0
CL003777,A18,motor,phone,2,0,4.7,785.0,16.3,0
CL003778,A10,motor,online,1,2,3.9,11466.32,13.9,0
CL003779,A24,motor,phone,4,0,7.3,2981.51,31.6,0
CL003780,A24,motor,phone,4,1,15.0,4794.3,29.5,0
CL003781,A22,motor,online,3,0,0.7,6956.89,23.1,0
CL003782,A8,health,online,4,1,14.9,3413.67,31.5,0
CL003783,A27,health,broker,4,0,18.5,3268.87,50.2,1
CL003784,A24,motor,phone,1,0,5.0,145.14,18.5,0
CL003785,A5,health,online,5,0,2.1,912.68,27.4,0
CL003786,A25,motor,online,1,3,3.6,5861.94,16.2,0
CL003787,A7,property,online,2,0,1.0,1694.85,21.1,0
CL003788,A12,health,broker,1,0,3.5,1537.53,21.9,0
CL003789,A12,motor,online,5,1,18.7,5697.39,38.3,0
CL003790,A1,property,online,2,1,6.0,6026.35,24.5,0
CL003791,A23,health,broker,1,1,0.7,1317.8,11.1,0
CL003792,A10,travel,phone,4,2,5.9,1243.52,26.3,0
CL003793,A1,property,online,4,1,3.7,1862.74,34.2,0
CL003794,A0,motor,online,3,1,14.4,2390.73,23.6,0
CL003795,A14,motor,online,5,0,3.5,938.67,35.9,0
CL003796,A28,property,phone,4,1,11.8,7487.0,31.7,0
CL003797,A1,property,online,3,0,8.6,1571.72,26.6,0
CL003798,A26,health,phone,2,0,13.0,3843.32,21.1,0
CL003799,A8,health,online,1,0,4.0,293.0,21.5,0
CL003800,A4,health,online,5,1,6.3,1816.94,44.2,0
CL003801,A17,motor,phone,4,0,2.2,2384.1,24.2,0
CL003802,A12,health,phone,4,2,2.7,14087.46,25.8,0
CL003803,A24,health,phone,1,1,25.6,2890.8,16.4,0
CL003804,A10,health,online,3,3,3.7,4247.24,25.5,0
CL003805,A29,health,online,5,1,10.1,8724.87,36.9,0
CL003806,A10,health,online,4,2,7.7,4148.57,48.1,1
CL003807,A29,health,online,2,0,9.0,656.65,42.1,1
CL003808,A24,property,phone,1,2,5.0,1982.22,13.1,0
CL003809,A9,travel,online,4,2,5.9,1394.16,25.3,0
CL003810,A8,motor,phone,2,1,9.1,1871.58,17.3,0
CL003811,A3,motor,broker,3,1,12.9,1893.75,44.9,1
CL003812,A12,property,online,3,0,3.4,855.8,19.5,0
CL003813,A8,motor,broker,4,1,4.8,3658.71,25.3,0
CL003814,A4,motor,phone,3,1,9.2,507.65,25.2,0
CL003815,A24,motor,online,5,0,14.0,2133.82,52.4,1
CL003816,A15,health,broker,4,1,1.4,2382.79,25.8,0
CL003817,A5,motor,phone,3,0,7.3,2601.77,24.5,0
CL003818,A10,property,online,3,4,9.4,712.82,26.6,0
CL003819,A25,motor,online,4,1,6.5,1085.68,50.0,0
CL003820,A24,motor,phone,1,0,16.2,858.79,20.2,0
CL003821,A11,property,online,1,0,1.2,202.77,19.1,0
CL003822,A0,motor,broker,1,2,26.6,9551.5,20.0,0
CL003823,A21,health,phone,3,1,7.8,11193.79,25.5,0
CL003824,A6,travel,online,5,2,3.7,4221.98,32.4,0
CL003825,A22,health,broker,2,0,53.0,1405.68,31.1,0
CL003826,A21,motor,online,4,0,16.2,17547.46,31.9,0
CL003827,A16,motor,broker,2,1,11.1,924.54,17.4,0
CL003828,A4,motor,phone,2,1,3.3,5472.81,17.0,0
CL003829,A21,property,broker,2,1,10.7,3314.56,43.5,1
CL003830,A20,motor,phone,1,1,14.0,1984.69,14.0,0
CL003831,A13,health,online,4,0,14.6,1523.26,51.5,1
CL003832,A22,travel,phone,5,1,30.0,2717.02,36.7,0
CL003833,A10,motor,online,5,1,6.5,1009.62,53.2,1
CL003834,A8,motor,online,2,1,3.2,573.98,20.7,0
CL003835,A5,property,broker,3,0,13.1,4995.12,26.1,0
CL003836,A23,motor,online,5,0,1.7,6897.75,56.0,1
CL003837,A22,motor,phone,1,1,14.0,390.13,14.9,0
CL003838,A7,health,online,4,0,13.4,3972.15,28.6,0
CL003839,A3,motor,online,1,2,4.3,805.15,19.5,0
CL003840,A27,travel,broker,4,0,11.6,5849.96,27.9,0
CL003841,A2,property,phone,2,0,18.0,2076.31,18.2,0
CL003842,A27,property,online,3,1,29.1,1990.4,33.4,0
CL003843,A29,property,broker,2,1,2.3,989.11,19.7,0
CL003844,A2,motor,phone,2,0,13.6,2224.99,26.2,0
CL003845,A22,property,broker,4,3,6.5,1952.82,45.1,1
CL003846,A24,motor,online,1,0,6.3,337.1,14.3,0
CL003847,A22,health,broker,4,0,4.0,3938.81,24.6,0
CL003848,A4,travel,phone,3,2,4.7,2105.65,41.6,1
CL003849,A27,motor,phone,4,0,3.7,1989.44,26.5,0
CL003850,A4,property,phone,1,0,10.5,3602.08,21.4,0
CL003851,A20,motor,online,5,0,1.6,1908.93,33.1,0
CL003852,A19,motor,online,3,0,10.0,1160.69,22.0,0
CL003853,A17,motor,online,1,0,9.5,1601.34,16.6,0
CL003854,A3,health,phone,2,1,19.7,1699.45,27.6,0
CL003855,A25,travel,phone,3,1,23.0,5690.03,26.8,0
CL003856,A16,property,phone,5,1,13.8,2942.56,29.9,0
CL003857,A2,travel,broker,1,0,27.3,4348.61,21.7,0
CL003858,A7,health,phone,5,1,12.0,4121.62,29.9,0
CL003859,A17,property,broker,5,1,10.0,1733.67,49.0,1
CL003860,A27,property,online,5,0,5.3,1595.12,31.1,0
CL003861,A16,health,phone,5,1,2.0,2302.49,48.3,1
CL003862,A8,motor,phone,2,0,8.6,1718.48,18.6,0
CL003863,A7,motor,phone,1,2,4.4,943.08,21.3,0
CL003864,A2,motor,online,3,2,0.7,353.91,30.0,0
CL003865,A5,motor,online,4,2,4.0,1415.05,52.5,1
CL003866,A2,health,online,3,0,10.0,3227.68,20.5,0
CL003867,A7,health,broker,4,0,22.5,1444.33,30.1,0
CL003868,A21,health,phone,1,0,4.4,1660.08,25.5,0
CL003869,A21,property,online,5,1,36.1,2954.52,35.5,0
CL003870,A5,motor,broker,3,2,4.7,3747.49,42.9,1
CL003871,A7,property,online,1,1,5.3,1688.89,15.2,0
CL003872,A17,motor,online,4,2,3.7,718.7,26.2,0
CL003873,A20,motor,phone,4,0,4.3,4431.98,46.7,1
CL003874,A2,property,broker,5,0,16.2,1654.45,52.3,1
CL003875,A16,motor,phone,1,0,21.2,1459.34,34.6,0
CL003876,A4,motor,phone,5,1,11.3,51006.27,31.7,0
CL003877,A9,property,online,5,1,11.7,4015.88,31.3,0
CL003878,A18,property,phone,3,1,10.8,649.29,22.6,0
CL003879,A25,motor,online,2,0,32.2,654.31,26.8,0
CL003880,A8,property,phone,1,1,3.2,386.51,21.6,0
CL003881,A6,motor,online,2,0,6.0,958.78,27.8,0
CL003882,A4,property,online,3,2,9.8,3251.62,27.5,0
CL003883,A2,motor,online,2,1,1.3,1557.56,14.8,0
CL003884,A5,health,online,1,0,26.0,2536.06,20.2,0
CL003885,A5,health,broker,4,1,10.2,4375.18,25.5,0
CL003886,A2,property,phone,3,1,13.1,1174.98,24.5,0
CL003887,A12,health,broker,3,1,1.8,1822.72,21.1,0
CL003888,A6,property,phone,3,1,2.2,926.6,27.8,0
CL003889,A24,motor,phone,5,2,11.9,2455.34,52.7,1
CL003890,A29,property,phone,3,0,6.0,403.43,42.3,1
CL003891,A26,property,online,1,0,22.8,4124.71,30.4,0
CL003892,A0,health,phone,3,1,6.8,3748.49,26.2,0
CL003893,A23,health,phone,2,0,13.6,1101.39,16.8,0
CL003894,A11,health,online,1,0,3.8,6548.16,11.2,0
CL003895,A24,motor,online,4,1,8.5,1849.73,28.4,0
CL003896,A9,property,phone,4,2,11.0,719.72,28.2,0
CL003897,A21,property,phone,1,1,2.6,1375.65,16.3,0
CL003898,A17,motor,online,4,1,0.7,6891.24,22.4,0
CL003899,A3,travel,online,1,0,8.2,2445.14,24.7,0
CL003900,A1,motor,broker,3,0,13.6,856.53,32.6,0
CL003901,A18,motor,broker,5,0,6.8,7113.41,39.3,0
CL003902,A9,motor,phone,4,1,0.7,5374.37,47.7,1
CL003903,A27,motor,phone,5,1,3.3,2955.94,27.1,0
CL003904,A2,health,phone,5,1,11.6,4125.7,34.5,0
CL003905,A3,motor,online,3,0,3.6,1910.18,20.5,0
CL003906,A12,health,online,2,2,15.8,1211.44,39.2,1
CL003907,A1,travel,phone,2,0,1.3,4958.94,22.0,0
CL003908,A17,property,broker,4,1,3.2,5639.66,28.3,0
CL003909,A7,motor,phone,5,1,15.1,4558.07,37.4,0
CL003910,A18,travel,phone,3,1,1.2,1096.78,21.2,0
CL003911,A20,travel,online,3,1,5.8,2314.61,20.4,0
CL003912,A18,motor,phone,4,0,14.8,1137.95,25.7,0
CL003913,A6,travel,phone,2,1,12.1,1337.92,19.9,0
CL003914,A7,health,online,5,0,1.7,3691.57,52.3,1
CL003915,A13,property,phone,2,2,8.2,2722.22,41.9,1
CL003916,A21,property,online,2,3,33.9,2167.01,23.3,0
CL003917,A22,motor,broker,4,0,18.7,1603.82,27.5,0
CL003918,A2,health,online,5,1,32.1,1001.46,40.0,0
CL003919,A16,motor,phone,3,0,11.7,1296.22,21.8,0
CL003920,A4,motor,phone,5,0,22.9,9455.61,37.0,0
CL003921,A16,property,phone,3,0,6.4,4597.9,39.4,1
CL003922,A15,motor,phone,1,1,0.3,703.09,32.7,1
CL003923,A28,health,phone,1,2,16.6,1642.5,18.6,0
CL003924,A1,travel,phone,2,0,2.6,1258.57,29.6,0
CL003925,A2,health,phone,4,0,9.4,7674.75,28.6,0
CL003926,A3,health,online,5,0,32.3,2792.46,56.4,1
CL003927,A7,motor,broker,1,1,2.3,557.54,13.8,0
CL003928,A10,motor,phone,3,0,6.6,3164.18,43.3,1
CL003929,A13,motor,online,1,0,17.9,2067.35,21.5,0
CL003930,A28,health,broker,5,0,0.8,15077.2,33.0,0
CL003931,A26,motor,phone,4,0,4.6,10843.87,43.8,1
CL003932,A20,motor,online,5,1,16.8,1323.72,33.1,0
CL003933,A9,health,phone,3,0,13.4,5418.54,49.8,1
CL003934,A12,property,broker,4,2,10.1,2293.49,27.1,0
CL003935,A7,motor,online,3,0,4.0,5181.79,21.1,0
CL003936,A18,motor,online,5,0,13.0,443.76,30.3,0
CL003937,A9,health,broker,5,0,7.9,1884.0,29.6,0
CL003938,A8,motor,broker,5,0,8.3,1279.72,31.8,0
CL003939,A6,health,broker,1,0,15.6,1262.54,35.0,1
CL003940,A26,property,online,2,0,33.6,2580.45,29.5,0
CL003941,A6,property,broker,1,0,7.1,358.47,17.2,0
CL003942,A28,health,broker,3,1,4.3,280.53,22.7,0
CL003943,A4,property,online,5,0,4.7,1908.11,41.3,0
CL003944,A9,health,phone,3,0,4.4,4763.37,24.8,0
CL003945,A22,motor,online,4,0,1.2,11808.5,22.9,0
CL003946,A3,property,online,2,1,26.0,747.05,21.0,0
CL003947,A16,travel,online,3,0,1.5,568.12,22.2,0
CL003948,A9,travel,phone,2,1,8.7,379.98,20.6,0
CL003949,A19,property,online,1,1,15.1,8858.08,15.6,0
CL003950,A0,property,phone,5,0,13.1,3247.33,33.7,0
CL003951,A22,health,online,1,1,14.1,1399.5,14.8,0
CL003952,A22,property,broker,1,1,14.5,903.88,35.3,1
CL003953,A7,motor,online,1,0,4.4,5614.1,20.1,0
CL003954,A19,travel,broker,4,1,2.2,4461.04,29.6,0
CL003955,A5,health,online,3,0,18.0,2887.42,24.2,0
CL003956,A8,motor,phone,2,2,3.7,6315.67,22.3,0
CL003957,A10,motor,online,5,2,4.6,7778.56,33.7,0
CL003958,A18,property,broker,1,3,6.9,886.86,19.4,0
CL003959,A11,motor,phone,3,1,1.5,5855.98,22.9,0
CL003960,A20,property,online,2,0,11.9,2389.1,16.9,0
CL003961,A3,health,online,3,1,1.5,2375.01,19.9,0
CL003962,A16,health,phone,4,3,12.0,2582.32,41.2,0
CL003963,A7,property,online,3,0,6.2,1069.77,25.3,0
CL003964,A21,health,online,3,1,4.1,1222.72,26.0,0
CL003965,A14,health,phone,3,2,33.3,825.4,25.8,0
CL003966,A4,motor,phone,1,0,7.9,1230.54,13.9,0
CL003967,A22,health,phone,3,1,2.1,710.09,21.4,0
CL003968,A9,motor,broker,1,1,5.7,2284.12,15.0,0
CL003969,A19,health,phone,3,1,8.5,1527.65,22.6,0
CL003970,A9,health,broker,3,1,1.6,3369.35,24.8,0
CL003971,A19,health,phone,5,1,0.9,1727.98,28.4,0
CL003972,A28,health,phone,1,2,17.6,1484.76,15.0,0
CL003973,A20,property,online,3,0,6.5,1208.96,24.6,0
CL003974,A10,property,broker,3,0,0.6,6656.59,21.2,0
CL003975,A10,property,broker,2,0,2.8,1308.23,20.0,0
CL003976,A10,property,online,3,0,5.9,8715.57,20.0,0
CL003977,A16,motor,online,1,0,6.4,1146.82,16.4,0
CL003978,A25,travel,phone,5,3,10.4,4593.32,51.2,1
CL003979,A28,health,online,2,0,5.5,259.53,18.3,0
CL003980,A11,motor,online,2,0,4.1,1226.39,14.3,0
CL003981,A22,health,broker,2,0,12.4,1468.07,19.2,0
CL003982,A25,health,phone,5,2,4.6,7906.0,33.0,0
CL003983,A9,property,phone,5,0,3.1,6508.88,31.4,0
CL003984,A12,health,phone,2,2,2.1,505.36,13.8,0
CL003985,A3,property,online,2,1,1.2,7679.96,22.3,0
CL003986,A16,motor,online,1,1,13.0,574.8,15.1,0
CL003987,A15,travel,phone,4,1,11.1,13550.17,27.9,0
CL003988,A13,travel,online,2,1,6.6,1585.19,20.5,0
CL003989,A6,motor,broker,3,1,15.3,1000.17,26.8,0
CL003990,A26,property,broker,5,0,7.5,1034.89,38.5,0
CL003991,A6,property,phone,2,2,8.9,3693.3,51.6,1
CL003992,A20,travel,phone,1,0,5.1,579.03,38.1,1
CL003993,A10,motor,phone,5,0,13.3,1259.82,31.8,0
CL003994,A19,property,broker,2,0,21.5,1145.26,56.1,1
CL003995,A10,motor,online,1,0,13.4,2715.39,15.1,0
CL003996,A22,motor,online,2,1,5.5,5343.37,18.0,0
CL003997,A29,health,online,1,0,0.3,7455.45,13.0,0
CL003998,A23,property,online,1,2,5.5,2138.62,25.9,0
CL003999,A2,property,phone,1,2,18.7,937.91,25.5,0
CL004000,A2,motor,phone,5,0,4.5,2891.42,48.5,1
CL004001,A18,motor,online,3,0,9.9,13417.62,27.3,0
CL004002,A10,travel,phone,4,1,6.9,4308.29,24.0,0
CL004003,A20,property,online,1,3,37.0,1984.79,19.7,0
CL004004,A9,health,broker,1,1,19.3,712.21,19.7,0
CL004005,A7,motor,online,4,2,21.2,1112.7,30.5,0
CL004006,A3,motor,online,3,0,2.4,6273.31,19.2,0
CL004007,A9,health,online,5,0,4.5,1464.36,31.4,0
CL004008,A18,travel,online,3,0,6.1,2339.75,23.3,0
CL004009,A15,motor,broker,4,1,6.6,6799.54,46.8,1
CL004010,A10,property,online,5,1,1.6,998.62,27.6,0
CL004011,A9,property,phone,2,2,10.5,1970.61,27.1,0
CL004012,A5,property,phone,5,0,7.0,1780.52,31.5,0
CL004013,A25,property,online,3,2,13.4,5905.53,21.1,0
CL004014,A24,motor,phone,4,1,22.1,790.59,29.1,0
CL004015,A24,health,phone,3,0,7.4,10423.43,20.0,0
CL004016,A18,property,broker,5,1,11.9,1939.87,30.4,0
CL004017,A4,property,online,2,0,2.5,845.48,14.4,0
CL004018,A3,travel,online,3,0,7.4,3052.72,25.7,0
CL004019,A15,property,phone,3,1,4.7,2937.16,21.9,0
CL004020,A7,motor,online,1,0,3.5,699.24,14.0,0
CL004021,A7,travel,online,4,1,4.5,1695.93,23.9,0
CL004022,A21,motor,online,4,0,4.4,6304.78,28.4,0
CL004023,A0,travel,phone,2,0,2.2,3036.95,20.4,0
CL004024,A28,motor,online,5,0,10.2,1752.41,36.3,0
CL004025,A15,motor,phone,4,1,13.5,3273.68,36.8,0
CL004026,A4,property,online,4,0,1.9,343.44,24.8,0
CL004027,A12,property,broker,2,0,5.3,6622.18,15.3,0
CL004028,A28,motor,broker,5,0,7.5,1392.62,29.2,0
CL004029,A6,health,phone,2,1,6.2,4090.69,17.9,0
CL004030,A2,travel,online,2,1,25.8,2506.92,46.7,1
CL004031,A8,motor,broker,4,1,12.8,1473.28,27.9,0
CL004032,A13,motor,broker,2,0,0.4,1102.0,27.9,0
CL004033,A12,travel,online,4,0,20.1,2638.33,34.6,0
CL004034,A23,property,online,3,0,12.3,5730.64,24.3,0
CL004035,A6,property,online,1,3,6.2,2229.81,24.4,0
CL004036,A4,motor,online,4,3,2.6,2994.71,49.0,1
CL004037,A12,motor,broker,4,1,16.6,3384.81,25.7,0
CL004038,A19,health,online,1,0,6.0,4103.82,15.2,0
CL004039,A0,property,online,3,1,23.2,5983.12,34.3,0
CL004040,A14,motor,online,1,1,7.7,2482.16,18.9,0
CL004041,A4,property,phone,2,2,6.6,968.94,15.1,0
CL004042,A15,travel,online,3,2,6.4,1917.53,43.6,1
CL004043,A1,motor,phone,3,1,11.5,3089.55,37.9,0
CL004044,A22,travel,online,3,1,6.8,3400.36,23.8,0
CL004045,A14,motor,phone,5,1,5.9,3854.85,47.0,1
CL004046,A15,motor,broker,3,0,6.5,627.51,21.2,0
CL004047,A3,property,phone,2,1,3.3,13485.34,23.3,0
CL004048,A12,property,online,1,1,20.4,1127.42,16.2,0
CL004049,A16,motor,broker,3,1,1.8,3045.31,25.5,0
CL004050,A11,property,online,3,1,2.0,2304.27,21.9,0
CL004051,A6,property,phone,5,0,7.8,529.09,27.7,0
CL004052,A29,health,broker,3,1,4.0,1327.07,24.4,0
CL004053,A9,health,online,2,1,12.0,998.4,28.7,0
CL004054,A20,health,phone,4,2,14.4,11618.49,29.2,0
CL004055,A9,motor,broker,5,1,0.8,5535.94,25.9,0
CL004056,A0,health,online,1,0,2.1,1525.37,12.2,0
CL004057,A18,motor,phone,5,0,1.4,4112.0,47.3,1
CL004058,A6,health,online,3,2,12.8,3933.07,20.8,0
CL004059,A25,health,broker,1,0,11.0,1491.6,20.0,0
CL004060,A16,motor,phone,4,0,1.3,132167.5,27.4,0
CL004061,A11,motor,online,1,1,18.8,1111.36,21.6,0
CL004062,A17,motor,phone,5,1,2.6,8976.59,29.0,0
CL004063,A17,health,phone,5,0,2.6,9025.03,40.5,0
CL004064,A11,health,phone,4,3,1.5,586.17,50.2,1
CL004065,A24,motor,online,4,0,2.3,5503.1,28.8,0
CL004066,A7,motor,online,5,3,10.9,10337.2,30.2,0
CL004067,A28,health,phone,1,0,1.3,919.96,13.5,0
CL004068,A28,property,online,1,0,2.2,1402.06,14.4,0
CL004069,A24,property,broker,2,1,4.0,2110.22,15.5,0
CL004070,A9,health,phone,2,0,9.3,3714.89,24.6,0
CL004071,A14,health,online,4,0,10.9,6239.5,55.5,1
CL004072,A13,motor,online,3,1,10.8,2933.99,24.3,0
CL004073,A19,property,phone,5,0,14.4,7774.18,42.4,0
CL004074,A9,health,phone,5,1,6.6,2380.65,34.5,0
CL004075,A8,health,online,4,1,2.2,1094.36,24.8,0
CL004076,A7,health,online,2,3,9.5,4087.27,22.6,0
CL004077,A0,property,online,2,0,5.3,848.21,21.0,0
CL004078,A21,motor,phone,5,1,13.9,766.12,33.4,0
CL004079,A16,motor,online,2,0,0.5,5416.63,15.3,0
CL004080,A19,property,online,4,1,8.8,7233.63,26.2,0
CL004081,A23,property,online,3,2,7.5,2747.3,22.7,0
CL004082,A15,property,online,1,1,25.5,535.13,24.1,0
CL004083,A9,motor,broker,1,0,3.4,1398.86,12.6,0
CL004084,A22,health,phone,3,0,2.9,726.97,20.6,0
CL004085,A23,property,online,4,2,1.4,5353.52,24.8,0
CL004086,A27,travel,online,3,2,12.7,3584.0,46.4,1
CL004087,A22,health,phone,2,1,4.1,734.91,25.6,0
CL004088,A20,property,broker,1,1,9.2,708.18,20.2,0
CL004089,A7,property,online,3,1,3.4,2513.64,22.2,0
CL004090,A19,health,broker,4,1,0.8,6322.45,26.6,0
CL004091,A14,health,online,4,0,6.5,452.91,23.2,0
CL004092,A23,property,phone,5,0,7.3,6071.72,53.8,1
CL004093,A10,property,broker,2,0,8.0,2633.18,17.0,0
CL004094,A29,health,online,4,1,9.5,511.34,32.0,0
CL004095,A4,property,phone,5,1,3.7,1068.49,37.2,0
CL004096,A20,health,broker,3,2,6.3,6934.85,20.5,0
CL004097,A27,property,broker,2,1,7.1,1816.53,22.7,0
CL004098,A5,motor,phone,4,0,14.2,1591.19,32.7,0
CL004099,A11,motor,phone,2,2,25.5,3147.59,25.9,0
CL004100,A7,motor,online,4,1,6.7,1237.2,31.7,0
CL004101,A2,health,broker,3,1,17.5,1989.51,32.8,0
CL004102,A0,property,phone,5,1,8.9,1570.74,49.8,1
CL004103,A16,motor,online,5,2,34.4,52422.25,41.3,0
CL004104,A21,motor,broker,2,2,3.0,1745.48,35.1,1
CL004105,A27,health,phone,5,1,13.6,10669.66,34.5,0
CL004106,A17,travel,online,4,1,1.3,8462.18,30.6,0
CL004107,A1,motor,online,3,0,6.9,6442.4,41.2,1
CL004108,A16,health,broker,3,0,4.4,20385.75,30.8,0
CL004109,A0,motor,phone,2,0,14.3,614.22,21.1,0
CL004110,A14,motor,broker,5,0,5.7,4810.66,29.6,0
CL004111,A21,property,online,3,0,5.3,4335.4,31.5,0
CL004112,A8,travel,phone,2,0,12.1,734.87,29.4,0
CL004113,A27,motor,online,4,0,16.2,3559.99,36.9,0
CL004114,A29,property,phone,4,0,22.5,12369.42,33.5,0
CL004115,A22,travel,online,3,1,3.8,3763.24,32.8,0
CL004116,A19,health,phone,1,3,7.4,1118.04,22.6,0
CL004117,A14,health,online,4,0,25.6,1456.86,36.0,0
CL004118,A13,motor,broker,5,0,4.8,7178.21,28.6,0
CL004119,A2,motor,online,3,0,0.3,1601.27,19.5,0
CL004120,A23,motor,online,4,1,0.9,3363.38,22.9,0
CL004121,A28,property,online,4,1,7.4,2648.9,25.4,0
CL004122,A27,motor,broker,5,0,6.5,2421.14,28.8,0
CL004123,A13,property,online,5,1,26.5,2004.2,35.7,0
CL004124,A5,motor,phone,1,1,4.6,2179.98,13.1,0
CL004125,A6,health,online,2,0,28.0,2107.79,21.2,0
CL004126,A24,health,online,4,3,13.5,7874.14,30.8,0
CL004127,A22,motor,phone,2,2,6.5,698.2,19.5,0
CL004128,A6,motor,phone,3,0,9.4,4666.22,28.7,0
CL004129,A10,motor,online,4,1,2.7,8204.64,47.9,1
CL004130,A6,motor,online,3,1,5.2,881.34,23.8,0
CL004131,A24,health,broker,5,1,4.9,1033.95,29.4,0
CL004132,A7,property,online,5,3,8.2,1954.51,34.9,0
CL004133,A13,health,online,1,1,1.7,3404.66,14.4,0
CL004134,A15,motor,phone,2,1,22.7,1190.54,21.3,0
CL004135,A15,health,online,3,0,3.5,9390.3,47.1,1
CL004136,A6,health,broker,4,1,6.6,2322.63,28.4,0
CL004137,A26,travel,online,3,1,17.5,5481.07,29.4,0
CL004138,A10,motor,online,5,0,1.2,1259.52,34.4,0
CL004139,A11,property,online,1,1,7.0,2345.78,14.7,0
CL004140,A8,travel,phone,5,2,17.9,860.0,30.1,0
CL004141,A6,motor,phone,4,0,2.0,2725.31,42.6,1
CL004142,A9,motor,online,3,1,2.8,3288.26,20.7,0
CL004143,A27,property,online,4,2,1.9,5491.33,22.4,0
CL004144,A0,motor,phone,2,0,9.4,1505.85,19.9,0
CL004145,A4,motor,online,4,2,5.4,6324.71,33.3,0
CL004146,A24,motor,phone,4,1,2.8,3338.59,25.2,0
CL004147,A3,property,phone,1,1,19.1,1051.95,23.0,0
CL004148,A2,motor,broker,3,0,5.0,1800.37,20.3,0
CL004149,A18,travel,online,4,0,2.1,906.31,26.2,0
CL004150,A29,motor,phone,4,2,11.2,1546.9,26.4,0
CL004151,A26,health,phone,3,1,22.9,3639.28,26.7,0
CL004152,A19,motor,phone,1,1,13.7,106637.25,14.2,0
CL004153,A19,motor,phone,4,2,7.3,2224.47,26.7,0
CL004154,A5,motor,online,1,0,7.8,1097.97,15.6,0
CL004155,A18,property,phone,1,0,3.3,4716.09,10.9,0
CL004156,A25,health,online,4,1,11.6,2871.08,27.5,0
CL004157,A5,property,broker,2,1,9.0,1309.93,46.3,1
CL004158,A11,health,phone,4,0,3.7,679.34,25.7,0
CL004159,A29,property,online,5,1,4.2,10863.04,28.7,0
CL004160,A4,health,online,1,0,7.6,476.12,12.7,0
CL004161,A3,motor,phone,3,1,24.3,8092.69,28.0,0
CL004162,A0,travel,online,1,1,11.7,2178.73,17.9,0
CL004163,A11,motor,broker,5,1,4.7,887.0,49.7,1
CL004164,A17,property,phone,2,2,4.0,3071.23,29.2,0
CL004165,A12,motor,phone,3,1,2.7,2107.22,33.6,0
CL004166,A9,motor,online,5,0,6.9,11415.92,33.8,0
CL004167,A15,health,online,4,0,16.7,8977.91,48.1,1
CL004168,A22,motor,phone,4,0,30.9,1558.25,69.6,1
CL004169,A20,property,phone,4,1,3.7,2575.66,25.7,0
CL004170,A26,motor,online,3,1,0.8,9902.32,19.8,0
CL004171,A0,travel,broker,3,1,5.3,1657.63,27.6,0
CL004172,A26,health,online,2,1,4.2,12219.64,15.6,0
CL004173,A10,travel,phone,1,0,5.8,372.58,11.7,0
CL004174,A16,motor,broker,1,0,5.4,694.03,14.3,0
CL004175,A27,property,online,2,1,2.1,1692.53,29.0,0
CL004176,A24,motor,online,5,1,14.6,3118.11,30.8,0
CL004177,A29,health,phone,5,0,13.1,1644.07,31.0,0
CL004178,A26,property,online,1,1,8.0,780.08,14.9,0
CL004179,A19,motor,online,3,0,4.0,3197.42,31.0,0
CL004180,A20,health,online,5,1,0.7,8568.93,30.4,0
CL004181,A27,property,broker,1,1,5.3,5920.06,18.9,0
CL004182,A15,health,broker,5,0,6.2,2804.19,33.6,0
CL004183,A9,property,online,4,2,2.4,16364.88,34.7,0
CL004184,A6,property,online,4,1,6.3,1480.72,26.2,0
CL004185,A0,motor,phone,2,0,7.4,4878.05,15.8,0
CL004186,A28,travel,online,3,1,7.0,2669.03,19.6,0
CL004187,A14,travel,online,1,1,8.7,1132.09,15.2,0
CL004188,A22,motor,online,3,1,0.8,2123.56,23.9,0
CL004189,A22,health,broker,3,1,3.0,3265.01,27.8,0
CL004190,A5,property,online,3,0,4.5,5522.38,20.2,0
CL004191,A7,health,online,4,0,6.4,4465.77,30.3,0
CL004192,A20,travel,online,1,1,5.3,1183.33,16.7,0
CL004193,A8,property,online,4,1,15.9,9230.84,51.3,1
CL004194,A19,motor,broker,2,3,12.0,1043.24,21.1,0
CL004195,A6,motor,online,2,1,34.6,3048.92,29.8,0
CL004196,A11,property,phone,3,1,5.3,1804.6,20.9,0
CL004197,A5,motor,broker,2,0,0.9,2451.16,20.3,0
CL004198,A6,travel,phone,5,0,3.4,7097.28,29.1,0
CL004199,A14,travel,phone,4,1,24.2,2634.56,28.1,0
CL004200,A27,motor,phone,3,1,6.4,2052.06,34.2,0
CL004201,A23,motor,online,1,1,7.2,1466.97,19.9,0
CL004202,A20,health,phone,4,1,20.0,1615.4,29.8,0
CL004203,A13,property,online,5,2,25.7,3674.26,32.9,0
CL004204,A20,travel,phone,5,2,6.3,2415.49,56.5,1
CL004205,A2,motor,phone,3,0,3.1,887.7,19.7,0
CL004206,A0,travel,online,3,0,9.1,1110.01,23.2,0
CL004207,A26,motor,phone,4,2,23.0,3958.76,53.0,1
CL004208,A23,health,online,4,1,3.4,5158.29,32.1,0
CL004209,A25,motor,phone,4,1,5.6,2838.81,44.0,1
CL004210,A3,property,broker,1,0,3.1,4038.32,20.8,0
CL004211,A8,motor,phone,3,1,6.3,5160.88,28.4,0
CL004212,A0,motor,online,1,1,1.2,140.89,12.4,0
CL004213,A16,travel,phone,1,3,2.7,6203.78,17.1,0
CL004214,A11,health,online,1,0,1.1,4625.38,19.4,0
CL004215,A15,motor,online,4,0,1.5,2081.75,30.1,0
CL004216,A27,motor,online,5,2,45.8,7565.8,63.3,1
CL004217,A20,motor,online,4,0,1.8,2042.59,45.8,1
CL004218,A2,property,online,5,0,2.5,5394.97,26.6,0
CL004219,A24,motor,phone,4,1,27.9,7087.43,52.0,1
CL004220,A13,motor,online,2,1,10.6,1795.82,20.5,0
CL004221,A19,property,phone,3,0,14.1,2269.89,22.0,0
CL004222,A29,property,phone,3,1,3.4,2406.87,23.7,0
CL004223,A19,health,online,4,0,14.7,2152.44,28.0,0
CL004224,A25,health,broker,2,1,7.2,1504.0,19.2,0
CL004225,A3,motor,phone,3,2,4.6,1744.68,22.2,0
CL004226,A25,health,online,3,1,5.8,376.19,25.0,0
CL004227,A1,motor,phone,1,2,0.6,3012.64,14.8,0
CL004228,A27,motor,phone,5,1,5.3,4827.21,38.9,0
CL004229,A25,motor,phone,1,1,13.0,1158.49,15.6,0
CL004230,A4,health,phone,3,2,4.2,13055.85,26.1,0
CL004231,A4,health,phone,3,2,5.8,852.87,28.0,0
CL004232,A23,motor,phone,5,1,11.5,5454.23,40.8,0
CL004233,A13,health,online,5,1,11.3,1922.58,32.2,0
CL004234,A3,property,broker,2,1,29.3,959.59,24.9,0
CL004235,A19,motor,online,4,2,4.8,2330.82,29.1,0
CL004236,A12,health,phone,1,2,7.1,2873.82,23.3,0
CL004237,A25,motor,online,1,1,9.0,237.22,18.1,0
CL004238,A28,property,online,4,0,24.0,1645.63,28.0,0
CL004239,A5,motor,phone,5,0,4.0,2655.91,29.5,0
CL004240,A8,property,broker,5,1,12.5,1062.38,31.8,0
CL004241,A10,property,online,4,0,0.6,3338.85,26.8,0
CL004242,A21,motor,broker,4,0,10.3,3236.11,50.5,1
CL004243,A23,property,phone,2,0,4.8,5308.73,18.4,0
CL004244,A2,property,phone,4,1,4.0,1282.6,22.8,0
CL004245,A21,travel,broker,2,1,2.9,1544.74,38.1,1
CL004246,A3,property,phone,3,2,4.4,2219.98,25.0,0
CL004247,A23,health,phone,5,0,12.0,1712.96,33.5,0
CL004248,A1,property,phone,2,0,6.2,6765.05,16.6,0
CL004249,A12,motor,broker,5,1,5.9,2789.14,30.3,0
CL004250,A13,health,phone,2,1,11.4,5737.52,20.7,0
CL004251,A25,motor,online,2,0,5.0,2949.92,18.5,0
CL004252,A19,motor,phone,4,1,3.1,6840.8,27.2,0
CL004253,A23,property,broker,1,3,6.3,6257.53,19.7,0
CL004254,A19,motor,phone,1,0,9.0,63019.25,31.9,0
CL004255,A3,health,online,1,1,4.1,1166.6,10.7,0
CL004256,A14,motor,phone,2,0,18.7,8735.27,20.1,0
CL004257,A29,motor,phone,2,1,10.9,16036.19,24.9,0
CL004258,A2,property,broker,3,1,6.4,3375.47,25.6,0
CL004259,A17,motor,phone,5,0,6.6,347.29,56.1,1
CL004260,A5,motor,broker,2,0,9.8,1169.48,22.8,0
CL004261,A12,property,online,2,1,10.7,5584.32,18.5,0
CL004262,A9,property,online,2,0,16.6,329.53,25.1,0
CL004263,A10,motor,online,1,0,23.2,564.06,17.0,0
CL004264,A0,property,online,3,3,14.7,762.54,26.9,0
CL004265,A9,motor,online,5,0,14.9,5669.99,42.1,0
CL004266,A13,motor,phone,4,2,2.3,1784.38,23.5,0
CL004267,A28,property,phone,5,1,7.9,2566.93,32.4,0
CL004268,A17,property,phone,3,0,5.7,2223.78,20.3,0
CL004269,A13,health,broker,1,2,1.0,12213.05,35.2,1
CL004270,A20,motor,online,4,0,6.0,5845.46,25.2,0
CL004271,A9,health,online,2,0,33.5,2844.84,26.4,0
CL004272,A7,property,phone,2,0,5.1,3855.48,19.3,0
CL004273,A16,property,phone,5,0,21.0,1091.25,62.7,1
CL004274,A7,health,broker,4,2,2.3,1298.99,23.6,0
CL004275,A14,motor,online,1,0,10.3,2709.7,13.3,0
CL004276,A17,property,phone,5,0,2.4,4164.34,35.2,0
CL004277,A3,property,phone,3,0,3.9,5139.86,19.9,0
CL004278,A17,health,online,5,0,7.1,7899.07,27.8,0
CL004279,A24,motor,broker,4,1,15.4,2388.94,25.1,0
CL004280,A13,motor,online,3,1,6.8,12481.6,25.5,0
CL004281,A19,motor,broker,5,1,9.6,10704.21,34.7,0
CL004282,A18,health,online,2,2,1.8,705.38,17.4,0
CL004283,A29,motor,phone,5,2,3.2,1271.49,46.3,1
CL004284,A23,property,phone,5,0,18.2,3674.25,34.8,0
CL004285,A3,motor,online,5,0,12.3,12030.95,35.8,0
CL004286,A19,property,online,4,0,7.8,7377.69,57.5,1
CL004287,A4,travel,broker,2,1,12.6,1781.26,23.0,0
CL004288,A11,property,phone,5,1,14.5,1500.76,29.9,0
CL004289,A4,motor,online,3,0,7.2,7978.84,27.5,0
CL004290,A0,property,broker,3,0,15.4,1326.96,24.1,0
CL004291,A14,travel,broker,3,1,2.8,1011.43,20.5,0
CL004292,A22,health,phone,1,1,21.2,2038.91,22.8,0
CL004293,A29,property,broker,4,0,16.5,3500.22,39.0,0
CL004294,A27,motor,online,2,1,9.8,2652.38,21.0,0
CL004295,A9,health,online,5,0,4.6,1529.77,33.9,0
CL004296,A29,health,online,2,1,14.6,655.4,22.0,0
CL004297,A16,motor,online,1,2,2.3,3099.33,13.7,0
CL004298,A1,motor,broker,1,1,8.3,1466.77,16.1,0
CL004299,A8,health,phone,3,1,5.4,1228.52,26.1,0
CL004300,A5,motor,online,2,2,10.1,3995.03,16.5,0
CL004301,A12,health,phone,1,0,1.1,2367.11,36.5,1
CL004302,A27,motor,broker,1,0,11.2,3151.52,12.0,0
CL004303,A22,property,broker,4,0,3.2,3789.99,26.8,0
CL004304,A11,property,phone,5,2,2.9,1883.03,59.3,1
CL004305,A2,property,online,3,1,3.1,1585.21,20.4,0
CL004306,A12,motor,broker,5,1,5.6,155521.25,27.6,0
CL004307,A9,motor,phone,2,0,29.6,8298.25,20.7,0
CL004308,A19,motor,phone,1,0,2.9,1212.54,21.9,0
CL004309,A19,property,broker,3,1,2.1,9222.64,25.1,0
CL004310,A20,property,broker,1,1,4.0,604.19,18.0,0
CL004311,A27,property,broker,5,2,5.4,6984.89,53.2,1
CL004312,A10,motor,broker,1,0,0.8,677.01,23.3,0
CL004313,A4,property,phone,5,0,15.6,2747.14,32.3,0
CL004314,A19,motor,broker,2,2,6.6,7383.92,28.3,0
CL004315,A3,property,online,3,1,10.0,1038.33,26.6,0
CL004316,A27,motor,broker,5,0,8.0,6534.51,29.0,0
CL004317,A15,motor,online,1,1,6.2,2227.32,27.9,0
CL004318,A7,health,broker,4,1,6.3,8900.56,24.0,0
CL004319,A21,health,phone,4,0,1.7,9855.55,33.5,0
CL004320,A22,property,online,1,0,6.6,1612.2,27.6,0
CL004321,A10,property,broker,2,2,4.9,3005.37,16.0,0
CL004322,A12,travel,phone,5,0,7.9,1621.17,29.1,0
CL004323,A12,motor,phone,5,0,6.8,1666.06,30.5,0
CL004324,A29,property,broker,5,1,14.2,1272.59,30.5,0
CL004325,A8,health,phone,5,0,3.9,2336.75,29.6,0
CL004326,A8,motor,online,5,2,2.1,3846.85,30.6,0
CL004327,A9,property,online,3,1,11.6,203.78,41.0,0
CL004328,A18,property,online,1,0,9.1,279.85,12.5,0
CL004329,A28,motor,broker,5,1,7.0,5769.96,48.2,1
CL004330,A27,motor,online,3,1,8.5,7215.09,20.8,0
CL004331,A24,travel,online,4,1,14.5,6375.21,31.0,0
CL004332,A0,property,online,1,1,19.2,835.66,17.8,0
CL004333,A11,motor,phone,5,0,3.7,1779.97,27.0,0
CL004334,A6,property,phone,1,0,0.2,9611.09,21.1,0
CL004335,A1,motor,online,3,0,7.2,1906.01,20.5,0
CL004336,A9,travel,phone,3,0,3.0,253.77,31.8,0
CL004337,A18,health,broker,3,0,6.6,11648.36,25.3,0
CL004338,A18,property,broker,5,0,19.6,4157.91,32.5,0
CL004339,A10,health,phone,1,2,10.2,4443.56,13.7,0
CL004340,A23,property,phone,2,0,13.7,362.68,18.0,0
CL004341,A20,motor,phone,5,0,7.9,329.66,28.7,0
CL004342,A6,motor,online,1,1,9.8,2077.14,24.2,0
CL004343,A2,property,online,4,4,12.8,2986.82,35.6,0
CL004344,A19,property,online,4,1,9.4,4374.41,43.4,0
CL004345,A7,health,online,2,1,7.3,8317.78,15.1,0
CL004346,A13,motor,online,2,1,7.6,3345.84,20.5,0
CL004347,A23,property,phone,5,0,9.4,6240.14,36.4,0
CL004348,A7,motor,online,2,0,11.9,1346.26,19.1,0
CL004349,A7,health,broker,5,0,2.5,11075.85,35.2,0
CL004350,A5,motor,phone,1,0,11.1,1333.75,19.2,0
CL004351,A16,travel,broker,1,0,5.6,3531.23,15.4,0
CL004352,A15,motor,phone,2,0,10.3,5832.87,19.2,0
CL004353,A26,property,online,5,0,10.5,1690.78,37.0,0
CL004354,A19,motor,broker,3,1,5.9,3371.39,19.5,0
CL004355,A17,motor,online,1,1,8.7,1988.78,11.3,0
CL004356,A21,motor,online,1,0,9.3,2636.09,16.2,0
CL004357,A6,property,online,2,1,5.1,4866.17,20.7,0
CL004358,A24,travel,phone,2,2,7.8,1637.48,16.9,0
CL004359,A0,motor,broker,4,1,7.1,6112.28,47.0,1
CL004360,A22,property,phone,2,0,0.6,3585.24,17.9,0
CL004361,A23,health,online,5,1,26.0,2284.31,37.6,0
CL004362,A25,travel,phone,1,0,1.6,1051.1,22.7,0
CL004363,A22,property,broker,3,1,12.9,716.77,25.2,0
CL004364,A16,property,phone,1,1,4.2,2420.53,12.7,0
CL004365,A23,motor,phone,4,1,14.6,7642.44,39.7,0
CL004366,A10,health,online,4,1,6.5,2352.64,25.7,0
CL004367,A4,health,broker,5,2,6.8,2296.97,32.7,0
CL004368,A1,health,broker,5,0,12.8,3572.82,30.6,0
CL004369,A1,health,phone,3,3,10.8,505.59,46.6,1
CL004370,A18,travel,broker,1,0,18.3,1173.27,15.5,0
CL004371,A14,health,phone,4,0,3.4,2499.54,24.1,0
CL004372,A9,motor,broker,1,0,4.3,632.75,13.1,0
CL004373,A15,motor,phone,4,1,13.1,2500.5,30.5,0
CL004374,A16,health,online,5,1,16.3,943.34,34.4,0
CL004375,A1,health,online,4,0,0.4,1625.05,29.2,0
CL004376,A27,motor,phone,4,3,11.5,1632.85,26.3,0
CL004377,A10,property,phone,5,0,6.4,5173.3,53.4,1
CL004378,A18,motor,broker,1,0,18.9,2134.09,18.6,0
CL004379,A27,property,online,3,1,7.5,456.23,22.3,0
CL004380,A3,property,phone,1,1,0.9,510.27,12.1,0
CL004381,A17,motor,phone,1,1,20.4,234.03,17.7,0
CL004382,A26,motor,broker,3,0,6.1,4733.31,23.0,0
CL004383,A22,property,phone,4,0,5.6,3882.02,30.5,0
CL004384,A9,motor,phone,4,1,2.3,1779.81,28.7,0
CL004385,A28,motor,online,4,1,7.1,970.36,29.8,0
CL004386,A29,health,online,2,0,8.7,4716.51,20.9,0
CL004387,A12,health,phone,3,2,11.2,1426.6,39.0,0
CL004388,A23,travel,broker,1,2,2.4,1742.13,16.6,0
CL004389,A19,health,phone,1,1,9.4,1686.3,13.9,0
CL004390,A1,travel,broker,5,0,9.8,7532.06,51.6,1
CL004391,A9,health,phone,3,1,1.6,1778.12,19.8,0
CL004392,A12,motor,online,4,0,2.3,665.31,29.4,0
CL004393,A6,motor,broker,1,0,24.9,3680.8,21.0,0
CL004394,A25,property,online,5,0,14.0,1338.79,51.7,1
CL004395,A21,property,online,5,0,3.0,3318.93,46.8,1
CL004396,A28,motor,online,3,0,7.9,1014.85,36.1,0
CL004397,A25,property,online,4,0,1.1,665.38,29.3,0
CL004398,A28,health,phone,3,1,13.9,1411.02,26.5,0
CL004399,A28,property,online,5,1,10.6,12227.41,45.3,0
CL004400,A23,health,online,5,1,22.8,12300.19,33.9,0
CL004401,A10,property,online,2,0,2.9,414.57,17.2,0
CL004402,A11,motor,phone,4,1,5.3,2556.95,27.5,0
CL004403,A3,property,online,5,0,9.2,8476.31,33.7,0
CL004404,A25,property,phone,1,0,0.6,3582.32,13.6,0
CL004405,A22,motor,phone,5,1,27.5,2432.33,38.9,0
CL004406,A23,health,broker,4,1,0.9,17359.51,44.3,1
CL004407,A21,property,phone,5,1,22.2,6607.08,35.6,0
CL004408,A18,property,phone,3,0,4.8,3179.56,26.8,0
CL004409,A22,travel,online,1,0,23.4,1189.22,18.8,0
CL004410,A12,motor,broker,3,0,4.6,5288.23,19.3,0
CL004411,A1,motor,online,3,0,0.7,1525.23,21.1,0
CL004412,A6,health,online,1,0,19.1,1529.77,16.7,0
CL004413,A24,motor,phone,4,0,6.3,15949.49,24.6,0
CL004414,A6,property,online,1,0,9.7,619.97,16.5,0
CL004415,A7,motor,phone,5,0,14.6,3716.37,29.6,0
CL004416,A2,property,phone,5,1,4.0,12836.9,33.3,0
CL004417,A29,motor,broker,1,0,5.4,1671.67,15.1,0
CL004418,A22,property,broker,4,1,7.2,1603.47,46.5,1
CL004419,A25,motor,phone,3,2,6.4,18580.75,25.1,0
CL004420,A5,health,phone,1,0,2.2,2835.55,13.4,0
CL004421,A5,property,phone,4,0,4.7,2880.77,31.7,0
CL004422,A1,motor,online,5,1,4.9,1134.01,36.5,0
CL004423,A29,motor,online,3,0,12.2,601.98,22.0,0
CL004424,A15,property,broker,3,0,3.6,887.22,22.8,0
CL004425,A18,health,online,5,0,4.0,1961.14,31.7,0
CL004426,A14,property,phone,3,0,8.4,4949.62,22.8,0
CL004427,A13,property,phone,5,0,4.6,2989.14,28.4,0
CL004428,A9,travel,online,4,1,0.1,1326.26,22.5,0
CL004429,A26,motor,online,4,1,0.5,2804.71,26.5,0
CL004430,A10,motor,online,4,1,19.9,8563.19,33.3,0
CL004431,A12,motor,online,5,0,0.6,807.11,26.8,0
CL004432,A21,health,broker,5,3,0.4,5620.94,27.6,0
CL004433,A23,motor,online,5,1,1.8,4381.72,33.2,0
CL004434,A18,motor,online,1,2,11.7,392.77,35.9,0
CL004435,A1,property,phone,2,0,2.8,4816.62,15.0,0
CL004436,A6,motor,online,1,1,6.3,847.97,20.1,0
CL004437,A23,motor,online,1,2,4.4,9856.68,21.2,0
CL004438,A28,health,phone,3,1,9.5,649.93,23.7,0
CL004439,A6,motor,online,4,2,5.9,1932.99,45.1,1
CL004440,A17,motor,online,4,1,1.4,526.2,38.3,0
CL004441,A23,motor,online,5,1,9.0,2484.86,31.9,0
CL004442,A2,health,phone,4,1,3.1,5967.65,34.0,0
CL004443,A22,motor,phone,2,0,7.0,2778.21,20.6,0
CL004444,A25,motor,online,4,1,50.4,1495.55,59.9,1
CL004445,A22,property,phone,5,0,2.5,13249.62,31.7,0
CL004446,A17,property,phone,3,0,19.5,4252.11,28.3,0
CL004447,A15,motor,online,4,0,27.0,2112.16,35.3,0
CL004448,A10,motor,online,2,1,4.6,6946.54,16.1,0
CL004449,A1,property,phone,2,0,23.0,4302.15,20.5,0
CL004450,A22,motor,phone,5,1,5.1,1185.18,48.2,1
CL004451,A19,property,phone,1,1,10.9,368.75,15.7,0
CL004452,A25,property,phone,3,1,0.5,4593.46,23.0,0
CL004453,A21,property,online,3,1,14.6,1506.12,46.1,1
CL004454,A4,property,broker,1,1,3.9,869.86,15.7,0
CL004455,A15,travel,broker,3,1,6.1,924.16,25.9,0
CL004456,A16,health,phone,1,3,1.3,2452.87,12.3,0
CL004457,A15,motor,online,1,0,17.3,3329.9,13.5,0
CL004458,A28,motor,phone,3,2,8.2,472.18,21.8,0
CL004459,A14,motor,online,4,1,8.4,11116.02,28.4,0
CL004460,A10,motor,phone,5,1,6.4,1427.52,27.7,0
CL004461,A27,health,phone,4,0,6.0,1062.99,38.1,0
CL004462,A23,health,phone,1,0,12.6,692.99,16.6,0
CL004463,A26,property,phone,1,0,5.3,3375.9,18.1,0
CL004464,A24,motor,online,5,1,14.4,741.7,37.5,0
CL004465,A21,travel,broker,1,0,17.0,1483.8,15.7,0
CL004466,A10,motor,online,3,0,3.9,789.27,29.4,0
CL004467,A27,property,phone,3,0,2.5,1101.45,28.4,0
CL004468,A12,motor,online,4,0,19.3,2060.11,37.5,0
CL004469,A29,property,online,2,0,9.4,415.6,19.0,0
CL004470,A9,property,broker,1,1,22.0,1918.08,24.2,0
CL004471,A15,motor,broker,1,0,10.9,1008.27,19.7,0
CL004472,A27,motor,online,3,2,2.9,290.78,22.6,0
CL004473,A22,motor,phone,2,0,16.2,1342.23,23.5,0
CL004474,A8,health,online,1,1,7.7,1057.26,22.4,0
CL004475,A14,health,online,5,0,10.9,2770.26,45.4,0
CL004476,A19,property,broker,5,0,12.0,5555.86,28.3,0
CL004477,A0,motor,broker,5,1,9.3,1269.79,35.8,0
CL004478,A20,property,online,3,1,26.6,5905.74,51.3,1
CL004479,A0,motor,online,2,2,8.3,1332.55,18.8,0
CL004480,A18,health,phone,5,1,4.9,1667.02,42.4,0
CL004481,A10,health,online,4,1,14.2,1121.56,31.5,0
CL004482,A26,health,online,5,1,0.7,1154.41,26.6,0
CL004483,A17,motor,online,5,0,20.4,5930.44,33.5,0
CL004484,A15,motor,phone,4,0,5.5,461.3,33.6,0
CL004485,A22,health,online,1,2,14.2,59881.0,19.0,0
CL004486,A22,property,phone,1,2,15.1,621.2,22.5,0
CL004487,A8,health,phone,4,0,5.3,2357.57,24.9,0
CL004488,A15,motor,broker,5,3,16.5,9005.8,31.6,0
CL004489,A16,health,broker,3,0,16.0,2403.78,25.7,0
CL004490,A0,motor,online,4,1,2.5,852.86,28.4,0
CL004491,A17,property,online,5,0,0.5,3576.92,30.2,0
CL004492,A9,travel,broker,2,2,6.2,277.77,17.3,0
CL004493,A19,property,broker,4,1,8.9,11468.16,46.8,1
CL004494,A11,motor,phone,5,0,5.2,1222.09,31.3,0
CL004495,A8,health,online,5,1,31.2,2882.82,63.1,1
CL004496,A26,property,broker,3,2,3.8,4073.12,20.5,0
CL004497,A4,travel,broker,2,1,4.5,868.33,17.7,0
CL004498,A0,travel,phone,4,1,3.1,5508.87,22.3,0
CL004499,A11,property,phone,5,0,14.2,4354.2,32.3,0
CL004500,A3,motor,phone,2,4,23.1,4994.56,22.4,0
CL004501,A19,motor,broker,2,2,8.2,5330.42,39.7,1
CL004502,A28,property,phone,3,0,4.3,1138.57,28.7,0
CL004503,A24,health,online,1,1,2.8,557.66,33.2,1
CL004504,A6,health,phone,3,4,7.0,4956.44,23.4,0
CL004505,A28,motor,phone,2,0,1.7,1815.97,35.2,1
CL004506,A22,property,online,3,1,0.6,8161.01,38.1,1
CL004507,A26,health,phone,2,1,4.6,412.62,25.0,0
CL004508,A15,property,phone,4,1,9.9,7437.14,28.4,0
CL004509,A25,travel,online,5,0,17.6,3137.5,43.9,0
CL004510,A28,health,broker,4,1,19.2,1290.85,26.3,0
CL004511,A29,property,online,1,0,3.7,2140.73,12.1,0
CL004512,A4,property,phone,3,1,4.7,800.27,25.8,0
CL004513,A7,motor,phone,4,1,4.0,518.94,37.5,0
CL004514,A13,property,online,4,0,10.5,4293.42,47.2,1
CL004515,A20,health,phone,5,0,5.8,1517.26,34.5,0
CL004516,A22,travel,broker,3,1,0.0,3435.0,22.0,0
CL004517,A22,motor,broker,2,2,4.1,1844.45,16.3,0
CL004518,A26,property,online,5,0,13.1,1794.71,48.1,0
CL004519,A19,property,online,4,4,1.5,4223.6,44.2,1
CL004520,A10,health,phone,5,2,1.1,2288.86,29.6,0
CL004521,A24,travel,broker,5,1,9.7,3184.61,47.6,1
CL004522,A7,motor,online,1,1,7.7,262.85,22.4,0
CL004523,A9,motor,online,3,2,1.9,3019.85,25.9,0
CL004524,A26,property,broker,3,1,7.4,1592.89,27.2,0
CL004525,A27,motor,phone,4,0,8.9,1533.78,29.4,0
CL004526,A4,motor,online,5,0,7.3,1070.51,36.3,0
CL004527,A14,motor,broker,1,1,15.9,1034.5,15.6,0
CL004528,A2,health,online,1,0,5.8,1203.52,13.8,0
CL004529,A26,property,online,3,0,13.7,6369.43,24.2,0
CL004530,A16,property,online,4,0,15.1,4550.79,31.5,0
CL004531,A14,property,online,5,0,11.3,4843.17,50.7,1
CL004532,A24,motor,online,4,0,12.5,4134.85,30.9,0
CL004533,A18,travel,online,1,0,3.8,750.62,10.9,0
CL004534,A11,property,online,5,1,17.0,3619.52,31.0,0
CL004535,A12,health,online,4,0,1.2,1672.72,55.9,1
CL004536,A27,motor,phone,5,0,2.8,20674.09,33.0,0
CL004537,A28,health,online,5,1,3.8,3827.9,47.5,0
CL004538,A4,health,online,5,1,8.5,11245.21,38.0,0
CL004539,A19,health,phone,4,0,2.0,13850.73,25.4,0
CL004540,A27,motor,broker,3,0,1.3,1200.88,19.1,0
CL004541,A7,health,online,5,2,13.6,1365.35,31.2,0
CL004542,A4,health,online,5,1,6.3,4074.89,33.1,0
CL004543,A29,motor,phone,2,0,8.5,378.83,24.6,0
CL004544,A24,motor,phone,5,0,1.9,7954.65,46.9,1
CL004545,A28,property,online,2,0,11.2,861.76,19.4,0
CL004546,A18,property,online,4,2,4.4,2194.22,27.5,0
CL004547,A28,motor,online,1,1,6.4,1330.2,16.0,0
CL004548,A2,travel,online,1,1,3.1,8301.46,12.4,0
CL004549,A3,health,online,1,1,19.3,425.26,18.1,0
CL004550,A14,motor,broker,1,1,12.2,820.15,36.7,1
CL004551,A23,motor,phone,4,0,7.5,1464.9,27.6,0
CL004552,A23,property,phone,1,1,37.0,948.38,21.3,0
CL004553,A18,motor,online,4,2,25.0,2630.33,27.9,0
CL004554,A28,travel,phone,2,0,7.8,1603.78,20.1,0
CL004555,A21,health,online,1,1,9.9,1593.52,14.7,0
CL004556,A22,health,phone,1,1,3.6,1096.75,14.5,0
CL004557,A8,property,online,3,0,3.5,1506.05,21.7,0
CL004558,A26,motor,phone,4,0,0.7,2466.84,25.7,0
CL004559,A29,health,online,5,2,8.0,1356.24,30.6,0
CL004560,A6,health,phone,1,1,15.2,13750.66,14.6,0
CL004561,A14,health,phone,3,2,11.5,4919.44,43.2,1
CL004562,A29,motor,phone,1,1,27.9,8387.41,18.7,0
CL004563,A10,motor,phone,1,0,8.0,2195.88,14.9,0
CL004564,A10,health,phone,2,0,1.0,1569.84,15.7,0
CL004565,A29,property,broker,5,1,3.6,947.64,35.9,0
CL004566,A0,health,phone,1,2,6.6,718.97,16.7,0
CL004567,A2,travel,phone,3,0,12.8,969.35,22.2,0
CL004568,A9,property,online,2,0,15.4,1611.43,31.8,0
CL004569,A17,property,broker,5,0,9.8,6860.15,37.6,0
CL004570,A0,travel,online,5,0,4.9,6730.16,35.1,0
CL004571,A24,motor,phone,5,1,1.1,1045.04,27.3,0
CL004572,A25,motor,broker,4,3,8.2,3015.28,54.3,1
CL004573,A14,travel,phone,5,1,10.9,1237.33,32.0,0
CL004574,A7,health,phone,4,0,26.9,5713.78,41.5,0
CL004575,A9,travel,broker,5,1,10.6,1568.93,39.8,0
CL004576,A25,property,online,3,0,16.8,4871.15,28.6,0
CL004577,A23,motor,online,2,0,10.5,357.74,23.5,0
CL004578,A25,motor,online,2,0,17.0,3669.37,28.8,0
CL004579,A14,motor,phone,5,2,1.1,4040.86,28.9,0
CL004580,A3,health,online,2,1,9.1,4096.79,16.1,0
CL004581,A21,travel,phone,2,0,3.6,2663.43,22.8,0
CL004582,A12,motor,phone,1,2,9.6,6915.59,40.5,1
CL004583,A10,travel,phone,2,2,21.0,401.32,26.7,0
CL004584,A12,health,online,5,0,7.4,14024.37,36.0,0
CL004585,A6,health,online,1,0,20.6,1855.32,16.5,0
CL004586,A6,property,broker,1,0,1.3,3111.76,29.5,0
CL004587,A10,travel,broker,2,0,4.4,1119.58,20.4,0
CL004588,A23,motor,phone,2,2,8.7,1346.83,20.6,0
CL004589,A1,motor,phone,2,1,3.9,1162.2,17.2,0
CL004590,A18,health,broker,2,0,13.8,715.33,22.2,0
CL004591,A19,motor,online,3,1,10.9,30454.0,42.0,1
CL004592,A25,travel,phone,2,3,1.4,9139.56,16.5,0
CL004593,A20,travel,phone,5,3,0.5,1322.03,28.6,0
CL004594,A4,health,online,2,1,12.5,640.2,19.1,0
CL004595,A11,health,online,4,1,11.9,9462.64,27.3,0
CL004596,A26,health,online,5,0,1.4,20040.15,31.3,0
CL004597,A18,motor,phone,1,1,0.5,1283.79,16.3,0
CL004598,A11,motor,phone,1,3,8.4,1513.79,14.1,0
CL004599,A5,property,online,5,0,1.6,4151.33,26.3,0
CL004600,A0,health,online,4,2,1.6,6795.48,47.0,1
CL004601,A18,property,online,4,1,0.1,18193.63,48.5,1
CL004602,A9,health,phone,4,4,8.8,4411.8,45.0,1
CL004603,A28,motor,broker,4,0,5.2,6794.13,28.1,0
CL004604,A12,property,online,5,0,9.0,1478.04,29.4,0
CL004605,A29,motor,broker,3,0,2.5,1000.63,25.4,0
CL004606,A21,motor,online,5,0,18.1,557.99,34.9,0
CL004607,A18,travel,online,3,0,9.7,2763.58,26.4,0
CL004608,A5,health,phone,4,0,2.9,5159.87,28.1,0
CL004609,A24,health,phone,4,1,17.6,1603.72,47.9,1
CL004610,A25,motor,online,5,1,4.0,7574.17,30.3,0
CL004611,A29,motor,online,1,0,1.6,1927.98,13.1,0
CL004612,A5,motor,online,2,0,14.7,147.79,23.8,0
CL004613,A7,motor,online,1,1,5.3,3514.19,33.7,1
CL004614,A5,motor,online,2,0,3.6,1675.84,23.8,0
CL004615,A17,health,phone,1,1,2.7,993.42,15.8,0
CL004616,A14,property,phone,4,1,6.0,8895.29,30.1,0
CL004617,A3,property,online,1,0,8.8,3455.99,19.7,0
CL004618,A29,property,online,2,0,5.4,3157.85,17.3,0
CL004619,A12,motor,phone,3,1,9.2,3039.69,23.2,0
CL004620,A14,property,online,1,0,16.1,4078.73,21.9,0
CL004621,A14,property,online,1,0,3.2,2156.22,16.0,0
CL004622,A18,motor,phone,3,0,7.1,1388.87,24.7,0
CL004623,A9,property,phone,3,0,20.1,668.07,26.8,0
CL004624,A17,health,phone,2,1,9.2,4113.01,18.3,0
CL004625,A12,health,online,2,1,20.6,6695.25,28.2,0
CL004626,A15,property,phone,1,0,2.7,864.83,15.3,0
CL004627,A0,travel,phone,4,2,2.2,1062.94,25.9,0
CL004628,A15,health,phone,5,0,4.1,6227.1,53.0,1
CL004629,A20,travel,phone,5,1,14.4,7767.36,60.2,1
CL004630,A16,property,phone,5,1,15.1,15268.29,32.1,0
CL004631,A10,health,broker,1,0,11.1,2805.09,18.0,0
CL004632,A25,health,online,4,2,1.4,1082.19,28.6,0
CL004633,A17,health,online,3,1,13.9,1915.55,30.5,0
CL004634,A19,property,phone,5,2,4.9,4565.45,29.4,0
CL004635,A14,motor,online,5,1,10.6,4406.49,28.6,0
CL004636,A3,health,online,5,1,2.5,1810.09,28.4,0
CL004637,A14,motor,phone,3,0,8.8,10219.71,21.9,0
CL004638,A18,health,online,4,0,5.3,7248.6,25.1,0
CL004639,A5,property,online,3,1,1.4,1889.21,25.5,0
CL004640,A26,motor,online,2,1,6.0,4472.72,18.4,0
CL004641,A10,motor,online,4,1,6.1,16770.62,27.0,0
CL004642,A9,health,online,2,0,0.9,1520.49,18.3,0
CL004643,A14,motor,phone,5,0,22.5,9969.94,40.0,0
CL004644,A26,motor,broker,2,2,0.9,2330.09,15.4,0
CL004645,A11,motor,online,5,1,4.0,5564.82,52.4,1
CL004646,A5,motor,phone,3,0,1.9,1211.18,27.2,0
CL004647,A20,motor,online,5,2,5.1,9980.53,50.3,1
CL004648,A22,motor,online,2,1,7.7,815.22,15.8,0
CL004649,A13,motor,broker,4,1,7.5,1324.34,50.1,1
CL004650,A8,motor,phone,5,0,6.6,6088.55,30.3,0
CL004651,A11,motor,phone,4,0,1.5,2600.36,46.6,1
CL004652,A9,health,online,3,0,13.5,28302.5,28.7,0
CL004653,A28,motor,phone,4,0,5.5,554.79,32.7,0
CL004654,A25,property,online,5,0,16.4,1206.81,37.4,0
CL004655,A26,property,online,4,0,3.5,3102.47,30.9,0
CL004656,A9,motor,phone,3,0,11.7,5515.8,23.3,0
CL004657,A17,motor,online,1,0,14.8,1483.8,14.7,0
CL004658,A7,motor,phone,3,2,13.1,990.27,44.6,1
CL004659,A17,property,online,1,1,14.3,15545.86,22.3,0
CL004660,A17,health,phone,4,1,2.4,40617.0,25.3,0
CL004661,A6,motor,phone,3,1,0.7,7648.08,28.9,0
CL004662,A13,property,broker,2,1,12.7,714.5,19.0,0
CL004663,A4,motor,broker,1,0,1.6,3670.78,17.7,0
CL004664,A14,health,broker,1,0,4.0,6530.54,13.1,0
CL004665,A20,health,online,5,1,22.7,7609.48,34.8,0
CL004666,A26,travel,phone,2,1,10.2,590.3,24.4,0
CL004667,A13,property,online,1,1,33.0,668.93,21.3,0
CL004668,A17,property,phone,5,1,6.0,4423.91,48.4,1
CL004669,A26,property,broker,5,1,7.0,1953.76,32.8,0
CL004670,A8,health,online,1,0,6.3,1327.83,20.1,0
CL004671,A1,health,broker,1,1,4.4,1678.78,14.7,0
CL004672,A20,travel,broker,3,1,19.0,1198.42,29.3,0
CL004673,A8,travel,broker,4,0,14.5,4527.36,30.5,0
CL004674,A1,health,online,1,1,8.1,1511.11,16.0,0
CL004675,A19,motor,online,3,1,22.0,6496.35,29.8,0
CL004676,A0,travel,phone,5,1,20.7,3319.66,34.1,0
CL004677,A5,motor,phone,5,1,30.5,7349.96,40.1,0
CL004678,A21,property,phone,4,1,20.8,3526.76,31.2,0
CL004679,A6,motor,broker,4,0,3.1,13472.1,29.3,0
CL004680,A24,travel,online,4,1,12.3,17387.57,39.2,0
CL004681,A23,motor,online,5,0,4.0,1175.03,35.3,0
CL004682,A26,motor,phone,3,0,7.3,1367.83,26.8,0
CL004683,A0,health,phone,4,0,6.7,4965.95,31.5,0
CL004684,A10,health,online,3,1,1.3,7749.38,28.2,0
CL004685,A29,travel,phone,4,2,5.1,432.33,28.2,0
CL004686,A19,motor,online,4,0,0.4,722.49,22.3,0
CL004687,A5,property,online,5,0,4.4,10633.51,39.6,0
CL004688,A14,health,online,5,0,4.6,3777.85,52.4,1
CL004689,A7,property,broker,4,1,4.7,1454.32,43.6,1
CL004690,A2,motor,broker,2,0,1.3,1977.52,20.6,0
CL004691,A25,property,online,1,1,2.8,838.2,17.3,0
CL004692,A16,health,online,4,0,3.5,1396.37,43.3,1
CL004693,A29,motor,broker,5,1,0.3,2017.6,47.0,1
CL004694,A7,health,phone,5,1,9.1,5217.04,30.4,0
CL004695,A18,health,phone,3,0,1.5,640.0,20.5,0
CL004696,A9,motor,online,5,2,6.8,7582.12,28.4,0
CL004697,A2,health,phone,1,4,2.5,3681.33,14.6,0
CL004698,A2,health,phone,4,2,4.5,1417.04,30.4,0
CL004699,A21,motor,broker,4,1,0.6,706.99,27.8,0
CL004700,A5,motor,online,3,1,6.3,1151.91,24.3,0
CL004701,A23,motor,phone,4,1,3.3,510.74,25.8,0
CL004702,A7,motor,online,4,0,5.6,2194.37,24.3,0
CL004703,A15,travel,broker,1,0,0.2,785.46,11.1,0
CL004704,A13,motor,online,3,2,3.7,15766.23,27.7,0
CL004705,A20,motor,online,5,0,9.4,3606.88,41.4,0
CL004706,A18,property,broker,5,0,22.8,1536.86,53.8,1
CL004707,A13,health,broker,1,2,2.7,5384.55,14.1,0
CL004708,A17,health,online,5,2,6.9,11374.53,53.0,1
CL004709,A1,health,online,5,0,6.5,1833.29,29.9,0
CL004710,A11,health,phone,1,1,12.0,1765.74,13.7,0
CL004711,A6,property,phone,2,0,4.8,1948.24,25.1,0
CL004712,A10,property,online,2,1,0.5,4364.47,19.6,0
CL004713,A13,motor,phone,3,0,10.8,11896.52,21.6,0
CL004714,A25,property,online,3,1,1.5,387.47,54.8,1
CL004715,A3,health,online,3,0,12.7,1846.74,29.8,0
CL004716,A16,health,online,5,0,18.6,3008.67,42.2,0
CL004717,A15,property,online,5,0,12.2,13936.34,58.5,1
CL004718,A25,property,broker,5,0,10.6,61063.75,28.7,0
CL004719,A15,health,online,2,0,5.2,3919.66,21.4,0
CL004720,A18,property,phone,1,0,12.8,733.85,18.3,0
CL004721,A13,motor,phone,1,0,8.8,1461.46,14.1,0
CL004722,A14,motor,phone,2,3,28.7,823.26,22.7,0
CL004723,A25,motor,broker,2,1,5.0,3011.91,25.7,0
CL004724,A8,motor,broker,3,1,3.4,819.53,23.6,0
CL004725,A6,property,phone,4,0,0.7,1669.05,29.0,0
CL004726,A16,health,online,4,2,2.8,1138.33,47.1,1
CL004727,A11,property,broker,1,0,9.9,5080.29,23.4,0
CL004728,A13,travel,phone,3,1,13.8,1972.77,22.2,0
CL004729,A27,motor,broker,2,1,7.5,17678.69,39.5,1
CL004730,A27,health,phone,4,3,6.2,1591.0,31.3,0
CL004731,A11,property,online,2,0,4.5,528.76,21.3,0
CL004732,A17,motor,online,2,1,19.5,542.57,23.1,0
CL004733,A14,motor,broker,2,0,13.3,6226.4,33.1,0
CL004734,A14,property,online,4,0,0.4,1002.95,24.0,0
CL004735,A14,motor,phone,5,0,1.7,904.08,54.1,1
CL004736,A3,health,online,3,2,17.0,4431.7,24.9,0
CL004737,A24,property,online,4,0,6.9,215.07,24.1,0
CL004738,A26,travel,broker,1,1,11.0,6781.17,18.1,0
CL004739,A11,property,phone,1,1,3.4,3323.28,11.8,0
CL004740,A11,motor,online,3,2,14.4,4253.56,24.7,0
CL004741,A2,health,phone,5,0,1.4,9067.21,33.6,0
CL004742,A20,health,online,1,1,3.8,10667.49,17.1,0
CL004743,A22,property,phone,1,0,20.9,3481.35,27.7,0
CL004744,A19,health,online,2,0,23.8,1846.99,23.7,0
CL004745,A16,property,phone,5,0,12.8,2177.91,32.4,0
CL004746,A22,health,online,3,0,23.0,3201.79,25.2,0
CL004747,A16,health,online,2,1,11.8,576.58,18.3,0
CL004748,A11,motor,online,1,4,6.1,688.48,11.0,0
CL004749,A16,travel,online,3,1,24.0,22821.44,26.9,0
CL004750,A20,motor,online,1,1,6.5,1957.32,17.1,0
CL004751,A12,motor,online,2,1,11.9,13447.61,24.0,0
CL004752,A25,property,broker,5,3,1.3,3815.95,28.7,0
CL004753,A25,health,phone,2,4,8.0,4681.84,38.3,1
CL004754,A6,motor,online,5,0,11.0,7433.21,30.9,0
CL004755,A9,property,online,5,2,5.5,872.92,54.0,1
CL004756,A25,motor,broker,1,3,2.6,626.88,34.7,1
CL004757,A27,motor,phone,1,1,20.3,682.55,18.1,0
CL004758,A19,health,phone,5,0,1.7,1463.16,31.4,0
CL004759,A0,motor,online,4,0,10.1,4244.5,25.3,0
CL004760,A6,health,online,5,2,13.8,1678.12,34.4,0
CL004761,A2,motor,online,2,0,12.7,638.42,27.7,0
CL004762,A11,property,phone,3,1,12.2,415.55,24.5,0
CL004763,A27,motor,phone,4,0,1.1,2549.7,57.6,1
CL004764,A1,motor,online,4,2,8.7,1489.28,30.1,0
CL004765,A18,health,broker,2,2,11.2,1049.98,40.6,0
CL004766,A14,motor,broker,4,1,17.5,983.87,30.9,0
CL004767,A2,motor,phone,3,0,4.1,1528.16,23.6,0
CL004768,A24,property,online,1,2,0.9,1756.16,10.4,0
CL004769,A15,travel,phone,2,1,5.4,805.93,17.7,0
CL004770,A1,health,broker,5,0,8.5,1958.92,34.0,0
CL004771,A29,motor,online,3,2,11.4,10216.62,24.0,0
CL004772,A13,property,phone,2,1,3.6,999.96,15.9,0
CL004773,A19,travel,online,2,0,30.3,7072.07,29.4,0
CL004774,A27,property,phone,5,0,20.5,4519.56,34.5,0
CL004775,A29,motor,phone,3,1,11.1,8724.46,28.6,0
CL004776,A19,travel,broker,4,1,31.5,22562.93,38.1,0
CL004777,A8,motor,online,5,1,0.5,2892.05,28.8,0
CL004778,A20,health,phone,3,1,12.6,468.21,23.5,0
CL004779,A18,property,online,2,0,14.1,703.75,21.8,0
CL004780,A27,motor,broker,2,1,4.2,1303.33,26.3,0
CL004781,A1,property,online,1,0,8.4,5080.62,14.7,0
CL004782,A16,motor,online,1,1,1.5,569.33,14.5,0
CL004783,A2,property,phone,2,0,6.9,2502.79,16.5,0
CL004784,A4,health,broker,1,2,0.9,1139.98,23.0,0
CL004785,A13,motor,online,1,2,8.3,3259.51,12.8,0
CL004786,A28,property,broker,1,0,2.4,670.04,30.6,1
CL004787,A12,health,online,2,0,3.1,3516.3,21.2,0
CL004788,A15,health,online,5,0,6.3,4748.4,31.0,0
CL004789,A3,property,phone,2,1,1.1,1740.73,20.2,0
CL004790,A22,motor,online,3,3,10.7,3305.97,27.4,0
CL004791,A18,motor,phone,3,1,6.7,1973.03,28.7,0
CL004792,A17,motor,online,3,0,27.4,383.01,32.0,0
CL004793,A4,motor,online,2,0,21.6,368.58,24.4,0
CL004794,A28,property,online,1,1,14.2,1195.88,18.2,0
CL004795,A0,health,broker,1,0,5.4,6274.92,21.5,0
CL004796,A17,health,phone,3,1,5.1,2406.99,22.9,0
CL004797,A25,health,online,2,0,6.2,2093.65,14.9,0
CL004798,A25,motor,phone,4,1,3.9,23426.02,24.0,0
CL004799,A9,property,phone,3,2,7.9,5691.13,25.8,0
CL004800,A6,property,phone,5,1,3.3,2487.45,34.4,0
CL004801,A28,health,online,1,2,12.5,1964.61,13.7,0
CL004802,A27,health,broker,2,0,25.2,2143.24,45.5,1
CL004803,A17,health,phone,3,1,9.5,1767.29,30.0,0
CL004804,A0,motor,broker,3,2,3.3,434.37,52.1,1
CL004805,A2,motor,online,3,2,9.6,11285.11,24.7,0
CL004806,A2,health,broker,5,0,2.0,2298.08,30.5,0
CL004807,A2,motor,phone,3,2,3.3,7876.83,25.6,0
CL004808,A17,property,phone,5,1,22.8,2643.76,31.8,0
CL004809,A17,health,online,3,0,5.0,1759.48,20.1,0
CL004810,A5,property,broker,3,1,4.5,2667.47,23.3,0
CL004811,A26,motor,online,1,0,0.5,8109.19,13.9,0
CL004812,A7,property,online,1,1,10.2,2454.95,13.4,0
CL004813,A4,property,online,3,0,11.0,1008.26,26.0,0
CL004814,A4,motor,phone,4,1,1.1,3528.13,25.0,0
CL004815,A4,motor,online,1,2,1.1,1199.84,12.6,0
CL004816,A8,motor,broker,3,0,14.8,789.13,30.4,0
CL004817,A10,health,online,2,2,1.2,2171.58,20.1,0
CL004818,A9,property,online,5,2,3.8,6044.93,49.1,1
CL004819,A12,motor,phone,1,1,17.1,1011.44,17.9,0
CL004820,A14,motor,broker,1,2,18.4,1337.89,18.9,0
CL004821,A3,travel,phone,2,1,0.5,5270.13,13.3,0
CL004822,A21,property,phone,1,1,13.6,3553.58,32.3,0
CL004823,A5,motor,online,5,1,8.5,2096.93,40.2,0
CL004824,A26,motor,phone,4,1,14.9,1235.5,25.1,0
CL004825,A5,health,phone,3,0,38.8,617.36,36.4,0
CL004826,A15,motor,online,3,1,0.7,17815.06,17.4,0
CL004827,A17,property,phone,3,1,4.4,944.85,19.4,0
CL004828,A8,health,online,4,0,3.9,5727.04,23.2,0
CL004829,A0,motor,phone,5,3,5.4,2155.67,47.8,1
CL004830,A15,motor,broker,2,1,13.9,960.15,21.0,0
CL004831,A25,health,phone,2,0,6.1,1303.98,16.1,0
CL004832,A13,property,phone,2,1,1.5,1482.9,36.1,1
CL004833,A3,travel,online,4,0,10.8,4218.15,35.0,0
CL004834,A26,motor,phone,3,0,2.2,2919.54,22.8,0
CL004835,A29,motor,phone,5,0,4.5,3709.17,31.1,0
CL004836,A16,health,broker,4,2,2.6,7734.54,25.0,0
CL004837,A27,travel,online,5,3,5.1,14361.94,55.7,1
CL004838,A1,health,phone,5,1,6.6,30661.0,27.6,0
CL004839,A4,property,online,2,2,3.2,1156.45,19.0,0
CL004840,A11,travel,online,3,0,2.8,5634.67,22.9,0
CL004841,A6,property,phone,3,1,12.0,1196.41,45.0,1
CL004842,A26,motor,phone,2,1,1.7,1798.67,14.1,0
CL004843,A22,property,online,3,1,6.2,7114.45,20.7,0
CL004844,A0,property,online,4,0,3.9,747.45,29.0,0
CL004845,A4,motor,online,5,0,4.4,10873.09,51.0,1
CL004846,A16,travel,broker,3,1,16.2,955.59,22.4,0
CL004847,A2,motor,online,5,0,32.7,8364.72,43.2,0
CL004848,A28,motor,phone,5,2,7.4,2229.73,32.3,0
CL004849,A9,property,online,3,1,4.1,6864.26,25.9,0
CL004850,A1,property,phone,2,1,1.3,782.33,16.4,0
CL004851,A28,motor,phone,3,1,2.8,1777.22,23.9,0
CL004852,A27,health,phone,5,0,6.9,7415.87,41.4,0
CL004853,A7,health,online,1,2,9.3,1159.03,34.4,1
CL004854,A29,health,online,2,0,4.9,1242.6,24.7,0
CL004855,A28,property,online,2,1,2.7,2560.95,41.4,1
CL004856,A6,health,online,5,0,6.9,2574.19,49.0,1
CL004857,A27,motor,broker,2,3,13.1,1933.49,24.7,0
CL004858,A11,motor,online,5,1,26.5,1497.09,45.5,0
CL004859,A22,travel,broker,3,3,11.1,791.16,44.6,1
CL004860,A2,travel,phone,3,2,21.9,6099.61,31.7,0
CL004861,A18,health,phone,4,1,11.8,2301.83,47.5,1
CL004862,A3,motor,phone,2,1,10.5,5872.37,23.9,0
CL004863,A17,health,online,2,0,17.0,2711.8,20.4,0
CL004864,A0,motor,phone,5,2,2.3,1080.21,26.1,0
CL004865,A21,health,broker,4,0,31.2,946.64,33.0,0
CL004866,A25,motor,phone,1,2,33.4,3448.0,21.2,0
CL004867,A5,health,broker,2,1,2.1,6565.74,23.4,0
CL004868,A12,travel,online,3,2,22.7,3731.71,31.4,0
CL004869,A12,health,broker,4,1,6.5,2120.94,24.8,0
CL004870,A19,property,phone,4,0,9.3,1268.98,25.8,0
CL004871,A28,motor,phone,5,0,3.0,628.66,53.9,1
CL004872,A18,property,online,2,0,2.3,422.79,17.4,0
CL004873,A19,motor,online,2,0,11.4,1278.45,16.2,0
CL004874,A7,motor,online,1,0,7.7,970.38,13.4,0
CL004875,A2,property,broker,5,0,21.3,1479.7,56.9,1
CL004876,A23,motor,online,4,0,6.4,1194.36,46.5,1
CL004877,A13,property,online,5,0,10.0,17096.03,48.8,1
CL004878,A17,property,broker,2,0,9.9,4492.39,24.9,0
CL004879,A21,health,online,2,2,6.6,2531.66,17.4,0
CL004880,A0,travel,broker,3,0,28.8,570.69,45.8,1
CL004881,A6,health,online,1,0,6.0,2304.32,16.6,0
CL004882,A19,property,phone,5,1,11.6,2466.73,32.0,0
CL004883,A20,property,broker,1,3,15.8,4014.85,18.6,0
CL004884,A12,motor,phone,4,1,1.7,851.3,24.6,0
CL004885,A25,health,phone,3,2,3.3,1532.41,43.0,1
CL004886,A18,property,online,3,0,1.9,2573.3,23.3,0
CL004887,A25,health,online,2,2,16.3,10740.74,23.9,0
CL004888,A24,health,online,3,2,0.3,1466.85,22.8,0
CL004889,A1,property,phone,4,0,2.3,16688.63,48.8,1
CL004890,A8,motor,phone,3,0,11.8,3024.34,22.1,0
CL004891,A11,health,broker,5,0,6.7,4676.86,31.0,0
CL004892,A13,property,online,4,1,6.8,12138.69,30.0,0
CL004893,A9,motor,online,2,0,15.3,852.51,25.6,0
CL004894,A1,motor,online,1,0,3.8,507.41,19.0,0
CL004895,A8,travel,online,5,2,18.8,1118.49,55.4,1
CL004896,A29,health,broker,5,1,0.7,419.79,31.7,0
CL004897,A13,motor,online,2,1,16.5,925.28,21.8,0
CL004898,A4,motor,broker,3,0,12.4,86671.75,24.0,0
CL004899,A25,health,online,5,0,11.4,20015.14,31.9,0
CL004900,A18,motor,phone,1,1,0.9,441.99,12.0,0
CL004901,A6,motor,online,1,0,20.1,753.68,19.8,0
CL004902,A20,motor,phone,5,1,7.9,2465.19,31.1,0
CL004903,A20,motor,phone,4,1,11.9,16343.86,29.4,0
CL004904,A25,travel,online,1,1,4.8,845.19,10.9,0
CL004905,A13,health,phone,5,0,6.9,7792.56,32.1,0
CL004906,A22,property,online,3,0,8.9,3583.6,24.5,0
CL004907,A9,property,online,2,0,11.1,2155.22,22.3,0
CL004908,A19,motor,broker,4,1,17.2,1533.75,30.9,0
CL004909,A19,motor,broker,2,2,11.6,3699.95,38.7,1
CL004910,A6,property,online,5,0,3.1,6745.86,48.7,1
CL004911,A16,health,online,5,0,2.0,3219.49,29.2,0
CL004912,A27,motor,phone,2,1,14.2,777.5,19.5,0
CL004913,A16,motor,online,1,1,22.6,2440.22,16.5,0
CL004914,A19,motor,broker,5,0,11.5,3424.02,31.9,0
CL004915,A18,motor,phone,1,1,0.9,655.85,16.7,0
CL004916,A12,motor,online,1,0,2.3,1222.75,13.1,0
CL004917,A17,motor,online,3,1,14.3,4037.97,23.4,0
CL004918,A14,motor,online,4,0,6.8,2780.76,28.4,0
CL004919,A15,health,online,2,1,3.5,1774.37,15.9,0
CL004920,A6,motor,broker,4,2,3.5,653.14,28.0,0
CL004921,A20,health,broker,3,1,20.0,2712.05,23.0,0
CL004922,A27,health,phone,5,0,12.3,10237.19,49.4,1
CL004923,A1,property,phone,5,1,11.8,683.35,51.2,1
CL004924,A16,health,phone,1,0,1.8,2334.28,16.8,0
CL004925,A19,travel,phone,4,2,9.3,1203.6,55.0,1
CL004926,A13,motor,online,1,0,17.5,2350.94,29.8,0
CL004927,A10,travel,broker,4,0,3.1,2617.53,25.8,0
CL004928,A11,health,phone,5,1,28.1,1902.95,35.7,0
CL004929,A19,health,online,2,2,22.4,7250.87,20.3,0
CL004930,A13,property,online,2,2,1.4,410.68,27.0,0
CL004931,A19,property,online,5,2,3.1,20329.93,32.7,0
CL004932,A20,property,online,3,1,5.9,11193.89,31.3,0
CL004933,A16,travel,online,1,2,8.7,1619.12,14.1,0
CL004934,A27,travel,online,4,0,10.5,6304.78,27.5,0
CL004935,A1,health,phone,3,2,10.0,25120.0,22.2,0
CL004936,A5,property,phone,2,1,6.1,312.53,24.8,0
CL004937,A10,motor,broker,2,1,9.0,1660.5,17.5,0
CL004938,A10,motor,broker,1,1,3.8,3162.29,18.3,0
CL004939,A7,motor,online,1,0,3.1,1087.64,12.1,0
CL004940,A8,motor,online,5,0,1.9,6177.19,56.1,1
CL004941,A5,motor,online,4,0,2.4,5641.24,26.6,0
CL004942,A6,property,phone,2,1,7.9,2070.93,39.5,1
CL004943,A11,property,online,2,0,12.3,553.29,19.0,0
CL004944,A3,motor,phone,3,1,0.8,4842.88,27.3,0
CL004945,A22,property,online,5,0,19.4,3310.24,35.4,0
CL004946,A14,property,online,5,0,1.2,2033.97,31.5,0
CL004947,A12,travel,phone,4,1,7.5,2144.04,24.2,0
CL004948,A25,motor,broker,3,0,10.5,221.29,50.0,1
CL004949,A26,motor,online,4,1,10.6,5436.38,34.7,0
CL004950,A3,property,online,1,0,12.9,775.6,14.7,0
CL004951,A8,property,phone,2,0,12.0,1944.15,16.9,0
CL004952,A29,motor,online,5,1,4.9,2465.9,28.9,0
CL004953,A28,motor,online,4,2,27.1,4537.59,54.7,1
CL004954,A16,property,broker,1,2,15.4,807.1,18.5,0
CL004955,A28,motor,online,4,3,5.5,1447.59,45.2,1
CL004956,A13,property,phone,2,1,5.1,4019.15,40.2,1
CL004957,A3,health,online,5,0,3.0,1979.34,31.8,0
CL004958,A28,health,online,3,1,1.6,3179.54,22.3,0
CL004959,A16,motor,online,2,0,36.3,1669.82,29.6,0
CL004960,A22,property,online,5,2,30.4,14078.07,58.8,1
CL004961,A21,motor,phone,3,0,1.0,4620.96,28.0,0
CL004962,A10,property,phone,4,0,3.7,5077.1,28.1,0
CL004963,A9,property,phone,1,1,16.7,4318.94,37.9,1
CL004964,A21,property,phone,3,0,9.2,421.89,26.0,0
CL004965,A18,health,phone,5,0,1.5,3615.49,28.6,0
CL004966,A1,property,online,2,0,10.9,24234.5,28.1,0
CL004967,A4,motor,online,4,0,0.8,10656.6,29.7,0
CL004968,A2,health,phone,1,0,2.7,1330.33,15.4,0
CL004969,A9,health,phone,2,1,0.9,19329.31,16.6,0
CL004970,A11,motor,online,1,1,3.6,597.94,10.3,0
CL004971,A14,motor,online,4,2,9.3,6206.48,24.3,0
CL004972,A0,health,online,4,0,11.0,1494.63,27.7,0
CL004973,A25,motor,broker,3,3,10.2,655.46,30.2,0
CL004974,A14,motor,online,1,1,13.0,343.15,14.6,0
CL004975,A12,motor,online,5,0,14.1,2513.46,31.1,0
CL004976,A7,motor,phone,2,1,9.8,4633.18,25.9,0
CL004977,A3,travel,online,1,0,14.4,1312.64,16.6,0
CL004978,A1,property,broker,2,0,8.5,4175.55,22.2,0
CL004979,A3,motor,broker,5,0,5.1,368.54,48.9,1
CL004980,A28,motor,phone,4,1,24.3,2227.43,29.8,0
CL004981,A25,motor,online,5,0,17.3,1952.4,57.2,1
CL004982,A23,health,online,4,2,16.9,3818.65,27.3,0
CL004983,A8,motor,phone,4,1,0.9,4428.52,23.6,0
CL004984,A27,travel,online,3,0,8.6,1559.91,29.9,0
CL004985,A1,health,online,5,1,4.8,2485.61,34.1,0
CL004986,A18,motor,online,4,4,18.8,3640.88,32.2,0
CL004987,A14,motor,online,4,1,40.0,1102.97,43.1,0
CL004988,A2,property,online,1,0,10.4,564.67,13.4,0
CL004989,A13,health,online,2,1,1.2,1754.03,28.5,0
CL004990,A8,property,broker,3,3,19.7,1344.44,50.1,1
CL004991,A27,motor,online,5,0,10.3,11203.94,30.3,0
CL004992,A29,motor,online,3,1,17.6,2152.41,47.3,1
CL004993,A12,property,online,5,0,9.4,5469.52,50.0,1
CL004994,A19,motor,online,5,3,5.2,4056.19,31.0,0
CL004995,A19,motor,online,5,1,5.5,4867.2,28.8,0
CL004996,A22,motor,online,5,1,17.7,1466.45,32.0,0
CL004997,A20,travel,broker,1,3,5.6,2529.14,21.4,0
CL004998,A25,property,phone,1,1,6.7,1107.38,11.3,0
CL004999,A29,motor,phone,3,1,2.7,1458.08,30.9,0
CL005000,A24,motor,broker,4,0,3.7,5412.41,30.6,0
CL005001,A3,property,online,4,1,18.9,3269.43,27.0,0
CL005002,A26,travel,broker,2,0,4.3,1363.05,29.3,0
CL005003,A12,motor,online,4,0,13.2,3080.03,52.0,1
CL005004,A7,property,phone,1,0,0.5,831.12,13.1,0
CL005005,A10,property,broker,4,0,6.9,10078.17,30.2,0
CL005006,A28,property,online,3,1,2.8,1842.56,21.4,0
CL005007,A19,motor,phone,1,3,9.9,1228.6,43.7,1
CL005008,A5,motor,online,1,0,3.0,809.57,19.6,0
CL005009,A7,property,phone,1,0,19.2,892.62,16.2,0
CL005010,A29,travel,phone,5,0,8.7,948.69,40.6,0
CL005011,A1,motor,online,3,0,11.9,2311.37,24.3,0
CL005012,A10,health,online,3,0,18.5,4911.47,28.0,0
CL005013,A0,property,phone,3,0,2.3,1253.36,20.5,0
CL005014,A26,property,online,3,1,0.8,3007.62,18.8,0
CL005015,A0,motor,online,1,0,8.3,197.98,14.8,0
CL005016,A26,motor,broker,4,2,5.1,1118.7,31.1,0
CL005017,A22,health,phone,3,0,16.8,2181.29,28.4,0
CL005018,A28,property,online,2,2,7.8,1297.22,17.9,0
CL005019,A20,motor,phone,1,0,15.1,10626.4,14.1,0
CL005020,A0,property,online,4,2,5.3,2356.66,27.3,0
CL005021,A9,motor,phone,5,0,2.0,4128.06,29.4,0
CL005022,A6,motor,online,1,0,4.1,13383.0,12.5,0
CL005023,A1,motor,broker,2,0,10.3,5858.88,30.5,0
CL005024,A28,motor,online,4,2,6.2,4380.08,27.7,0
CL005025,A3,property,broker,2,1,6.2,945.84,38.3,1
CL005026,A11,property,broker,1,0,4.4,1168.81,13.7,0
CL005027,A2,travel,online,3,0,1.7,2436.78,19.5,0
CL005028,A2,health,broker,2,1,12.3,1953.34,37.9,1
CL005029,A19,motor,broker,5,1,4.1,7142.48,35.9,0
CL005030,A24,health,online,3,0,2.8,3131.75,22.3,0
CL005031,A28,health,online,4,1,19.1,1758.75,34.0,0
CL005032,A4,health,online,3,0,4.7,2134.34,23.4,0
CL005033,A14,motor,online,4,1,20.0,3444.6,34.2,0
CL005034,A23,motor,online,4,1,22.4,2936.86,34.8,0
CL005035,A15,health,phone,2,2,21.9,1463.35,20.8,0
CL005036,A10,motor,online,3,0,5.8,3085.22,26.6,0
CL005037,A6,health,phone,2,0,11.1,461.76,20.2,0
CL005038,A17,motor,online,2,1,6.9,1914.09,18.6,0
CL005039,A20,property,online,2,1,8.8,693.72,41.4,1
CL005040,A21,property,broker,5,0,2.4,4154.34,38.2,0
CL005041,A23,motor,broker,1,2,18.5,1221.77,15.4,0
CL005042,A13,health,phone,3,0,1.1,3422.32,29.2,0
CL005043,A3,motor,online,5,0,1.6,1262.65,32.2,0
CL005044,A16,property,online,1,1,0.1,602.53,12.2,0
CL005045,A18,property,phone,5,1,8.5,1948.7,51.4,1
CL005046,A8,health,online,1,1,2.0,8110.12,16.3,0
CL005047,A5,health,online,5,0,9.3,1785.59,33.8,0
CL005048,A2,travel,broker,2,1,9.0,3923.81,20.8,0
CL005049,A12,health,phone,5,0,5.0,1979.25,33.1,0
CL005050,A10,health,online,1,0,6.8,3734.65,18.8,0
CL005051,A18,property,online,5,1,19.6,2130.19,30.4,0
CL005052,A23,motor,phone,4,2,2.5,1775.4,30.1,0
CL005053,A7,health,online,1,2,3.1,538.27,17.4,0
CL005054,A5,motor,online,4,3,5.4,2605.48,34.4,0
CL005055,A23,health,online,1,3,10.2,2980.35,13.3,0
CL005056,A11,health,phone,3,1,0.6,41038.06,19.1,0
CL005057,A19,property,online,1,1,1.5,745.31,13.3,0
CL005058,A23,health,online,2,0,11.2,1068.16,21.4,0
CL005059,A18,motor,phone,3,0,1.9,1423.12,21.4,0
CL005060,A7,motor,phone,5,0,6.4,3976.82,36.2,0
CL005061,A20,health,broker,4,2,11.8,1122.76,33.9,0
CL005062,A5,motor,online,1,0,1.2,1597.66,16.9,0
CL005063,A14,motor,phone,3,0,15.2,427.42,23.5,0
CL005064,A29,property,phone,5,0,8.6,1515.52,51.3,1
CL005065,A5,motor,phone,5,1,3.9,621.59,33.5,0
CL005066,A18,motor,online,3,0,16.8,9730.73,42.4,1
CL005067,A25,motor,phone,1,1,4.6,6139.28,11.7,0
CL005068,A4,health,phone,4,1,2.9,3647.4,47.8,1
CL005069,A24,motor,phone,4,0,8.4,1972.3,24.7,0
CL005070,A18,health,online,5,1,6.0,778.63,27.1,0
CL005071,A23,motor,online,2,0,8.2,1287.37,20.3,0
CL005072,A29,health,online,3,1,14.7,7805.52,22.2,0
CL005073,A25,health,phone,3,1,3.8,3846.61,22.6,0
CL005074,A15,health,online,1,1,4.3,650.77,11.2,0
CL005075,A6,property,phone,4,0,2.7,9013.78,28.1,0
CL005076,A27,travel,broker,1,2,17.9,2891.89,13.8,0
CL005077,A15,motor,phone,3,0,2.4,310.03,21.2,0
CL005078,A14,motor,online,5,0,5.3,2679.26,58.0,1
CL005079,A27,health,online,1,0,17.0,1703.11,20.9,0
CL005080,A24,motor,broker,4,0,3.2,4163.49,47.6,1
CL005081,A12,motor,phone,2,0,10.6,734.43,16.8,0
CL005082,A22,travel,phone,4,0,3.9,4279.09,24.6,0
CL005083,A4,property,phone,1,1,2.7,189.24,16.3,0
CL005084,A10,health,broker,5,2,23.4,4715.27,36.7,0
CL005085,A3,motor,online,2,1,6.5,2048.78,50.9,1
CL005086,A2,motor,online,3,1,2.3,1459.15,24.5,0
CL005087,A2,property,broker,1,1,1.2,240.66,12.2,0
CL005088,A27,travel,broker,2,0,18.0,3977.21,40.3,1
CL005089,A20,property,online,3,0,1.2,2232.62,21.5,0
CL005090,A23,property,phone,5,0,10.4,1290.6,30.5,0
CL005091,A11,property,broker,5,1,19.7,4259.48,51.4,1
CL005092,A2,motor,online,1,1,10.0,11981.71,16.9,0
CL005093,A11,health,broker,5,2,3.2,1723.96,35.2,0
CL005094,A2,motor,online,4,0,9.3,1968.34,28.4,0
CL005095,A18,property,phone,3,0,2.7,49253.25,23.1,0
CL005096,A1,health,online,1,0,3.2,2032.74,15.7,0
CL005097,A14,motor,online,4,0,11.0,1265.27,34.4,0
CL005098,A4,motor,broker,4,1,0.9,2033.57,46.1,1
CL005099,A9,travel,broker,3,1,5.2,1775.0,40.5,1
CL005100,A1,property,phone,2,3,10.5,924.67,18.2,0
CL005101,A21,health,phone,5,0,15.2,37262.86,56.1,1
CL005102,A29,motor,online,1,0,6.4,267.93,36.5,1
CL005103,A15,property,broker,5,4,4.9,4346.81,37.2,0
CL005104,A21,motor,phone,1,0,4.1,2837.64,11.1,0
CL005105,A6,motor,online,4,0,5.0,9084.16,23.9,0
CL005106,A4,property,phone,4,1,24.3,4268.37,28.0,0
CL005107,A9,health,online,4,0,5.0,13568.41,23.2,0
CL005108,A10,property,online,4,3,12.5,10121.96,48.8,1
CL005109,A20,motor,online,5,0,6.3,5377.68,57.1,1
CL005110,A17,health,phone,3,0,14.0,604.57,23.4,0
CL005111,A13,property,online,2,0,19.4,2528.27,22.2,0
CL005112,A9,travel,online,1,0,6.6,731.67,15.5,0
CL005113,A15,motor,broker,5,0,38.7,5101.18,35.6,0
CL005114,A24,motor,phone,2,1,6.8,4772.24,15.3,0
CL005115,A28,motor,phone,2,0,8.7,3532.74,19.4,0
CL005116,A9,property,phone,1,1,5.5,937.75,31.9,1
CL005117,A22,property,broker,3,0,2.1,1762.8,21.5,0
CL005118,A7,health,broker,2,0,13.2,6776.45,33.3,0
CL005119,A8,motor,online,5,1,2.4,2633.7,48.5,1
CL005120,A7,health,online,3,0,8.3,3829.15,23.8,0
CL005121,A17,property,online,5,0,4.6,17255.84,32.5,0
CL005122,A24,health,online,2,1,11.3,2746.24,22.9,0
CL005123,A8,property,broker,3,1,3.8,1011.48,26.0,0
CL005124,A22,property,phone,5,2,4.7,17458.34,26.8,0
CL005125,A13,health,online,2,1,17.7,1350.71,18.5,0
CL005126,A21,motor,online,4,1,9.0,333.49,28.4,0
CL005127,A22,health,online,2,1,4.4,2874.52,20.0,0
CL005128,A20,health,online,2,1,2.3,965.0,15.2,0
CL005129,A23,motor,phone,3,0,8.0,2362.51,23.9,0
CL005130,A24,property,online,2,0,1.3,850.1,34.0,1
CL005131,A15,motor,broker,1,2,46.0,1169.52,27.3,0
CL005132,A14,motor,broker,4,0,3.8,6201.59,22.9,0
CL005133,A9,property,online,3,0,1.0,2673.13,33.6,0
CL005134,A10,health,phone,2,1,12.4,4132.85,43.4,1
CL005135,A14,property,online,1,0,3.1,671.12,13.1,0
CL005136,A28,health,broker,3,0,7.2,20203.75,46.5,1
CL005137,A9,health,phone,5,0,8.7,9386.33,28.5,0
CL005138,A21,health,broker,1,0,8.1,2931.58,19.9,0
CL005139,A23,health,phone,4,1,13.3,1727.59,28.4,0
CL005140,A0,motor,broker,5,1,7.4,2248.1,54.7,1
CL005141,A8,health,online,5,1,2.4,5516.57,33.8,0
CL005142,A8,travel,online,4,1,13.2,8240.33,27.3,0
CL005143,A23,property,phone,3,2,12.1,630.18,49.6,1
CL005144,A22,motor,online,1,3,3.5,3781.14,14.3,0
CL005145,A12,motor,broker,1,1,16.4,3210.44,33.1,0
CL005146,A7,motor,phone,4,0,3.3,7106.07,32.1,0
CL005147,A20,motor,online,5,1,1.9,1697.92,46.8,1
CL005148,A19,motor,phone,2,0,10.5,2921.2,27.6,0
CL005149,A8,motor,online,1,2,34.3,224.01,26.0,0
CL005150,A20,travel,online,1,0,3.0,1163.86,23.9,0
CL005151,A12,property,phone,4,0,12.2,321.15,26.2,0
CL005152,A26,health,phone,1,0,5.4,2285.6,14.8,0
CL005153,A14,motor,broker,4,0,27.9,1772.03,58.6,1
CL005154,A0,travel,online,3,0,11.0,1507.06,31.1,0
CL005155,A8,travel,broker,5,0,4.3,2934.98,28.8,0
CL005156,A0,health,online,4,0,13.3,6467.06,25.9,0
CL005157,A15,health,phone,5,2,5.0,2062.13,47.9,1
CL005158,A19,health,online,1,1,25.5,1122.29,16.7,0
CL005159,A9,motor,online,1,0,0.3,4187.24,9.7,0
CL005160,A27,property,phone,4,0,20.8,1442.54,52.9,1
CL005161,A6,motor,online,5,1,0.5,473.51,31.4,0
CL005162,A2,motor,broker,2,0,0.2,704.35,18.0,0
CL005163,A16,property,phone,5,1,7.1,4321.23,34.7,0
CL005164,A15,property,online,4,2,2.1,2252.51,24.6,0
CL005165,A18,motor,broker,4,3,16.8,2936.39,52.9,1
CL005166,A24,property,online,5,0,5.4,1932.65,35.0,0
CL005167,A23,motor,online,1,0,5.5,612.62,14.1,0
CL005168,A5,motor,broker,1,0,6.2,655.3,15.1,0
CL005169,A25,motor,broker,5,0,1.1,39622.42,25.5,0
CL005170,A20,health,phone,4,1,3.2,803.76,23.5,0
CL005171,A26,motor,online,3,1,12.3,3237.97,21.2,0
CL005172,A8,motor,broker,3,0,8.8,2566.87,19.5,0
CL005173,A12,travel,phone,2,1,18.2,11088.65,45.7,1
CL005174,A0,property,broker,2,2,1.9,744.7,14.8,0
CL005175,A12,travel,broker,4,0,3.6,12278.99,26.0,0
CL005176,A28,property,online,2,1,1.4,3757.72,21.9,0
CL005177,A3,health,phone,4,1,5.7,5218.65,23.9,0
CL005178,A26,motor,broker,2,0,5.1,775.83,21.8,0
CL005179,A12,health,phone,3,0,25.4,1248.9,30.5,0
CL005180,A7,property,broker,1,1,14.4,2495.91,14.5,0
CL005181,A7,property,online,2,1,5.4,647.11,29.5,0
CL005182,A14,motor,online,1,0,7.4,1063.34,11.9,0
CL005183,A19,motor,phone,1,2,18.3,1212.44,19.1,0
CL005184,A0,motor,phone,1,1,15.0,750.67,16.2,0
CL005185,A11,motor,phone,2,0,4.5,4331.49,15.9,0
CL005186,A11,property,phone,1,0,13.3,988.25,35.2,1
CL005187,A11,property,online,5,2,11.7,8872.69,31.6,0
CL005188,A7,motor,broker,4,0,7.9,1888.54,25.1,0
CL005189,A10,motor,phone,4,1,1.8,1401.83,25.2,0
CL005190,A28,motor,broker,1,1,21.3,3559.63,17.1,0
CL005191,A28,property,online,3,1,1.3,1219.84,36.2,0
CL005192,A17,motor,phone,5,1,11.0,2655.32,51.8,1
CL005193,A16,property,online,1,0,1.4,2461.55,10.2,0
CL005194,A18,property,phone,2,0,4.9,3110.48,19.0,0
CL005195,A17,property,online,2,1,18.2,1975.11,20.3,0
CL005196,A16,motor,online,1,1,9.1,3429.76,18.4,0
CL005197,A21,property,phone,1,1,6.1,1229.61,11.0,0
CL005198,A21,health,broker,2,2,1.0,3152.5,22.8,0
CL005199,A4,property,online,1,0,12.4,6574.8,14.0,0
CL005200,A9,health,online,3,2,4.1,15075.03,40.1,1
CL005201,A2,health,phone,4,0,26.2,56022.75,29.9,0
CL005202,A10,health,online,4,0,1.4,55337.24,26.3,0
CL005203,A26,property,broker,2,0,13.7,970.96,32.9,0
CL005204,A3,motor,online,3,1,9.1,921.89,23.0,0
CL005205,A12,motor,phone,4,1,7.0,1317.68,27.2,0
CL005206,A9,travel,broker,2,0,9.0,23439.89,25.0,0
CL005207,A12,motor,online,4,0,3.2,4488.15,30.7,0
CL005208,A15,motor,online,1,1,9.4,327.32,14.8,0
CL005209,A8,health,online,2,0,4.5,1289.67,19.6,0
CL005210,A8,motor,online,4,0,12.9,394.22,50.8,1
CL005211,A7,property,phone,3,1,7.3,1420.1,28.3,0
CL005212,A17,motor,online,4,2,4.3,4152.33,27.1,0
CL005213,A22,health,broker,1,0,10.2,988.96,14.7,0
CL005214,A14,motor,phone,4,0,26.5,2937.82,30.7,0
CL005215,A10,health,online,4,0,4.4,3885.95,26.4,0
CL005216,A12,motor,online,4,2,11.6,2384.47,25.1,0
CL005217,A17,travel,broker,4,0,7.8,2468.07,23.8,0
CL005218,A20,property,online,5,0,13.3,3785.83,42.8,0
CL005219,A22,health,online,5,0,11.6,2335.72,35.7,0
CL005220,A16,property,online,5,1,12.3,5104.87,36.7,0
CL005221,A1,property,phone,1,0,8.8,313.19,17.6,0
CL005222,A0,travel,phone,3,1,31.8,3169.76,32.6,0
CL005223,A6,motor,online,3,0,21.1,3714.02,26.2,0
CL005224,A14,property,phone,2,2,12.9,963.35,19.3,0
CL005225,A2,property,online,1,1,0.5,1826.02,16.6,0
CL005226,A9,health,online,3,1,7.2,699.18,25.9,0
CL005227,A0,health,phone,2,1,6.9,4115.39,18.0,0
CL005228,A11,health,online,1,0,7.5,1686.78,19.4,0
CL005229,A7,property,broker,3,0,3.7,916.81,23.9,0
CL005230,A16,motor,phone,4,0,6.2,1834.96,23.6,0
CL005231,A13,health,phone,3,1,30.9,1241.5,31.4,0
CL005232,A5,health,online,5,0,10.4,918.91,28.0,0
CL005233,A28,property,online,4,0,11.3,2225.57,27.7,0
CL005234,A7,property,broker,3,0,14.4,3212.43,23.1,0
CL005235,A9,property,online,1,0,14.4,1136.51,24.3,0
CL005236,A22,property,phone,4,1,4.5,3260.22,43.8,1
CL005237,A7,travel,broker,3,2,12.4,4449.17,56.8,1
CL005238,A24,motor,phone,4,1,15.1,4025.55,48.9,1
CL005239,A19,motor,phone,3,0,7.6,1264.73,34.8,0
CL005240,A28,property,online,3,2,1.7,2694.38,22.6,0
CL005241,A6,motor,online,2,0,26.5,2048.95,23.6,0
CL005242,A5,motor,online,3,1,0.6,658.36,29.0,0
CL005243,A7,health,broker,3,3,14.3,5366.86,28.3,0
CL005244,A18,motor,online,1,0,1.3,1223.21,11.7,0
CL005245,A2,health,broker,2,1,4.3,2062.9,23.4,0
CL005246,A25,property,phone,2,0,12.4,1114.89,20.8,0
CL005247,A3,property,phone,3,1,4.7,3300.99,21.1,0
CL005248,A27,travel,online,3,2,12.1,4977.37,21.0,0
CL005249,A16,health,online,3,2,10.0,1528.87,22.5,0
CL005250,A29,property,phone,5,1,12.4,2729.52,29.7,0
CL005251,A20,property,broker,3,0,18.1,4770.54,25.3,0
CL005252,A13,motor,phone,4,1,8.9,2418.57,39.7,0
CL005253,A13,health,online,1,0,18.0,437.68,17.4,0
CL005254,A22,motor,broker,3,0,7.0,644.88,26.5,0
CL005255,A2,motor,phone,5,0,5.5,11834.98,30.6,0
CL005256,A20,property,phone,2,1,5.6,1969.1,20.0,0
CL005257,A17,motor,online,2,0,18.7,3931.92,20.4,0
CL005258,A15,property,phone,1,1,11.8,2055.2,18.4,0
CL005259,A27,motor,phone,3,0,3.6,6473.53,25.3,0
CL005260,A16,property,phone,2,2,11.4,3218.22,19.9,0
CL005261,A8,motor,online,3,0,14.2,2123.29,23.2,0
CL005262,A5,motor,online,3,2,11.3,1420.64,20.7,0
CL005263,A9,travel,phone,3,1,8.6,8675.29,23.3,0
CL005264,A20,property,broker,2,1,7.4,1535.7,28.4,0
CL005265,A25,motor,phone,4,2,9.8,3554.64,31.8,0
CL005266,A3,motor,phone,2,0,0.0,1935.65,21.9,0
CL005267,A0,motor,online,3,0,22.1,1090.97,32.6,0
CL005268,A26,property,phone,1,0,12.9,1199.44,13.3,0
CL005269,A9,health,phone,3,1,8.7,1769.64,33.2,0
CL005270,A15,motor,online,3,0,0.7,2149.41,19.5,0
CL005271,A25,motor,broker,5,0,1.6,4260.9,32.8,0
CL005272,A21,health,broker,3,2,9.3,1590.21,43.6,1
CL005273,A4,health,online,1,0,0.3,2760.13,22.8,0
CL005274,A22,property,online,3,2,3.3,811.47,25.9,0
CL005275,A29,property,phone,1,1,16.9,1176.34,15.0,0
CL005276,A12,travel,online,3,1,1.5,452.42,25.1,0
CL005277,A1,health,online,3,0,1.5,14785.45,27.0,0
CL005278,A9,property,online,5,0,1.6,9384.78,47.1,1
CL005279,A19,health,online,3,0,3.3,1595.75,19.3,0
CL005280,A23,property,online,5,0,3.6,2961.2,46.8,1
CL005281,A26,travel,phone,2,1,1.0,1195.22,20.1,0
CL005282,A3,health,online,3,0,5.1,4254.92,29.0,0
CL005283,A9,health,broker,1,1,15.6,2217.48,14.8,0
CL005284,A28,health,broker,2,2,8.9,4010.14,16.5,0
CL005285,A8,property,online,2,0,1.9,596.59,19.3,0
CL005286,A19,travel,online,1,1,7.3,710.56,12.6,0
CL005287,A11,motor,phone,3,2,1.0,2399.18,26.5,0
CL005288,A0,property,online,4,0,7.0,2557.26,29.4,0
CL005289,A26,property,online,2,0,42.1,1402.68,26.9,0
CL005290,A4,property,phone,4,0,9.1,390.39,34.7,0
CL005291,A26,motor,online,4,2,10.2,3180.54,43.2,0
CL005292,A21,property,phone,5,0,5.5,955.2,30.3,0
CL005293,A13,travel,phone,1,0,7.4,408.12,12.4,0
CL005294,A0,health,phone,1,0,5.4,523.85,14.2,0
CL005295,A17,motor,phone,3,0,0.3,1071.44,23.0,0
CL005296,A1,motor,online,2,1,4.2,565.32,23.1,0
CL005297,A6,motor,broker,1,0,8.9,901.81,18.6,0
CL005298,A17,motor,online,3,0,0.4,1000.58,27.0,0
CL005299,A14,property,online,4,2,1.1,1624.69,23.8,0
CL005300,A3,health,online,5,0,6.1,3584.23,35.2,0
CL005301,A27,property,online,3,0,11.4,4111.93,25.4,0
CL005302,A10,motor,broker,1,0,7.9,4182.9,15.6,0
CL005303,A17,motor,online,5,0,15.2,1799.47,33.9,0
CL005304,A19,motor,phone,1,0,23.6,1087.2,23.6,0
CL005305,A25,health,phone,4,0,0.4,2348.7,25.4,0
CL005306,A24,motor,phone,1,0,11.6,1815.29,17.8,0
CL005307,A18,health,phone,3,3,6.7,8410.76,23.6,0
CL005308,A2,motor,online,1,3,3.5,244.19,12.2,0
CL005309,A1,health,phone,1,1,5.8,498.03,11.7,0
CL005310,A16,motor,phone,4,2,7.1,1101.21,47.5,1
CL005311,A24,health,online,1,0,5.2,2411.39,17.4,0
CL005312,A20,health,broker,4,1,18.3,14179.14,31.3,0
CL005313,A29,travel,online,5,0,13.9,631.27,39.8,0
CL005314,A12,property,broker,1,1,16.9,435.48,16.2,0
CL005315,A17,property,broker,2,0,10.2,454.76,19.6,0
CL005316,A12,travel,broker,2,1,3.0,2275.96,24.5,0
CL005317,A17,property,broker,1,1,28.0,526.07,27.2,0
CL005318,A22,travel,online,1,0,12.0,5059.5,16.4,0
CL005319,A10,motor,broker,2,1,4.0,7472.33,24.2,0
CL005320,A12,motor,broker,4,2,20.1,7832.6,32.7,0
CL005321,A5,travel,phone,1,2,3.2,805.86,20.8,0
CL005322,A10,motor,broker,2,0,4.0,4760.44,22.4,0
CL005323,A5,motor,online,5,0,1.4,5475.47,28.9,0
CL005324,A11,motor,online,1,1,3.7,12752.69,12.1,0
CL005325,A17,motor,online,2,1,9.7,16036.5,20.4,0
CL005326,A1,motor,online,2,2,1.2,2192.96,21.0,0
CL005327,A1,motor,online,4,1,19.9,1759.92,42.6,0
CL005328,A22,motor,online,3,0,0.4,2590.48,25.2,0
CL005329,A7,motor,phone,4,1,2.4,2882.65,27.3,0
CL005330,A8,health,phone,3,0,0.4,2838.47,20.8,0
CL005331,A1,health,phone,1,0,20.0,764.35,26.0,0
CL005332,A22,motor,phone,2,0,10.6,891.85,18.6,0
CL005333,A21,motor,online,4,1,0.9,2793.28,43.3,1
CL005334,A19,health,online,1,1,8.7,1920.81,25.8,0
CL005335,A15,property,online,2,0,7.3,2409.52,40.9,1
CL005336,A18,property,online,2,1,5.1,1782.53,25.4,0
CL005337,A10,property,online,3,1,2.4,1463.54,20.0,0
CL005338,A21,motor,phone,1,1,7.4,3837.97,18.8,0
CL005339,A2,health,broker,2,2,2.8,1229.53,34.4,1
CL005340,A0,property,online,4,2,2.2,1116.26,22.3,0
CL005341,A2,travel,phone,5,0,13.3,4290.46,33.7,0
CL005342,A11,health,online,2,0,4.1,3761.13,18.2,0
CL005343,A26,health,online,3,0,12.2,545.29,20.4,0
CL005344,A28,property,online,4,0,7.7,1040.62,24.5,0
CL005345,A23,property,phone,3,0,8.1,638.14,23.4,0
CL005346,A25,property,broker,2,0,24.5,677.13,40.3,1
CL005347,A4,property,phone,4,1,5.5,1221.62,34.5,0
CL005348,A12,health,broker,2,1,3.0,2454.52,27.3,0
CL005349,A26,travel,phone,4,1,5.2,3768.64,41.7,0
CL005350,A16,motor,online,1,1,6.4,1446.75,43.0,1
CL005351,A13,property,online,5,1,2.5,5074.85,47.7,1
CL005352,A20,travel,broker,2,1,11.2,922.92,24.4,0
CL005353,A18,motor,online,2,1,1.6,2425.58,15.2,0
CL005354,A3,travel,phone,5,2,3.4,962.27,28.6,0
CL005355,A21,property,phone,4,0,21.2,5000.0,38.0,0
CL005356,A27,property,phone,5,0,6.5,1910.09,35.2,0
CL005357,A18,property,online,4,0,5.9,4417.1,28.0,0
CL005358,A28,health,phone,5,1,6.2,5466.32,36.7,0
CL005359,A10,motor,online,1,1,0.7,833.46,10.5,0
CL005360,A13,property,online,4,0,12.7,6176.57,27.0,0
CL005361,A20,motor,online,5,0,15.5,2724.22,35.6,0
CL005362,A23,health,online,1,0,1.5,2435.86,14.7,0
CL005363,A17,health,phone,1,0,5.4,1829.06,19.4,0
CL005364,A25,health,online,4,1,20.0,3908.86,39.4,0
CL005365,A2,property,online,2,0,24.8,4321.48,44.1,1
CL005366,A1,motor,phone,4,0,10.4,703.7,33.7,0
CL005367,A19,travel,phone,2,1,3.7,618.12,17.6,0
CL005368,A19,property,online,2,0,5.6,1141.16,18.9,0
CL005369,A1,health,broker,3,1,12.5,874.62,29.6,0
CL005370,A4,health,online,5,0,2.9,8344.37,30.6,0
CL005371,A11,property,broker,3,2,28.6,3220.21,46.7,1
CL005372,A14,motor,online,4,1,4.2,3248.01,41.0,0
CL005373,A22,property,broker,2,2,3.9,4258.33,17.7,0
CL005374,A29,motor,phone,2,1,1.2,2603.88,19.1,0
CL005375,A2,health,phone,5,1,9.3,2303.06,54.8,1
CL005376,A7,health,phone,5,0,28.5,4391.1,35.7,0
CL005377,A16,motor,online,2,0,9.1,231.23,37.0,1
CL005378,A6,motor,online,4,0,8.9,5514.65,30.9,0
CL005379,A11,travel,online,3,0,3.5,1398.43,21.8,0
CL005380,A11,health,online,1,1,5.9,2524.77,15.2,0
CL005381,A26,property,online,2,0,3.1,5073.23,20.9,0
CL005382,A8,motor,online,5,0,2.3,357.73,27.7,0
CL005383,A11,travel,online,5,0,12.2,1769.04,29.1,0
CL005384,A28,motor,broker,2,0,1.3,2350.79,14.1,0
CL005385,A20,motor,online,5,0,28.5,7317.37,58.2,1
CL005386,A20,motor,online,2,0,0.5,1398.79,15.4,0
CL005387,A21,health,online,1,0,20.1,912.14,15.9,0
CL005388,A24,property,phone,2,1,11.6,2457.53,28.5,0
CL005389,A0,travel,phone,1,2,6.8,1400.44,27.2,0
CL005390,A19,motor,broker,5,2,6.3,3638.53,56.6,1
CL005391,A6,health,phone,1,1,6.8,706.31,16.3,0
CL005392,A24,motor,phone,5,1,7.2,3113.97,56.0,1
CL005393,A22,property,online,5,0,15.1,2846.06,30.4,0
CL005394,A17,property,phone,4,1,7.2,3897.83,34.9,0
CL005395,A13,health,online,5,2,24.5,2349.96,53.1,1
CL005396,A20,motor,phone,2,0,21.2,277.19,35.3,0
CL005397,A19,travel,phone,2,2,0.6,8457.94,24.7,0
CL005398,A8,motor,phone,1,2,9.1,3000.18,14.3,0
CL005399,A15,motor,online,5,0,17.9,343.17,55.4,1
CL005400,A6,property,online,5,0,10.5,5697.02,29.5,0
CL005401,A1,health,online,5,0,27.7,4053.2,40.2,0
CL005402,A27,health,online,3,0,8.3,1802.57,27.4,0
CL005403,A10,property,phone,2,0,8.3,2438.62,43.6,1
CL005404,A0,health,online,5,5,3.7,3737.51,30.0,0
CL005405,A8,health,phone,4,1,25.0,2855.51,32.1,0
CL005406,A6,motor,online,2,0,6.2,878.19,18.8,0
CL005407,A23,motor,online,2,2,10.0,922.25,25.2,0
CL005408,A0,motor,phone,5,2,10.1,7222.33,30.8,0
CL005409,A26,motor,online,2,1,11.0,2271.4,16.6,0
CL005410,A25,property,broker,3,0,3.7,2848.67,22.7,0
CL005411,A6,motor,online,5,0,3.1,838.13,37.9,0
CL005412,A3,motor,online,2,0,4.8,1514.02,24.5,0
CL005413,A11,motor,online,1,0,10.8,4244.51,19.6,0
CL005414,A13,property,phone,5,1,5.3,6572.26,34.4,0
CL005415,A19,motor,phone,1,2,12.3,765.25,14.5,0
CL005416,A16,motor,online,1,0,5.6,3631.89,20.0,0
CL005417,A19,health,online,2,0,6.0,4304.44,17.7,0
CL005418,A9,property,phone,5,0,0.1,4783.25,27.7,0
CL005419,A15,motor,phone,5,1,9.7,1685.67,33.7,0
CL005420,A3,motor,online,5,3,2.6,2372.57,27.7,0
CL005421,A16,property,online,4,1,2.8,4519.94,22.6,0
CL005422,A29,property,phone,4,0,7.9,2033.36,44.8,1
CL005423,A18,motor,broker,1,0,1.8,5766.65,15.5,0
CL005424,A21,motor,online,1,0,6.5,1896.56,19.6,0
CL005425,A1,motor,broker,5,2,3.9,2118.33,53.6,1
CL005426,A7,health,phone,3,1,15.3,349.41,34.2,0
CL005427,A4,property,phone,4,1,10.9,5837.38,36.0,0
CL005428,A26,health,broker,4,0,19.9,2258.67,32.5,0
CL005429,A1,property,phone,5,0,5.0,4539.07,28.3,0
CL005430,A1,motor,phone,4,1,7.6,3414.93,45.7,1
CL005431,A17,motor,online,2,2,13.7,825.45,22.8,0
CL005432,A3,property,phone,4,2,5.4,15093.23,31.0,0
CL005433,A3,property,online,2,1,8.4,4581.16,21.9,0
CL005434,A11,motor,phone,2,0,3.1,3456.01,23.3,0
CL005435,A22,property,phone,3,2,2.3,12461.17,62.7,1
CL005436,A14,health,online,2,0,12.6,2404.88,24.8,0
CL005437,A4,health,online,2,1,3.1,1177.59,27.2,0
CL005438,A29,motor,broker,2,0,5.6,5134.41,21.0,0
CL005439,A13,motor,broker,1,0,7.9,1341.27,14.5,0
CL005440,A7,health,phone,4,0,7.5,481.49,29.2,0
CL005441,A4,property,phone,3,0,10.1,606.5,22.0,0
CL005442,A15,property,phone,5,0,5.1,16528.08,28.3,0
CL005443,A13,health,phone,5,3,3.5,895.76,62.5,1
CL005444,A14,health,online,2,1,11.2,2069.27,16.1,0
CL005445,A2,motor,broker,1,2,4.4,1148.06,37.4,1
CL005446,A25,property,phone,1,1,9.9,442.72,13.8,0
CL005447,A24,property,online,4,0,20.8,1279.34,33.4,0
CL005448,A29,motor,online,5,2,5.7,1335.25,29.6,0
CL005449,A24,health,online,4,2,2.0,1519.94,33.6,0
CL005450,A13,motor,online,3,0,12.3,6744.58,25.7,0
CL005451,A29,property,phone,3,0,12.1,16766.87,43.3,1
CL005452,A22,motor,phone,4,0,0.8,1920.95,32.8,0
CL005453,A25,health,phone,2,1,1.9,1791.52,24.6,0
CL005454,A5,motor,phone,1,1,20.0,14948.91,17.7,0
CL005455,A7,health,broker,3,0,15.0,1163.51,31.7,0
CL005456,A24,health,phone,4,2,12.8,2004.28,52.5,1
CL005457,A26,motor,broker,3,1,6.7,1180.72,24.2,0
CL005458,A12,motor,online,3,2,10.3,8893.89,24.9,0
CL005459,A10,property,phone,5,2,20.8,4035.45,33.2,0
CL005460,A3,motor,online,3,0,7.1,2377.33,19.5,0
CL005461,A1,motor,broker,4,3,1.8,2271.4,24.5,0
CL005462,A22,property,online,3,0,5.6,4234.5,25.1,0
CL005463,A25,motor,online,4,0,8.1,2454.39,37.8,0
CL005464,A15,property,online,4,2,30.9,6861.23,36.6,0
CL005465,A11,health,online,5,1,4.2,1207.45,30.3,0
CL005466,A27,motor,online,4,0,6.5,970.02,29.3,0
CL005467,A18,motor,broker,5,0,7.1,493.83,54.6,1
CL005468,A12,property,broker,3,1,6.7,600.71,21.6,0
CL005469,A11,travel,online,1,0,5.6,1573.11,13.8,0
CL005470,A4,motor,phone,3,0,18.6,2106.82,28.7,0
CL005471,A26,property,online,3,0,9.5,4435.29,30.5,0
CL005472,A21,property,broker,3,1,6.6,2883.62,21.7,0
CL005473,A2,property,phone,3,0,8.8,12361.48,22.1,0
CL005474,A29,health,online,5,1,12.1,3934.49,37.1,0
CL005475,A10,motor,online,1,2,0.6,798.07,11.9,0
CL005476,A8,motor,online,3,1,11.0,1231.71,31.5,0
CL005477,A15,travel,phone,2,1,1.4,5413.72,14.7,0
CL005478,A24,property,broker,4,1,14.3,1863.92,25.5,0
CL005479,A20,health,broker,1,1,12.0,10428.61,18.7,0
CL005480,A17,property,online,1,0,0.1,568.18,11.7,0
CL005481,A0,motor,broker,1,0,3.6,12388.41,12.6,0
CL005482,A27,motor,phone,3,1,4.1,1351.89,22.1,0
CL005483,A7,property,phone,2,1,2.8,847.03,16.6,0
CL005484,A11,property,phone,4,2,11.3,2473.52,33.0,0
CL005485,A21,property,phone,5,1,19.5,5763.25,37.8,0
CL005486,A5,health,online,1,0,1.6,580.09,14.3,0
CL005487,A20,motor,phone,4,0,4.8,332.97,25.5,0
CL005488,A25,property,phone,5,1,4.2,5995.45,30.9,0
CL005489,A28,motor,online,1,0,4.4,1773.14,14.8,0
CL005490,A15,health,online,4,1,19.0,508.09,28.6,0
CL005491,A20,motor,phone,3,1,10.1,5669.82,23.4,0
CL005492,A2,motor,online,4,2,12.1,186.62,27.8,0
CL005493,A19,motor,online,1,1,10.3,947.11,22.2,0
CL005494,A4,health,online,4,1,1.5,971.34,28.9,0
CL005495,A25,property,phone,1,2,12.6,1033.41,15.5,0
CL005496,A28,property,phone,2,1,7.5,5207.95,39.3,1
CL005497,A9,motor,online,4,0,5.8,9272.45,30.0,0
CL005498,A22,travel,broker,5,0,1.8,1699.06,51.5,1
CL005499,A3,property,online,2,2,1.6,1849.83,15.9,0
CL005500,A11,health,phone,4,0,2.7,2986.83,25.1,0
CL005501,A5,property,online,2,2,0.8,93921.75,20.4,0
CL005502,A7,travel,broker,5,0,10.7,10664.16,32.7,0
CL005503,A23,motor,phone,5,0,5.0,1024.72,56.0,1
CL005504,A18,health,phone,2,1,6.6,3532.48,42.3,1
CL005505,A17,motor,broker,1,0,2.1,399.96,25.2,0
CL005506,A23,health,online,3,1,13.9,18337.0,44.2,1
CL005507,A26,motor,phone,4,1,10.5,21845.07,50.0,1
CL005508,A24,motor,online,4,0,5.2,381.03,44.6,1
CL005509,A11,health,online,4,0,14.9,5118.69,36.3,0
CL005510,A4,motor,online,3,1,7.4,3447.77,31.1,0
CL005511,A8,health,online,5,0,6.9,1007.18,28.7,0
CL005512,A29,motor,phone,2,1,20.9,698.57,22.7,0
CL005513,A10,travel,phone,3,0,7.1,1638.77,35.5,0
CL005514,A28,travel,phone,5,1,0.2,4657.48,33.7,0
CL005515,A13,motor,phone,2,2,7.3,5524.35,23.5,0
CL005516,A29,motor,phone,4,0,13.2,4607.44,27.4,0
CL005517,A14,health,online,1,2,2.1,1352.98,12.4,0
CL005518,A11,property,online,5,2,2.6,2700.01,28.5,0
CL005519,A2,health,online,5,1,6.8,218.82,28.8,0
CL005520,A0,health,online,4,1,2.7,1443.48,44.2,1
CL005521,A2,travel,online,2,1,15.2,1380.16,18.1,0
CL005522,A25,property,broker,3,1,12.9,5069.45,41.9,1
CL005523,A10,motor,phone,3,0,9.7,419.46,22.7,0
CL005524,A3,motor,online,1,0,2.4,1001.9,15.8,0
CL005525,A20,motor,online,2,2,3.4,1224.89,15.3,0
CL005526,A27,health,phone,2,3,10.2,1652.31,29.6,0
CL005527,A14,motor,online,1,0,1.8,833.08,33.7,1
CL005528,A12,property,online,2,0,11.0,6341.67,18.9,0
CL005529,A21,health,online,2,1,21.1,13729.46,22.1,0
CL005530,A8,property,broker,1,0,1.9,1370.87,16.6,0
CL005531,A20,property,broker,4,0,16.1,2188.61,37.9,0
CL005532,A16,health,phone,2,0,3.7,9534.45,14.8,0
CL005533,A23,health,broker,3,2,5.6,713.46,22.7,0
CL005534,A18,health,broker,3,3,3.2,2812.54,19.9,0
CL005535,A21,motor,online,1,3,6.4,1513.31,24.1,0
CL005536,A14,travel,online,1,1,9.8,3462.93,17.8,0
CL005537,A12,motor,broker,4,1,23.1,899.16,48.1,1
CL005538,A16,property,phone,5,0,12.9,18057.26,40.1,0
CL005539,A3,motor,online,3,0,8.0,338.26,27.1,0
CL005540,A16,health,phone,1,1,7.6,1466.28,22.7,0
CL005541,A18,property,online,2,0,3.0,7318.52,18.7,0
CL005542,A7,motor,phone,1,2,4.3,1417.48,19.9,0
CL005543,A4,health,online,5,0,7.6,2973.14,48.5,0
CL005544,A17,motor,phone,5,1,10.7,1911.38,54.7,1
CL005545,A29,travel,phone,1,0,29.9,966.64,19.5,0
CL005546,A25,property,broker,3,1,21.3,6205.04,50.9,1
CL005547,A1,motor,online,5,0,7.1,12636.07,32.0,0
CL005548,A10,motor,broker,5,1,6.3,1292.88,34.8,0
CL005549,A17,health,phone,3,0,0.9,23272.33,24.7,0
CL005550,A1,motor,phone,3,2,8.3,2234.42,25.6,0
CL005551,A13,property,online,1,0,9.9,5614.61,12.1,0
CL005552,A5,property,online,3,1,7.5,310.87,30.4,0
CL005553,A27,property,phone,1,0,4.7,1516.38,12.9,0
CL005554,A26,motor,online,4,1,4.8,653.24,42.4,1
CL005555,A10,health,phone,1,1,11.4,379.29,12.4,0
CL005556,A4,property,online,5,1,6.7,34077.53,35.2,0
CL005557,A6,motor,phone,2,1,14.7,241.25,18.9,0
CL005558,A20,health,phone,2,0,1.8,2201.19,17.3,0
CL005559,A28,property,broker,2,3,2.2,921.69,35.6,1
CL005560,A4,health,online,3,0,7.4,1410.27,26.3,0
CL005561,A27,property,online,3,0,7.1,3158.07,34.2,0
CL005562,A26,travel,phone,2,0,6.5,1046.92,19.2,0
CL005563,A21,health,broker,5,3,1.6,2841.86,29.8,0
CL005564,A25,motor,online,3,1,10.5,1640.56,40.2,1
CL005565,A23,motor,online,1,0,1.5,2318.75,12.7,0
CL005566,A29,motor,online,1,3,6.2,600.25,17.3,0
CL005567,A28,motor,phone,2,0,7.4,1031.2,17.6,0
CL005568,A17,motor,phone,2,0,0.8,4073.87,14.1,0
CL005569,A4,property,phone,4,1,13.3,1188.11,26.9,0
CL005570,A4,motor,broker,1,0,5.3,1417.22,13.9,0
CL005571,A28,motor,online,5,2,18.3,1607.21,56.6,1
CL005572,A2,motor,online,4,0,1.5,10316.37,28.5,0
CL005573,A24,travel,phone,1,1,3.9,2089.41,11.5,0
CL005574,A18,health,online,3,2,7.8,333.93,44.7,1
CL005575,A1,property,online,3,3,10.4,3255.39,27.6,0
CL005576,A20,health,online,2,1,1.9,1850.02,23.6,0
CL005577,A6,property,online,3,0,5.0,818.16,20.9,0
CL005578,A15,motor,phone,3,1,16.8,5058.68,51.1,0
CL005579,A9,property,phone,5,0,34.1,1276.18,42.6,0
CL005580,A6,motor,phone,4,1,5.8,401.75,32.0,0
CL005581,A6,motor,broker,4,1,4.5,189.69,24.0,0
CL005582,A22,health,phone,2,0,8.2,1433.17,42.0,1
CL005583,A26,travel,online,5,1,2.8,956.08,27.7,0
CL005584,A28,motor,online,1,0,2.5,2176.25,11.6,0
CL005585,A4,travel,broker,5,0,4.7,2975.21,51.7,1
CL005586,A18,motor,online,3,0,1.6,2540.92,21.9,0
CL005587,A9,motor,phone,1,0,19.4,1168.91,17.8,0
CL005588,A28,motor,phone,1,0,0.5,6719.44,11.9,0
CL005589,A17,motor,phone,3,1,10.6,1315.37,27.3,0
CL005590,A20,property,phone,1,1,0.7,475.41,9.9,0
CL005591,A17,health,phone,1,0,3.9,612.33,16.0,0
CL005592,A14,motor,broker,5,1,3.1,5314.56,62.3,1
CL005593,A21,health,online,5,2,3.8,2832.78,27.6,0
CL005594,A17,health,online,2,1,2.2,6914.83,14.6,0
CL005595,A27,travel,broker,3,2,16.1,4560.41,28.0,0
CL005596,A21,property,broker,3,0,15.4,985.44,27.5,0
CL005597,A10,property,online,5,0,16.6,1771.41,52.1,1
CL005598,A27,health,online,4,1,4.9,3664.95,25.9,0
CL005599,A2,motor,phone,3,1,3.9,799.52,41.6,1
CL005600,A7,property,online,5,1,2.2,6271.32,30.8,0
CL005601,A5,motor,phone,5,1,1.0,4251.9,26.9,0
CL005602,A7,health,broker,3,1,6.4,2379.4,35.2,0
CL005603,A22,motor,phone,4,1,1.6,1243.91,32.2,0
CL005604,A25,motor,phone,3,1,13.5,5205.73,48.8,1
CL005605,A20,property,phone,1,0,13.6,1812.24,19.9,0
CL005606,A28,motor,online,2,1,31.0,7349.28,23.6,0
CL005607,A17,motor,phone,1,0,8.1,845.33,17.9,0
CL005608,A24,health,phone,5,0,18.3,2922.32,42.0,0
CL005609,A23,motor,online,2,0,3.5,2076.25,14.7,0
CL005610,A25,travel,broker,5,0,2.3,4484.01,54.7,1
CL005611,A3,travel,online,1,2,10.2,813.87,17.4,0
CL005612,A19,motor,online,1,0,13.8,1031.99,16.1,0
CL005613,A9,motor,online,4,0,15.4,15321.19,26.5,0
CL005614,A18,motor,online,1,1,2.3,1610.18,17.5,0
CL005615,A2,travel,broker,3,1,17.0,2024.42,44.3,1
CL005616,A11,motor,phone,4,2,16.1,4769.0,47.4,1
CL005617,A15,property,online,2,0,1.5,2928.43,24.9,0
CL005618,A14,health,phone,2,1,6.2,3153.0,18.9,0
CL005619,A22,health,online,1,0,4.1,1283.11,16.6,0
CL005620,A13,property,phone,4,0,18.4,3978.76,31.5,0
CL005621,A13,health,phone,2,2,9.9,5525.49,19.3,0
CL005622,A29,health,online,3,1,29.4,2379.84,31.2,0
CL005623,A6,health,online,2,0,1.2,4349.89,20.5,0
CL005624,A24,motor,phone,5,1,8.2,2334.82,33.4,0
CL005625,A9,health,phone,1,0,1.5,1942.46,32.4,1
CL005626,A18,health,phone,1,0,8.0,1922.92,14.9,0
CL005627,A8,health,online,3,0,1.1,958.97,20.6,0
CL005628,A22,property,phone,2,0,4.5,1764.48,42.8,1
CL005629,A16,travel,phone,5,1,8.1,5674.27,48.5,1
CL005630,A6,motor,online,4,0,10.8,2305.76,26.6,0
CL005631,A29,health,phone,2,1,8.0,2324.2,26.6,0
CL005632,A20,motor,phone,4,0,5.2,967.91,28.3,0
CL005633,A21,health,phone,2,1,6.5,6089.1,34.0,0
CL005634,A5,health,online,4,0,7.9,1781.23,28.9,0
CL005635,A24,motor,phone,1,0,4.9,983.96,12.3,0
CL005636,A2,property,phone,2,1,7.3,2651.46,21.9,0
CL005637,A8,property,broker,4,0,3.0,388.83,25.4,0
CL005638,A24,health,online,4,1,1.7,1550.72,29.3,0
CL005639,A5,health,online,3,0,4.9,3646.19,22.6,0
CL005640,A27,motor,broker,1,2,15.4,3961.72,37.5,1
CL005641,A16,property,phone,5,0,7.6,2457.13,36.3,0
CL005642,A3,health,phone,2,0,17.5,1028.52,28.7,0
CL005643,A28,property,online,5,1,13.5,3002.88,54.1,1
CL005644,A0,motor,online,4,1,4.6,2292.94,30.4,0
CL005645,A5,health,online,2,0,6.9,769.99,17.9,0
CL005646,A3,property,broker,2,0,10.8,3251.9,21.1,0
CL005647,A8,health,online,5,0,20.8,2354.89,53.4,1
CL005648,A1,property,online,4,1,2.7,842.49,29.4,0
CL005649,A10,motor,phone,3,1,1.3,16334.92,21.0,0
CL005650,A6,motor,phone,2,0,1.6,281.47,19.8,0
CL005651,A2,property,phone,4,0,10.2,6232.67,25.9,0
CL005652,A23,motor,phone,1,0,2.8,2114.3,23.1,0
CL005653,A15,health,online,4,0,1.4,735.11,29.1,0
CL005654,A5,motor,online,5,0,13.1,1308.99,32.2,0
CL005655,A22,health,phone,4,1,10.9,2550.48,28.0,0
CL005656,A17,motor,broker,3,1,6.4,2923.26,26.6,0
CL005657,A11,motor,phone,2,0,2.5,59179.75,15.4,0
CL005658,A2,property,phone,4,1,3.2,995.28,23.5,0
CL005659,A9,motor,online,2,1,17.7,7656.05,25.4,0
CL005660,A8,property,online,4,1,4.6,2046.78,31.5,0
CL005661,A4,property,phone,5,0,14.3,2756.65,32.8,0
CL005662,A10,property,online,3,0,1.6,2727.82,22.0,0
CL005663,A19,motor,phone,3,1,28.2,1271.67,32.2,0
CL005664,A27,health,online,5,3,12.3,4992.53,30.2,0
CL005665,A12,motor,online,2,0,3.0,1828.16,17.9,0
CL005666,A14,motor,online,2,2,11.2,1146.8,31.6,0
CL005667,A1,motor,online,3,0,1.5,3114.15,21.3,0
CL005668,A12,motor,online,5,1,24.0,8219.85,37.5,0
CL005669,A1,motor,phone,1,0,1.9,2192.61,15.7,0
CL005670,A26,health,phone,3,3,4.6,3308.1,26.4,0
CL005671,A7,property,online,2,0,1.3,814.6,20.8,0
CL005672,A16,motor,online,1,2,1.0,1061.5,12.8,0
CL005673,A2,health,online,5,0,2.1,1379.34,28.5,0
CL005674,A13,travel,online,4,0,5.6,3379.97,32.1,0
CL005675,A14,health,broker,2,1,7.5,7868.53,18.3,0
CL005676,A23,health,phone,2,1,27.2,5080.24,23.6,0
CL005677,A10,motor,phone,5,1,2.1,3002.24,26.4,0
CL005678,A28,property,online,5,1,2.0,4090.26,50.8,1
CL005679,A18,health,online,5,0,6.4,3687.18,56.7,1
CL005680,A9,health,online,2,0,15.4,2963.33,22.0,0
CL005681,A24,health,online,4,0,5.3,1739.96,30.6,0
CL005682,A14,health,broker,1,1,6.4,6712.78,21.3,0
CL005683,A17,health,online,2,0,12.2,815.92,23.2,0
CL005684,A13,motor,online,4,1,6.0,5307.67,30.3,0
CL005685,A6,motor,phone,2,0,6.3,1375.16,16.1,0
CL005686,A28,travel,broker,3,0,19.9,1404.69,24.3,0
CL005687,A17,travel,phone,4,0,4.8,3088.95,23.6,0
CL005688,A22,health,phone,1,1,12.9,1624.19,30.8,0
CL005689,A27,property,broker,3,0,18.0,579.81,25.4,0
CL005690,A16,property,broker,3,3,1.3,2615.92,18.7,0
CL005691,A28,motor,phone,4,2,21.6,1480.2,29.6,0
CL005692,A22,health,online,4,2,9.5,2796.38,30.8,0
CL005693,A25,property,broker,2,1,13.2,326.29,43.8,1
CL005694,A18,health,phone,2,0,8.1,13636.37,18.7,0
CL005695,A16,property,phone,3,0,15.6,2706.43,32.9,0
CL005696,A24,health,broker,3,1,14.2,4907.25,48.5,1
CL005697,A4,travel,online,2,0,9.6,1231.46,17.7,0
CL005698,A8,health,online,4,0,7.4,1964.47,26.3,0
CL005699,A14,motor,phone,1,0,9.8,913.9,14.7,0
CL005700,A25,property,online,2,1,0.3,2166.21,14.5,0
CL005701,A21,motor,online,1,0,22.1,2570.19,23.3,0
CL005702,A27,travel,online,3,0,12.2,1080.47,29.4,0
CL005703,A21,health,broker,2,1,6.1,11213.26,31.2,0
CL005704,A2,property,online,2,1,4.4,2179.07,16.0,0
CL005705,A23,health,online,4,0,0.4,1508.51,31.5,0
CL005706,A17,motor,online,3,1,8.3,1772.17,22.7,0
CL005707,A13,property,phone,1,0,5.2,4015.67,21.2,0
CL005708,A18,motor,online,1,1,2.9,532.54,15.5,0
CL005709,A20,health,online,3,0,2.9,9740.02,31.5,0
CL005710,A3,health,broker,3,0,4.7,1403.86,30.8,0
CL005711,A7,health,broker,1,0,6.0,2025.14,28.8,0
CL005712,A23,motor,broker,4,1,5.1,1069.45,34.4,0
CL005713,A16,property,phone,4,1,6.2,4372.37,35.5,0
CL005714,A28,motor,online,3,0,5.4,369.43,21.1,0
CL005715,A17,property,online,1,1,6.6,6294.81,14.0,0
CL005716,A10,motor,online,3,1,3.4,7568.04,19.5,0
CL005717,A28,motor,phone,5,0,8.8,3565.43,29.7,0
CL005718,A5,travel,online,2,0,17.7,457.11,25.2,0
CL005719,A15,health,phone,1,1,18.3,904.05,15.3,0
CL005720,A2,health,broker,2,0,7.0,3790.17,23.1,0
CL005721,A2,motor,broker,1,1,0.3,819.83,12.3,0
CL005722,A21,property,broker,3,2,10.6,1066.82,25.9,0
CL005723,A8,motor,online,5,1,28.6,600.53,56.8,0
CL005724,A23,property,phone,3,1,1.4,2146.69,25.0,0
CL005725,A12,motor,broker,1,0,6.7,4271.71,13.4,0
CL005726,A14,motor,phone,2,1,5.9,2440.41,20.2,0
CL005727,A27,health,phone,4,0,8.5,982.7,48.7,1
CL005728,A20,motor,phone,2,1,7.5,5948.1,24.5,0
CL005729,A10,property,phone,5,1,9.6,4254.26,30.3,0
CL005730,A9,health,online,5,2,3.8,2405.42,34.6,0
CL005731,A14,health,online,5,1,5.7,1161.29,30.6,0
CL005732,A24,property,phone,5,0,3.8,652.61,31.9,0
CL005733,A28,health,online,3,1,7.4,5707.17,20.0,0
CL005734,A9,health,broker,5,0,25.4,2414.89,56.5,1
CL005735,A14,motor,broker,5,0,6.9,1053.39,30.0,0
CL005736,A22,motor,phone,1,0,6.7,435.38,17.1,0
CL005737,A3,health,online,4,0,5.4,1592.72,34.6,0
CL005738,A7,motor,phone,1,0,4.6,1097.26,15.4,0
CL005739,A28,motor,broker,3,0,12.3,1633.24,33.7,0
CL005740,A22,health,phone,1,2,4.6,3074.95,11.3,0
CL005741,A6,motor,online,5,0,6.7,3127.35,32.3,0
CL005742,A1,motor,online,5,2,19.5,2812.52,35.4,0
CL005743,A25,health,online,3,0,6.5,3929.84,34.8,0
CL005744,A10,travel,phone,2,4,13.5,545.11,19.2,0
CL005745,A12,travel,online,5,2,2.6,3975.96,30.0,0
CL005746,A29,motor,broker,3,0,12.8,2594.78,28.6,0
CL005747,A1,motor,online,1,0,3.4,733.53,14.0,0
CL005748,A19,motor,online,3,1,7.1,2068.36,33.5,0
CL005749,A10,health,broker,5,1,17.5,6608.83,51.4,1
CL005750,A11,travel,broker,2,3,23.6,772.13,44.3,1
CL005751,A2,property,online,2,1,5.6,897.82,18.4,0
CL005752,A12,health,phone,4,2,13.5,8562.34,34.3,0
CL005753,A22,health,online,4,3,4.7,8743.0,43.8,1
CL005754,A3,health,online,3,2,6.8,3629.56,26.0,0
CL005755,A14,health,phone,3,0,10.4,3048.11,29.1,0
CL005756,A13,property,broker,5,0,14.8,1962.52,52.8,1
CL005757,A8,health,phone,4,2,7.7,1094.25,27.7,0
CL005758,A1,health,phone,3,1,8.5,1956.48,41.5,1
CL005759,A14,health,online,1,0,5.8,843.48,18.9,0
CL005760,A3,property,online,5,1,2.2,12415.32,28.9,0
CL005761,A20,motor,online,1,0,3.8,699.29,15.7,0
CL005762,A6,motor,online,4,0,10.8,1763.46,32.6,0
CL005763,A18,travel,online,2,1,2.8,3519.63,32.7,0
CL005764,A27,property,phone,1,0,16.4,941.72,17.8,0
CL005765,A24,motor,broker,3,1,9.6,938.0,26.2,0
CL005766,A17,motor,online,3,1,9.0,6829.63,21.5,0
CL005767,A8,health,phone,4,2,2.9,4583.39,30.1,0
CL005768,A18,motor,online,5,1,19.4,2048.63,38.2,0
CL005769,A24,motor,broker,3,1,12.8,1438.99,25.7,0
CL005770,A6,motor,phone,3,0,11.2,1279.74,26.2,0
CL005771,A29,motor,broker,5,0,14.1,1825.75,33.8,0
CL005772,A8,property,phone,1,0,2.8,1275.91,19.4,0
CL005773,A18,motor,broker,3,0,0.3,2114.92,38.5,1
CL005774,A20,motor,phone,1,1,1.3,1417.56,20.5,0
CL005775,A25,health,online,2,1,5.7,580.93,22.9,0
CL005776,A18,health,phone,2,0,3.4,3424.2,15.9,0
CL005777,A16,health,online,5,0,1.8,449.59,52.4,1
CL005778,A27,health,phone,5,2,3.3,3059.66,50.5,1
CL005779,A3,health,broker,4,1,0.6,2355.47,24.2,0
CL005780,A16,health,broker,4,0,2.1,876.42,25.7,0
CL005781,A6,property,broker,1,1,2.0,7267.71,14.8,0
CL005782,A25,property,phone,1,4,2.1,261.75,11.0,0
CL005783,A28,motor,phone,5,0,10.3,1401.66,58.3,1
CL005784,A23,motor,online,3,2,12.5,1708.39,24.1,0
CL005785,A3,property,online,5,0,8.3,15294.7,31.8,0
CL005786,A0,health,online,1,1,5.8,1101.3,14.3,0
CL005787,A7,motor,phone,5,2,4.0,7261.82,56.7,1
CL005788,A11,property,phone,2,0,19.3,2480.75,26.5,0
CL005789,A15,property,phone,4,2,4.6,3767.42,24.6,0
CL005790,A11,motor,online,2,1,17.1,1224.92,22.8,0
CL005791,A23,travel,online,5,1,12.7,1836.07,29.2,0
CL005792,A5,travel,online,2,0,11.9,1844.57,20.2,0
CL005793,A22,health,phone,3,1,5.5,10930.66,19.4,0
CL005794,A7,health,phone,2,1,3.6,1450.43,19.9,0
CL005795,A4,property,broker,2,0,1.6,585.58,37.1,1
CL005796,A7,motor,phone,4,1,1.9,2227.17,30.8,0
CL005797,A16,health,online,3,0,11.7,2923.57,24.3,0
CL005798,A6,health,phone,2,1,2.3,1669.32,38.1,1
CL005799,A0,travel,online,3,0,4.0,4002.5,21.4,0
CL005800,A16,property,online,4,1,18.3,480.64,32.1,0
CL005801,A13,property,phone,2,2,23.9,1214.65,27.1,0
CL005802,A26,property,broker,3,1,2.3,12023.09,18.2,0
CL005803,A29,health,online,2,0,15.6,3496.3,26.0,0
CL005804,A11,motor,phone,5,0,2.1,1896.49,40.5,0
CL005805,A10,health,online,2,1,8.9,689.77,20.8,0
CL005806,A5,motor,phone,4,1,4.9,4598.91,47.2,1
CL005807,A7,health,online,4,1,1.2,5491.1,28.3,0
CL005808,A18,motor,broker,2,1,0.9,913.9,23.8,0
CL005809,A15,health,broker,2,1,6.4,524.59,34.4,0
CL005810,A22,health,online,1,2,41.3,4701.41,25.1,0
CL005811,A18,motor,broker,3,0,2.6,8926.41,26.7,0
CL005812,A15,health,broker,2,1,3.6,2819.83,28.6,0
CL005813,A22,motor,online,5,0,12.8,3467.17,57.4,1
CL005814,A12,health,online,2,0,22.2,3499.71,19.4,0
CL005815,A12,health,online,4,1,24.4,1753.49,56.2,1
CL005816,A29,property,phone,4,1,17.0,4069.28,30.9,0
CL005817,A13,property,online,5,0,1.8,1446.39,36.5,0
CL005818,A5,property,phone,1,1,1.8,1988.92,13.8,0
CL005819,A9,property,phone,1,0,28.3,3218.23,24.4,0
CL005820,A2,travel,online,5,0,6.3,591.86,27.5,0
CL005821,A29,health,phone,2,1,24.2,4882.68,33.0,0
CL005822,A15,motor,online,5,0,29.3,6177.56,44.2,0
CL005823,A4,property,online,3,0,18.5,1648.04,32.3,0
CL005824,A18,motor,phone,4,0,6.8,2592.53,23.4,0
CL005825,A2,health,broker,4,0,1.8,979.75,25.6,0
CL005826,A27,motor,phone,5,0,27.0,9335.11,39.9,0
CL005827,A17,property,online,3,0,20.6,880.79,45.3,0
CL005828,A10,property,phone,3,1,29.1,543.67,38.1,0
CL005829,A17,property,online,1,0,8.3,7216.97,12.7,0
CL005830,A7,motor,phone,1,1,1.0,5119.36,14.8,0
CL005831,A4,motor,online,2,1,7.2,173.91,20.6,0
CL005832,A18,property,broker,2,0,2.1,2466.21,18.3,0
CL005833,A6,property,online,5,2,1.0,1481.24,28.5,0
CL005834,A17,property,broker,1,1,12.1,1765.83,42.6,1
CL005835,A5,health,online,3,0,7.8,3652.0,52.1,1
CL005836,A23,motor,online,1,0,20.3,1833.16,16.4,0
CL005837,A2,health,online,2,1,15.5,754.5,21.1,0
CL005838,A27,property,online,1,1,4.6,1358.19,12.0,0
CL005839,A24,property,broker,1,0,1.8,4157.02,17.4,0
CL005840,A15,health,phone,5,0,10.4,1980.98,29.1,0
CL005841,A1,health,phone,2,0,4.2,638.53,21.6,0
CL005842,A0,health,phone,3,0,5.8,3598.47,22.7,0
CL005843,A14,travel,online,4,1,19.4,1223.63,31.2,0
CL005844,A16,motor,phone,5,0,10.9,1086.08,37.9,0
CL005845,A7,property,phone,5,1,1.9,979.87,35.3,0
CL005846,A11,health,phone,5,2,8.1,4293.94,35.8,0
CL005847,A4,health,phone,2,1,5.0,948.85,15.3,0
CL005848,A7,motor,online,1,1,9.9,928.44,20.6,0
CL005849,A18,motor,broker,1,0,15.2,1029.0,18.0,0
CL005850,A24,property,online,3,3,2.4,2326.57,26.5,0
CL005851,A5,health,phone,2,1,11.7,2286.45,16.3,0
CL005852,A26,health,phone,1,0,0.7,957.86,11.3,0
CL005853,A20,property,phone,1,0,2.0,625.12,11.8,0
CL005854,A15,motor,phone,1,1,9.2,228.24,17.1,0
CL005855,A10,health,online,4,0,4.7,1023.35,52.0,1
CL005856,A11,travel,phone,3,3,17.9,902.85,55.2,1
CL005857,A28,health,online,3,0,8.8,4487.24,22.3,0
CL005858,A9,motor,phone,2,0,1.6,7229.43,16.7,0
CL005859,A8,motor,online,5,1,16.2,10214.91,55.8,1
CL005860,A2,travel,online,3,0,7.3,507.57,24.9,0
CL005861,A7,motor,phone,4,1,8.9,1170.53,46.1,1
CL005862,A4,motor,broker,1,0,12.6,817.04,18.8,0
CL005863,A11,motor,broker,3,1,21.0,1512.74,63.6,1
CL005864,A23,health,online,5,0,1.8,1260.99,27.6,0
CL005865,A17,property,broker,3,1,16.7,4776.18,30.2,0
CL005866,A3,travel,phone,4,0,2.9,3167.68,24.2,0
CL005867,A11,motor,online,1,0,30.4,2542.83,53.0,1
CL005868,A10,motor,online,5,0,4.3,376.83,27.0,0
CL005869,A15,motor,online,3,0,2.8,4868.84,21.5,0
CL005870,A16,property,online,3,2,2.6,1001.32,19.2,0
CL005871,A12,property,online,5,4,1.3,33700.16,31.2,0
CL005872,A2,motor,online,5,0,25.1,7886.83,34.6,0
CL005873,A22,motor,phone,4,2,9.9,888.87,29.7,0
CL005874,A27,health,broker,4,0,13.1,1250.05,27.3,0
CL005875,A6,property,broker,1,0,11.9,4373.02,13.2,0
CL005876,A9,travel,phone,3,2,6.7,1258.2,27.5,0
CL005877,A19,health,phone,2,0,10.1,2607.82,19.0,0
CL005878,A14,property,phone,2,0,19.2,3509.63,18.8,0
CL005879,A12,property,online,3,0,12.5,3947.13,22.2,0
CL005880,A12,motor,phone,1,0,6.9,1304.35,13.9,0
CL005881,A12,health,phone,4,0,2.6,1946.33,22.2,0
CL005882,A15,property,online,2,0,1.5,629.56,16.6,0
CL005883,A13,travel,online,1,1,26.5,9322.59,16.7,0
CL005884,A0,property,online,1,1,5.4,2328.57,11.3,0
CL005885,A8,motor,online,2,1,8.7,4954.4,31.7,0
CL005886,A22,health,online,5,1,3.6,2368.14,27.6,0
CL005887,A16,property,phone,1,0,25.8,2439.73,17.7,0
CL005888,A22,property,online,1,1,1.4,3299.13,24.3,0
CL005889,A14,motor,online,5,1,7.2,1006.63,33.2,0
CL005890,A8,motor,broker,2,0,2.8,2368.16,17.3,0
CL005891,A18,property,online,1,0,13.4,294.96,39.0,1
CL005892,A2,property,online,1,0,13.6,635.07,28.7,0
CL005893,A0,motor,online,3,1,1.9,1581.76,19.6,0
CL005894,A25,motor,phone,1,1,20.3,8568.49,37.3,1
CL005895,A6,motor,online,4,0,1.3,5293.81,24.0,0
CL005896,A7,health,online,1,0,15.7,493.17,38.7,1
CL005897,A13,motor,phone,4,2,9.3,1664.39,26.6,0
CL005898,A10,health,broker,1,0,15.7,7495.77,21.2,0
CL005899,A8,motor,online,5,0,6.3,6899.66,31.3,0
CL005900,A2,property,online,4,2,2.3,4275.12,23.1,0
CL005901,A4,motor,online,2,2,2.5,2125.01,17.6,0
CL005902,A22,health,online,5,0,16.0,1488.48,31.0,0
CL005903,A19,property,phone,1,1,19.3,838.77,18.4,0
CL005904,A15,property,phone,2,0,16.4,2046.89,44.2,1
CL005905,A14,motor,broker,3,2,8.1,1501.68,30.2,0
CL005906,A28,motor,phone,1,3,32.9,2036.43,30.1,0
CL005907,A11,motor,phone,2,1,1.1,237.75,23.6,0
CL005908,A13,travel,phone,1,3,5.0,834.76,16.0,0
CL005909,A2,health,phone,1,0,12.5,3568.88,16.1,0
CL005910,A29,health,online,4,3,1.6,1330.94,45.1,1
CL005911,A18,motor,online,4,0,7.5,553.29,39.0,0
CL005912,A9,property,phone,3,1,11.3,653.87,30.7,0
CL005913,A26,health,phone,5,1,6.8,2896.89,28.6,0
CL005914,A27,motor,phone,3,5,9.3,4969.09,50.4,1
CL005915,A0,motor,online,5,2,5.3,3681.36,51.8,1
CL005916,A6,motor,online,2,1,4.3,1655.44,41.8,1
CL005917,A8,health,online,1,0,4.8,1024.72,13.1,0
CL005918,A6,property,broker,3,3,2.5,5775.94,46.4,1
CL005919,A25,property,phone,4,0,4.4,2038.93,37.4,0
CL005920,A24,travel,phone,3,1,5.4,5563.42,26.1,0
CL005921,A23,health,online,3,0,7.4,1248.97,44.0,1
CL005922,A13,motor,phone,2,2,14.3,386.97,19.2,0
CL005923,A25,travel,phone,3,0,13.0,3535.87,25.3,0
CL005924,A26,motor,phone,5,0,6.4,6892.67,55.9,1
CL005925,A21,property,online,3,1,2.7,5174.41,21.4,0
CL005926,A9,property,online,2,0,3.5,3388.05,16.3,0
CL005927,A5,health,online,4,2,6.1,1846.39,23.1,0
CL005928,A7,travel,online,1,1,2.6,1840.57,17.4,0
CL005929,A11,travel,phone,1,1,1.6,4466.8,13.7,0
CL005930,A17,motor,phone,2,0,10.2,1516.62,24.0,0
CL005931,A10,health,online,5,1,17.0,1838.51,35.3,0
CL005932,A29,health,broker,5,2,3.4,977.82,28.0,0
CL005933,A21,health,online,4,0,15.2,4537.13,35.3,0
CL005934,A0,property,online,2,0,0.2,8598.45,14.0,0
CL005935,A16,motor,online,3,2,1.4,951.97,19.4,0
CL005936,A9,motor,online,1,0,23.8,2245.54,37.3,1
CL005937,A5,motor,phone,5,1,2.5,4317.13,34.5,0
CL005938,A8,motor,phone,3,2,2.6,2233.74,30.0,0
CL005939,A20,health,phone,2,1,9.8,759.1,20.5,0
CL005940,A13,property,broker,3,0,11.3,1736.77,24.6,0
CL005941,A3,health,phone,2,1,4.6,1066.35,17.3,0
CL005942,A25,motor,broker,2,0,1.7,1675.9,28.9,0
CL005943,A24,travel,phone,4,1,11.5,2861.31,28.7,0
CL005944,A19,motor,phone,2,1,33.1,1310.62,21.7,0
CL005945,A0,property,broker,5,1,7.5,5699.92,53.8,1
CL005946,A17,health,online,4,0,7.1,916.05,53.1,1
CL005947,A14,health,online,5,1,20.2,3028.44,33.8,0
CL005948,A12,travel,online,1,1,13.7,2095.41,24.2,0
CL005949,A26,property,online,4,0,14.6,4599.23,27.8,0
CL005950,A4,motor,online,1,0,12.1,1148.71,13.3,0
CL005951,A3,motor,online,1,1,9.3,1940.12,28.8,0
CL005952,A22,health,phone,5,0,12.2,91.94,39.8,0
CL005953,A14,health,online,2,2,4.2,2169.01,21.1,0
CL005954,A17,property,broker,3,0,6.3,9780.24,24.6,0
CL005955,A6,motor,broker,1,1,6.4,2821.48,15.6,0
CL005956,A14,motor,broker,3,1,15.2,22041.43,35.1,0
CL005957,A7,health,online,5,0,0.8,4267.16,42.6,0
CL005958,A13,health,online,5,0,0.7,5569.84,47.6,1
CL005959,A10,motor,broker,5,0,22.4,2252.3,32.5,0
CL005960,A22,motor,online,2,0,0.2,664.79,21.6,0
CL005961,A26,motor,phone,3,1,28.3,2069.46,45.4,1
CL005962,A15,motor,phone,4,1,3.9,1704.44,25.4,0
CL005963,A6,health,online,2,2,13.7,1188.97,17.9,0
CL005964,A24,property,online,4,1,3.7,1832.01,44.8,1
CL005965,A14,motor,online,4,0,4.6,2787.12,26.9,0
CL005966,A28,travel,broker,3,0,6.8,4028.81,32.1,0
CL005967,A8,motor,online,2,3,0.6,1353.11,36.1,1
CL005968,A25,health,online,5,0,14.5,2838.39,30.0,0
CL005969,A5,motor,broker,4,0,6.4,231.11,24.6,0
CL005970,A16,motor,broker,4,1,10.4,281.76,27.7,0
CL005971,A2,health,phone,1,2,7.9,1522.53,35.1,1
CL005972,A1,motor,phone,5,1,6.8,4546.92,27.9,0
CL005973,A24,motor,online,4,0,2.7,1472.73,45.0,1
CL005974,A17,health,online,1,2,5.9,341.81,18.9,0
CL005975,A0,property,phone,5,1,3.8,1025.33,32.5,0
CL005976,A18,health,online,5,2,6.5,508.66,28.0,0
CL005977,A21,health,phone,2,1,7.0,10830.96,40.8,1
CL005978,A28,property,online,4,1,15.5,2825.34,31.0,0
CL005979,A1,motor,online,4,4,7.4,6842.02,27.2,0
CL005980,A1,health,phone,5,0,24.7,7388.24,41.4,0
CL005981,A7,motor,online,5,1,16.1,5500.77,35.1,0
CL005982,A9,travel,online,4,1,3.9,3077.29,45.0,1
CL005983,A25,motor,broker,3,0,7.6,423.8,21.5,0
CL005984,A26,property,phone,2,1,16.8,869.35,20.2,0
CL005985,A10,health,online,2,0,7.5,392.55,16.5,0
CL005986,A28,motor,phone,3,0,7.8,3677.41,21.5,0
CL005987,A22,travel,online,3,0,15.8,2497.97,24.1,0
CL005988,A14,motor,online,5,1,5.8,5002.99,51.2,1
CL005989,A23,health,phone,1,2,20.1,15711.7,17.1,0
CL005990,A19,motor,phone,4,0,6.0,773.83,24.5,0
CL005991,A7,travel,online,3,3,1.2,4430.1,21.0,0
CL005992,A20,motor,online,1,1,3.6,545.88,26.2,0
CL005993,A1,health,online,3,0,2.4,962.36,28.4,0
CL005994,A29,health,online,5,0,2.5,1875.36,28.6,0
CL005995,A18,property,phone,1,0,4.4,1856.9,15.0,0
CL005996,A15,health,broker,1,0,8.8,520.58,16.7,0
CL005997,A24,motor,phone,2,0,6.3,688.37,16.6,0
CL005998,A5,health,online,3,0,5.7,1249.76,23.4,0
CL005999,A16,travel,phone,4,1,2.6,2474.38,26.6,0
CL006000,A11,travel,broker,5,0,9.3,5775.17,54.6,1
CL006001,A29,motor,online,5,0,5.3,1366.79,33.8,0
CL006002,A29,property,online,3,1,7.3,736.85,21.6,0
CL006003,A2,motor,phone,4,2,5.1,1386.99,36.4,0
CL006004,A12,health,broker,5,3,22.1,1630.04,41.6,0
CL006005,A26,property,phone,1,0,6.7,4735.0,33.9,1
CL006006,A5,travel,online,2,2,15.0,1780.12,24.0,0
CL006007,A11,health,broker,4,0,12.8,3641.49,29.8,0
CL006008,A4,travel,online,1,1,20.2,293.81,15.5,0
CL006009,A8,property,phone,5,2,16.7,3183.59,63.7,1
CL006010,A29,property,phone,3,0,11.8,559.52,22.4,0
CL006011,A9,motor,phone,2,1,35.9,996.98,46.2,1
CL006012,A20,travel,phone,1,1,1.1,30344.0,19.0,0
CL006013,A12,motor,online,5,1,0.3,3072.32,52.8,1
CL006014,A5,health,online,3,0,0.6,2797.56,24.5,0
CL006015,A23,motor,phone,2,0,9.6,281.13,29.8,0
CL006016,A3,health,broker,1,1,1.2,1720.18,13.2,0
CL006017,A18,motor,online,5,2,14.9,1956.36,31.6,0
CL006018,A28,property,phone,3,1,35.9,3372.05,27.1,0
CL006019,A29,motor,phone,3,0,8.0,6503.85,20.6,0
CL006020,A28,property,online,3,3,2.3,2724.86,26.1,0
CL006021,A7,property,online,5,1,10.4,2638.04,49.2,1
CL006022,A2,motor,online,2,2,0.7,2810.69,21.2,0
CL006023,A9,motor,broker,4,2,13.4,1336.17,26.8,0
CL006024,A18,health,broker,5,0,15.1,1851.01,41.6,0
CL006025,A12,motor,phone,5,0,2.0,5162.14,28.2,0
CL006026,A24,health,phone,5,1,14.8,2088.76,29.9,0
CL006027,A23,motor,broker,4,0,15.8,1957.65,28.6,0
CL006028,A25,property,phone,4,0,5.5,2031.74,48.1,1
CL006029,A18,motor,broker,4,2,0.7,8808.06,33.0,0
CL006030,A28,property,phone,4,1,6.2,3007.42,23.7,0
CL006031,A13,property,online,5,0,2.2,2294.36,27.8,0
CL006032,A7,health,online,2,0,12.0,9417.11,31.4,0
CL006033,A23,travel,broker,1,0,2.0,528.62,15.5,0
CL006034,A25,travel,phone,2,0,3.6,2024.08,16.4,0
CL006035,A1,motor,broker,4,1,7.7,6770.26,23.7,0
CL006036,A16,motor,broker,2,0,10.2,351.22,23.1,0
CL006037,A27,health,online,5,0,9.5,4540.39,29.8,0
CL006038,A18,motor,broker,5,0,7.1,6206.08,28.6,0
CL006039,A10,property,phone,1,1,4.9,1026.4,11.3,0
CL006040,A16,health,phone,2,0,11.9,2559.06,18.7,0
CL006041,A6,motor,broker,4,0,0.7,2474.32,22.9,0
CL006042,A25,property,online,2,2,0.8,5149.59,24.4,0
CL006043,A27,motor,broker,3,0,3.9,2500.42,24.4,0
CL006044,A4,property,online,2,1,2.6,2096.63,17.9,0
CL006045,A15,motor,online,5,2,6.5,2020.63,30.5,0
CL006046,A15,property,online,2,1,17.7,2596.16,25.1,0
CL006047,A6,travel,online,5,0,10.0,5514.65,52.1,1
CL006048,A6,health,online,5,0,12.6,2952.74,33.9,0
CL006049,A21,motor,phone,2,2,3.7,877.85,19.2,0
CL006050,A28,property,broker,4,0,3.4,1016.89,27.7,0
CL006051,A23,health,online,5,0,10.0,5418.23,33.2,0
CL006052,A15,motor,broker,3,1,24.3,3008.85,31.8,0
CL006053,A24,motor,online,1,0,5.2,655.77,23.9,0
CL006054,A26,health,phone,4,0,7.8,2078.24,27.4,0
CL006055,A8,motor,broker,1,1,11.7,1405.18,21.7,0
CL006056,A13,property,online,1,2,10.7,1192.31,15.3,0
CL006057,A26,motor,phone,4,0,15.8,642.19,28.3,0
CL006058,A0,motor,phone,4,2,14.5,3081.79,24.9,0
CL006059,A15,motor,phone,1,0,0.9,607.89,13.0,0
CL006060,A14,motor,phone,5,0,5.6,1537.79,26.9,0
CL006061,A26,motor,phone,3,1,16.9,1196.77,24.6,0
CL006062,A23,health,phone,3,0,3.5,883.0,19.6,0
CL006063,A7,motor,online,2,2,7.5,1741.25,22.9,0
CL006064,A12,health,phone,4,0,5.0,754.8,23.5,0
CL006065,A26,property,phone,1,1,25.1,2310.6,17.1,0
CL006066,A3,motor,phone,5,0,14.5,5748.13,48.7,0
CL006067,A19,property,phone,2,2,4.8,5251.97,16.5,0
CL006068,A25,motor,phone,5,0,21.8,3124.11,43.2,0
CL006069,A5,health,online,2,0,0.4,875.07,40.6,1
CL006070,A17,motor,phone,3,0,1.5,1775.16,27.3,0
CL006071,A9,health,online,1,1,6.2,8595.23,12.3,0
CL006072,A22,travel,online,5,0,7.3,4848.93,33.1,0
CL006073,A20,health,phone,3,1,2.8,1780.62,20.1,0
CL006074,A8,motor,online,1,1,9.5,2336.09,14.7,0
CL006075,A17,property,online,3,0,14.6,1110.67,23.7,0
CL006076,A23,health,online,1,1,9.0,1291.18,12.3,0
CL006077,A15,motor,online,3,2,9.7,2741.14,30.4,0
CL006078,A26,motor,online,3,0,5.0,3026.35,38.3,0
CL006079,A8,motor,online,4,0,1.9,3170.44,29.6,0
CL006080,A13,property,online,4,0,5.4,2648.14,23.8,0
CL006081,A7,motor,online,2,3,5.4,1797.91,20.0,0
CL006082,A16,health,phone,5,2,17.4,3354.76,38.1,0
CL006083,A11,health,broker,4,2,13.0,650.51,48.3,1
CL006084,A12,property,broker,3,0,2.3,2689.27,23.7,0
CL006085,A11,motor,online,3,0,9.1,4437.92,23.9,0
CL006086,A16,motor,phone,4,1,9.2,5353.94,32.8,0
CL006087,A15,health,phone,5,2,12.0,6412.54,50.7,1
CL006088,A1,health,broker,2,0,3.0,4465.88,17.6,0
CL006089,A7,motor,phone,5,0,18.2,2348.7,29.7,0
CL006090,A21,health,broker,4,0,12.5,831.07,27.9,0
CL006091,A27,motor,online,5,0,1.1,1713.42,55.7,1
CL006092,A6,health,phone,2,1,3.2,1762.99,16.9,0
CL006093,A9,motor,phone,4,0,3.0,6119.8,33.6,0
CL006094,A20,motor,phone,3,1,7.3,3566.91,27.1,0
CL006095,A14,health,online,5,0,6.5,1828.66,31.0,0
CL006096,A27,motor,phone,4,1,3.2,574.09,27.9,0
CL006097,A19,property,broker,4,0,3.7,10598.66,24.5,0
CL006098,A28,health,online,2,2,7.7,1270.63,20.9,0
CL006099,A15,health,online,3,1,5.5,1836.92,20.5,0
CL006100,A12,property,online,4,1,7.7,1356.96,51.8,1
CL006101,A23,motor,broker,5,1,3.0,4141.91,49.3,1
CL006102,A20,property,phone,5,0,8.0,1745.56,49.4,1
CL006103,A23,motor,broker,3,1,16.0,2515.46,26.5,0
CL006104,A4,property,broker,4,0,11.7,4161.89,50.7,1
CL006105,A28,health,phone,3,1,1.3,2139.61,22.7,0
CL006106,A6,travel,broker,2,0,2.7,874.04,23.0,0
CL006107,A6,motor,phone,1,0,1.5,1774.51,13.9,0
CL006108,A7,health,online,5,0,2.9,4366.12,33.4,0
CL006109,A24,travel,online,2,1,3.6,1122.91,16.1,0
CL006110,A7,motor,broker,5,0,11.5,2600.93,29.0,0
CL006111,A19,health,online,4,0,10.0,1527.8,48.4,1
CL006112,A12,motor,phone,1,0,14.0,1451.31,18.8,0
CL006113,A26,motor,phone,1,0,1.6,479.06,17.6,0
CL006114,A26,motor,online,3,1,14.2,591.63,25.9,0
CL006115,A19,property,broker,4,2,9.2,2964.83,26.2,0
CL006116,A21,property,phone,2,0,5.0,2805.33,14.7,0
CL006117,A14,motor,online,2,0,11.0,473.53,16.9,0
CL006118,A24,motor,phone,1,0,5.9,1755.13,15.5,0
CL006119,A11,health,phone,3,0,2.5,1777.91,24.2,0
CL006120,A16,motor,broker,4,2,5.7,2737.06,31.7,0
CL006121,A2,property,phone,1,2,6.1,1880.25,15.6,0
CL006122,A18,travel,broker,2,0,1.0,5238.4,14.5,0
CL006123,A8,property,phone,4,1,1.4,6749.83,24.2,0
CL006124,A11,motor,online,2,0,2.1,1132.15,15.8,0
CL006125,A11,health,phone,5,1,9.3,1494.22,60.3,1
CL006126,A11,motor,phone,1,2,14.8,1820.48,14.4,0
CL006127,A5,travel,online,1,0,14.0,2188.01,39.6,1
CL006128,A13,travel,broker,2,0,11.2,5131.12,17.4,0
CL006129,A6,motor,broker,5,2,2.5,706.53,30.1,0
CL006130,A25,property,online,3,1,10.3,1461.58,44.5,1
CL006131,A27,health,phone,2,2,4.1,10140.7,19.5,0
CL006132,A4,motor,broker,2,0,14.6,550.68,26.6,0
CL006133,A12,motor,phone,2,1,15.2,1414.2,20.7,0
CL006134,A3,motor,phone,2,2,18.2,1266.14,19.9,0
CL006135,A2,health,online,5,4,6.8,1268.73,36.5,0
CL006136,A18,motor,online,4,1,4.7,2783.21,32.6,0
CL006137,A27,health,phone,1,0,7.5,2660.1,14.7,0
CL006138,A12,motor,phone,1,0,5.4,2977.3,15.4,0
CL006139,A22,travel,phone,1,2,1.1,1783.13,38.4,1
CL006140,A15,motor,online,4,1,8.1,2018.95,26.8,0
CL006141,A28,motor,broker,2,0,6.4,569.21,15.1,0
CL006142,A22,property,phone,2,2,6.4,2372.65,38.2,1
CL006143,A11,property,phone,4,2,4.7,3830.26,29.6,0
CL006144,A15,property,online,5,0,15.3,1980.25,33.1,0
CL006145,A23,motor,online,4,0,17.9,10253.73,27.1,0
CL006146,A28,motor,phone,5,0,4.1,1915.29,52.5,0
CL006147,A9,motor,phone,3,1,9.2,1331.88,23.1,0
CL006148,A4,motor,online,3,0,1.5,4174.29,24.9,0
CL006149,A7,health,phone,3,0,16.9,4423.64,49.7,1
CL006150,A11,health,online,5,2,27.9,7182.35,64.6,1
CL006151,A0,property,phone,3,3,5.7,2979.9,19.1,0
CL006152,A19,health,phone,5,1,4.0,1193.32,28.5,0
CL006153,A1,property,phone,5,0,7.6,8463.76,33.9,0
CL006154,A18,motor,online,2,0,19.3,1765.65,44.5,1
CL006155,A0,property,online,1,1,19.8,5262.82,36.9,1
CL006156,A21,motor,broker,5,0,6.3,3308.57,49.1,1
CL006157,A20,property,online,1,0,16.6,18917.75,18.4,0
CL006158,A10,health,phone,1,3,12.3,335.04,34.0,1
CL006159,A24,health,phone,3,0,9.7,6128.41,26.9,0
CL006160,A28,motor,online,3,0,0.5,4281.72,23.8,0
CL006161,A8,property,broker,5,3,5.9,3617.13,64.3,1
CL006162,A14,health,online,2,1,18.6,461.42,28.6,0
CL006163,A18,health,phone,5,0,10.1,2037.71,56.3,1
CL006164,A8,motor,online,3,1,3.7,2179.57,39.8,1
CL006165,A28,motor,broker,4,3,2.4,15351.43,24.7,0
CL006166,A2,health,online,4,1,2.3,2036.03,27.9,0
CL006167,A29,health,online,2,2,6.0,1978.19,26.4,0
CL006168,A23,travel,online,2,1,26.7,7019.27,22.9,0
CL006169,A7,motor,online,5,2,11.2,3003.1,40.5,0
CL006170,A24,travel,online,1,0,14.7,761.77,18.0,0
CL006171,A29,motor,phone,2,1,6.4,11999.98,20.3,0
CL006172,A2,property,broker,4,0,1.5,6773.8,50.7,1
CL006173,A6,motor,online,2,3,6.3,5626.23,21.8,0
CL006174,A10,motor,broker,4,1,6.7,2391.03,44.3,1
CL006175,A29,travel,online,3,2,6.3,7320.64,22.2,0
CL006176,A3,travel,online,2,0,5.1,2833.99,20.4,0
CL006177,A29,property,online,3,0,9.1,279.49,25.9,0
CL006178,A1,motor,phone,5,0,2.0,2464.28,58.7,1
CL006179,A18,property,phone,4,0,3.7,1109.48,25.6,0
CL006180,A28,motor,online,4,0,17.3,3424.1,27.1,0
CL006181,A18,motor,online,2,2,7.1,3441.36,22.0,0
CL006182,A6,health,online,3,1,0.7,757.56,40.3,1
CL006183,A16,motor,online,4,1,0.1,1711.75,26.7,0
CL006184,A12,property,phone,5,0,12.8,1092.11,37.5,0
CL006185,A17,motor,online,4,0,9.0,4601.91,40.1,0
CL006186,A26,motor,online,4,0,2.8,2064.37,30.9,0
CL006187,A28,motor,online,3,0,1.4,1049.58,22.7,0
CL006188,A26,motor,broker,5,1,5.5,390.83,50.4,1
CL006189,A14,motor,online,3,1,11.0,1586.58,38.2,0
CL006190,A3,property,phone,4,2,7.8,380.63,28.3,0
CL006191,A21,health,phone,3,0,30.8,5061.99,27.3,0
CL006192,A27,motor,broker,1,0,11.1,615.53,13.7,0
CL006193,A1,travel,broker,1,0,11.9,692.92,18.1,0
CL006194,A4,motor,broker,5,1,20.9,795.16,55.0,1
CL006195,A3,motor,broker,3,0,20.1,341.39,26.1,0
CL006196,A28,motor,online,4,1,0.9,4655.98,49.3,1
CL006197,A11,travel,broker,5,2,17.7,2052.86,32.1,0
CL006198,A18,motor,broker,2,0,12.1,3888.18,18.7,0
CL006199,A27,health,phone,2,0,7.9,1886.1,26.3,0
CL006200,A28,motor,online,1,1,1.4,914.9,22.2,0
CL006201,A24,motor,phone,1,1,18.3,2406.92,15.8,0
CL006202,A26,health,online,3,1,1.2,6248.21,30.9,0
CL006203,A19,motor,broker,4,1,27.4,1434.27,33.9,0
CL006204,A18,motor,broker,4,1,4.3,8958.82,26.2,0
CL006205,A8,motor,online,5,3,4.1,483.27,31.5,0
CL006206,A29,motor,phone,4,1,1.0,2729.8,24.0,0
CL006207,A2,property,online,3,0,13.3,1716.38,26.7,0
CL006208,A23,property,online,2,1,3.8,608.13,28.1,0
CL006209,A20,travel,phone,4,0,23.3,17592.09,59.9,1
CL006210,A8,motor,phone,4,0,7.1,2991.11,25.3,0
CL006211,A17,health,phone,4,1,7.9,3799.73,27.7,0
CL006212,A0,motor,phone,1,1,3.0,2318.37,11.7,0
CL006213,A22,motor,online,4,0,15.9,3264.18,31.3,0
CL006214,A14,health,broker,2,1,16.1,5293.07,49.0,1
CL006215,A28,motor,online,1,0,15.9,2608.91,26.2,0
CL006216,A10,health,online,5,0,6.5,4831.77,35.1,0
CL006217,A1,motor,online,1,1,11.6,420.33,12.8,0
CL006218,A17,health,online,1,0,2.9,3122.98,12.2,0
CL006219,A22,health,phone,5,1,14.7,808.42,36.9,0
CL006220,A27,health,online,2,3,0.6,2295.57,22.6,0
CL006221,A19,property,phone,3,0,8.6,1048.09,22.5,0
CL006222,A15,property,phone,2,1,0.4,6607.37,18.8,0
CL006223,A25,property,online,4,0,10.7,11826.63,44.7,1
CL006224,A10,property,phone,1,0,14.4,388.99,15.5,0
CL006225,A4,motor,online,4,1,6.2,3187.08,34.4,0
CL006226,A15,property,online,5,0,12.0,1667.06,38.0,0
CL006227,A4,motor,broker,4,2,12.4,2069.02,53.1,1
CL006228,A22,motor,online,1,0,4.2,189.4,13.7,0
CL006229,A24,property,phone,3,1,6.0,882.87,42.1,1
CL006230,A6,property,online,1,1,4.5,5212.18,16.9,0
CL006231,A25,property,broker,1,0,3.8,1032.23,11.1,0
CL006232,A20,property,phone,3,2,23.5,2154.97,27.9,0
CL006233,A16,motor,phone,3,0,11.1,803.83,25.9,0
CL006234,A11,health,online,1,3,3.2,802.12,11.2,0
CL006235,A2,motor,online,2,1,2.0,2067.07,15.9,0
CL006236,A28,health,online,3,0,50.8,6888.18,32.0,0
CL006237,A2,property,broker,3,0,28.9,1035.64,35.7,0
CL006238,A20,property,phone,4,1,8.4,425.85,35.6,0
CL006239,A15,motor,broker,2,0,18.6,889.69,19.8,0
CL006240,A24,health,online,5,0,12.7,9668.52,35.2,0
CL006241,A5,motor,online,5,0,10.7,2983.55,30.0,0
CL006242,A27,health,online,2,1,11.6,833.49,23.0,0
CL006243,A14,motor,broker,1,0,4.6,1966.44,35.5,1
CL006244,A5,motor,online,2,1,10.2,2885.95,20.9,0
CL006245,A21,health,online,2,0,9.8,2163.03,51.6,1
CL006246,A22,property,phone,5,0,6.8,2767.96,32.2,0
CL006247,A2,property,phone,2,0,12.6,11587.2,23.3,0
CL006248,A27,health,online,5,0,2.8,4802.29,31.8,0
CL006249,A10,property,broker,4,0,7.0,9552.44,24.5,0
CL006250,A3,motor,phone,2,2,0.9,708.23,19.2,0
CL006251,A14,health,online,3,1,20.1,4588.03,26.4,0
CL006252,A17,property,online,3,0,3.0,1409.37,27.5,0
CL006253,A5,motor,phone,4,2,5.8,738.6,24.0,0
CL006254,A12,travel,broker,4,0,6.9,1845.25,56.6,1
CL006255,A24,property,online,4,0,21.1,1023.58,27.4,0
CL006256,A5,motor,online,4,1,11.1,1022.81,25.7,0
CL006257,A26,travel,phone,2,0,21.6,578.65,19.7,0
CL006258,A5,motor,online,3,0,5.7,4354.67,48.8,1
CL006259,A22,motor,broker,1,4,11.9,862.52,19.2,0
CL006260,A2,property,online,5,2,6.3,2033.53,55.1,1
CL006261,A29,motor,phone,3,1,6.5,845.16,19.9,0
CL006262,A16,health,phone,1,3,7.8,1370.05,20.3,0
CL006263,A17,motor,online,2,1,0.9,1274.06,69.7,1
CL006264,A9,property,phone,3,0,5.6,1992.35,27.1,0
CL006265,A28,property,phone,3,1,18.9,2955.97,23.6,0
CL006266,A2,health,phone,2,3,13.5,114487.25,21.1,0
CL006267,A10,travel,online,4,1,15.2,16651.54,46.3,1
CL006268,A26,motor,online,2,1,9.2,2359.76,29.6,0
CL006269,A19,property,broker,2,1,9.3,588.34,28.4,0
CL006270,A15,motor,online,2,2,1.4,3859.22,19.5,0
CL006271,A5,motor,online,3,0,10.2,430.31,26.1,0
CL006272,A11,property,online,1,0,14.9,1673.08,23.3,0
CL006273,A27,health,phone,2,0,9.7,864.05,28.9,0
CL006274,A23,health,broker,2,1,6.3,429.58,20.4,0
CL006275,A18,property,phone,3,1,7.2,866.45,20.8,0
CL006276,A10,travel,phone,5,0,23.8,4161.14,41.3,0
CL006277,A22,property,phone,1,0,2.3,4312.97,23.9,0
CL006278,A2,property,online,2,0,9.1,904.32,31.9,0
CL006279,A23,health,phone,5,1,3.3,5719.21,30.6,0
CL006280,A11,property,broker,3,0,6.2,2102.26,22.2,0
CL006281,A25,health,broker,4,1,7.7,7798.43,43.7,1
CL006282,A13,motor,phone,2,3,15.0,706.57,29.6,0
CL006283,A21,health,online,4,1,9.2,5439.97,26.7,0
CL006284,A26,property,phone,2,1,6.0,3784.89,31.3,0
CL006285,A24,property,phone,3,0,15.9,801.27,25.2,0
CL006286,A12,health,online,2,0,2.5,1174.63,19.8,0
CL006287,A28,property,online,2,1,27.1,4804.22,42.7,1
CL006288,A23,health,online,5,1,4.2,4018.77,30.5,0
CL006289,A12,motor,phone,2,2,7.5,7087.82,23.8,0
CL006290,A1,motor,online,5,1,18.0,5404.89,33.8,0
CL006291,A3,motor,online,3,1,39.3,829.48,59.4,1
CL006292,A28,motor,broker,5,0,26.3,6389.71,34.4,0
CL006293,A17,motor,online,2,1,1.9,1266.19,15.5,0
CL006294,A4,health,phone,4,0,1.9,2249.01,39.1,0
CL006295,A7,motor,online,1,0,7.9,754.71,20.6,0
CL006296,A11,motor,phone,1,0,22.8,2903.52,37.5,1
CL006297,A2,motor,broker,2,1,11.0,4044.61,17.8,0
CL006298,A19,motor,phone,2,2,25.0,2168.87,25.0,0
CL006299,A1,health,phone,1,1,10.4,1672.44,16.1,0
CL006300,A3,motor,broker,5,2,10.0,2292.88,30.8,0
CL006301,A15,motor,online,5,1,15.0,15664.93,32.8,0
CL006302,A20,health,broker,3,3,3.7,2184.52,44.5,1
CL006303,A2,motor,broker,3,1,3.6,909.48,22.3,0
CL006304,A22,health,phone,1,1,4.8,548.24,17.1,0
CL006305,A4,motor,phone,4,0,17.0,3731.68,30.2,0
CL006306,A28,travel,online,2,2,18.8,148440.75,20.0,0
CL006307,A11,property,phone,1,0,2.0,404.15,17.4,0
CL006308,A9,health,online,1,2,8.2,700.67,33.2,0
CL006309,A28,property,online,3,0,4.5,5173.73,34.2,0
CL006310,A9,motor,online,2,0,1.3,896.78,38.5,1
CL006311,A22,travel,phone,3,0,8.6,4733.58,25.6,0
CL006312,A25,travel,online,3,0,18.0,1196.32,25.1,0
CL006313,A21,motor,online,1,0,11.9,1643.28,19.1,0
CL006314,A24,motor,phone,3,1,9.6,1465.94,26.2,0
CL006315,A23,health,phone,5,1,16.9,5041.6,33.5,0
CL006316,A12,motor,phone,4,0,4.4,6344.28,28.6,0
CL006317,A16,health,online,5,1,6.3,1398.09,50.5,1
CL006318,A6,health,broker,1,0,15.0,4657.08,31.5,0
CL006319,A12,motor,phone,3,1,12.2,3171.81,27.2,0
CL006320,A12,travel,broker,5,1,11.1,34749.75,33.3,0
CL006321,A6,travel,online,3,0,1.1,1166.2,28.0,0
CL006322,A17,motor,phone,2,0,2.2,836.13,16.4,0
CL006323,A16,motor,online,2,1,1.0,475.77,25.4,0
CL006324,A17,travel,online,2,0,2.5,5252.76,19.9,0
CL006325,A28,motor,phone,5,1,7.6,608.5,30.0,0
CL006326,A20,health,phone,2,0,3.9,6034.09,20.2,0
CL006327,A28,motor,phone,1,0,6.8,912.92,15.2,0
CL006328,A16,property,online,4,0,2.3,7025.14,27.7,0
CL006329,A0,health,phone,5,2,21.6,2107.19,33.9,0
CL006330,A11,health,broker,1,1,3.5,1097.41,14.6,0
CL006331,A6,travel,broker,5,0,5.6,709.07,57.1,1
CL006332,A11,motor,online,4,1,8.3,5668.71,44.6,1
CL006333,A3,health,broker,2,0,10.0,686.64,18.6,0
CL006334,A13,health,online,4,1,25.4,3446.75,34.1,0
CL006335,A7,health,phone,1,1,2.2,5414.51,20.2,0
CL006336,A6,motor,broker,3,0,0.8,3951.67,26.8,0
CL006337,A14,motor,broker,2,0,1.1,5357.9,57.0,1
CL006338,A5,motor,online,2,2,19.1,1743.36,43.7,1
CL006339,A8,motor,online,3,1,4.5,3695.49,29.2,0
CL006340,A16,travel,phone,4,1,1.5,2081.03,29.0,0
CL006341,A4,health,phone,1,0,4.1,3030.38,13.8,0
CL006342,A23,motor,online,5,0,7.1,3047.52,28.4,0
CL006343,A14,motor,phone,4,1,1.3,1192.47,26.2,0
CL006344,A8,motor,phone,1,0,16.1,13972.94,17.6,0
CL006345,A21,motor,online,2,0,13.2,5152.29,19.9,0
CL006346,A24,property,phone,5,0,13.6,12203.52,54.0,0
CL006347,A20,property,phone,5,1,6.0,5416.81,33.0,0
CL006348,A4,motor,broker,5,3,22.0,2929.19,55.6,0
CL006349,A26,health,online,3,3,26.4,1418.04,51.2,1
CL006350,A22,motor,online,4,2,11.5,3822.22,28.0,0
CL006351,A18,health,online,3,0,2.9,3161.22,24.1,0
CL006352,A21,motor,phone,1,1,8.3,1185.29,14.5,0
CL006353,A10,property,online,1,0,9.4,3410.51,19.7,0
CL006354,A23,health,phone,1,5,11.7,3500.83,22.2,0
CL006355,A3,property,online,1,1,16.9,334.0,19.9,0
CL006356,A15,health,online,1,0,8.9,630.1,21.7,0
CL006357,A24,health,broker,5,1,9.3,7781.46,60.2,1
CL006358,A8,motor,online,3,0,4.7,1310.0,27.2,0
CL006359,A29,motor,online,1,1,4.2,6025.35,21.1,0
CL006360,A18,property,online,5,2,2.7,8686.21,36.7,0
CL006361,A1,motor,broker,4,0,2.8,12512.97,28.5,0
CL006362,A1,motor,broker,5,0,3.3,1715.09,30.9,0
CL006363,A7,motor,broker,1,0,6.1,3078.57,17.9,0
CL006364,A13,property,online,3,1,2.3,4803.62,21.2,0
CL006365,A9,travel,broker,4,0,4.7,6826.8,25.3,0
CL006366,A17,property,online,4,1,1.9,879.68,26.0,0
CL006367,A27,property,phone,5,2,9.5,1187.02,55.1,1
CL006368,A14,motor,phone,1,1,3.2,2786.88,13.8,0
CL006369,A18,property,broker,1,1,15.9,2403.56,36.2,1
CL006370,A1,health,online,5,2,17.2,4941.83,39.9,0
CL006371,A7,property,phone,2,1,3.2,2785.7,37.5,1
CL006372,A29,property,online,2,0,4.6,1947.81,31.3,0
CL006373,A12,motor,online,2,0,6.1,674.88,17.8,0
CL006374,A17,motor,online,2,0,10.8,3985.01,32.1,0
CL006375,A9,motor,online,5,1,2.0,2473.66,31.9,0
CL006376,A1,health,phone,1,1,12.7,2307.67,21.1,0
CL006377,A24,motor,online,5,0,5.7,1588.91,28.9,0
CL006378,A25,property,online,5,1,3.5,1780.08,27.7,0
CL006379,A5,motor,broker,4,1,6.4,1281.38,45.6,1
CL006380,A20,health,online,2,1,8.0,828.25,27.9,0
CL006381,A21,property,online,5,0,8.5,6182.01,34.4,0
CL006382,A2,health,broker,3,2,2.4,1761.47,40.6,1
CL006383,A2,health,online,1,1,16.9,2427.65,20.9,0
CL006384,A6,health,phone,1,1,5.8,665.18,11.7,0
CL006385,A3,motor,online,1,1,0.7,883.56,31.4,1
CL006386,A24,motor,phone,5,1,6.7,1944.38,33.6,0
CL006387,A19,health,phone,4,1,16.5,8026.81,26.9,0
CL006388,A11,property,phone,5,0,0.4,7493.12,31.1,0
CL006389,A11,health,online,4,2,8.8,7534.57,25.3,0
CL006390,A23,motor,broker,5,3,19.1,4500.11,35.1,0
CL006391,A3,property,broker,1,1,2.8,914.31,12.8,0
CL006392,A14,property,broker,5,0,8.4,1055.01,28.3,0
CL006393,A22,property,broker,5,1,2.2,1753.01,47.1,1
CL006394,A15,health,online,1,1,11.9,1583.73,17.1,0
CL006395,A9,health,phone,4,0,9.2,2217.59,28.2,0
CL006396,A23,health,phone,2,1,5.1,3468.35,17.5,0
CL006397,A9,property,broker,1,3,8.1,3550.67,22.6,0
CL006398,A19,motor,broker,4,0,3.4,1626.43,58.2,1
CL006399,A9,travel,broker,4,0,43.6,5467.69,34.2,0
CL006400,A15,property,online,4,1,3.7,655.94,23.2,0
CL006401,A7,motor,phone,2,0,6.7,9209.22,35.8,1
CL006402,A24,property,phone,3,2,5.4,417.82,41.5,0
CL006403,A11,motor,broker,3,2,16.2,6673.91,23.4,0
CL006404,A17,property,phone,5,2,5.4,4685.13,38.9,0
CL006405,A1,motor,online,3,1,23.0,1041.4,28.1,0
CL006406,A5,motor,online,3,2,0.6,1161.79,22.8,0
CL006407,A21,property,phone,2,4,9.0,310.4,25.5,0
CL006408,A7,motor,broker,5,1,8.3,6987.82,55.6,1
CL006409,A24,motor,online,2,2,9.3,2415.14,16.7,0
CL006410,A13,travel,broker,2,0,9.1,1724.64,21.4,0
CL006411,A20,travel,phone,3,0,33.4,769.8,33.9,0
CL006412,A0,motor,phone,5,1,2.3,968.52,27.9,0
CL006413,A9,property,online,2,0,2.7,4236.71,21.4,0
CL006414,A7,property,broker,4,1,11.9,1887.82,44.9,1
CL006415,A27,motor,phone,3,1,25.7,4219.96,29.6,0
CL006416,A15,health,broker,5,0,4.5,1522.17,30.3,0
CL006417,A25,travel,phone,2,2,19.5,2167.22,22.2,0
CL006418,A0,property,online,1,3,1.7,375.49,11.5,0
CL006419,A28,property,phone,3,1,4.9,21320.76,39.1,1
CL006420,A8,property,phone,2,2,6.4,1716.03,36.5,1
CL006421,A13,travel,online,1,1,7.6,969.42,16.8,0
CL006422,A18,motor,online,4,1,25.3,1201.16,33.4,0
CL006423,A28,motor,online,4,0,11.0,7532.76,27.1,0
CL006424,A10,health,online,2,0,4.7,1046.6,25.5,0
CL006425,A27,property,broker,2,0,15.6,312.48,22.8,0
CL006426,A13,motor,online,2,1,16.6,7019.87,20.3,0
CL006427,A11,property,broker,2,0,19.8,9695.11,41.1,1
CL006428,A19,motor,broker,5,2,9.8,1350.86,33.7,0
CL006429,A18,motor,broker,3,0,8.2,2642.99,44.6,1
CL006430,A13,motor,broker,1,0,1.9,680.75,10.8,0
CL006431,A17,property,online,5,0,8.8,3111.65,49.2,1
CL006432,A28,health,online,5,0,0.1,44773.34,54.3,1
CL006433,A8,health,phone,4,1,8.9,1021.38,26.0,0
CL006434,A15,motor,phone,2,2,5.5,447.33,15.8,0
CL006435,A8,motor,broker,5,1,4.6,4801.66,55.2,1
CL006436,A6,motor,online,3,1,4.4,1681.53,48.3,1
CL006437,A11,property,broker,1,0,7.0,760.92,12.4,0
CL006438,A5,motor,phone,1,0,6.7,1522.69,19.8,0
CL006439,A10,health,broker,5,3,5.8,1212.29,27.1,0
CL006440,A19,health,phone,2,2,6.3,570.11,19.5,0
CL006441,A16,property,phone,2,1,15.7,10832.73,30.5,0
CL006442,A15,property,online,2,0,18.4,2876.9,19.6,0
CL006443,A28,motor,phone,4,1,4.3,9021.67,29.5,0
CL006444,A16,motor,phone,1,1,9.0,4310.5,20.8,0
CL006445,A19,property,online,1,0,1.8,1506.35,13.8,0
CL006446,A25,motor,phone,2,0,26.5,3466.48,24.2,0
CL006447,A27,health,phone,5,1,13.1,17349.49,38.0,0
CL006448,A4,property,phone,1,0,15.6,3942.51,20.5,0
CL006449,A26,health,phone,4,0,5.7,10350.84,29.5,0
CL006450,A16,motor,phone,3,0,10.9,15252.93,22.1,0
CL006451,A25,property,phone,3,1,4.2,2787.58,23.4,0
CL006452,A24,property,online,3,0,0.1,921.07,25.8,0
CL006453,A13,motor,phone,5,0,17.0,341.43,33.4,0
CL006454,A4,health,online,2,1,0.9,1432.46,21.3,0
CL006455,A20,motor,online,4,0,25.0,7508.73,52.4,1
CL006456,A10,health,broker,3,2,5.7,1500.87,23.3,0
CL006457,A21,motor,online,4,0,8.9,5101.47,50.8,1
CL006458,A8,health,phone,5,1,3.5,4068.61,33.8,0
CL006459,A11,travel,online,4,0,9.4,2490.89,27.3,0
CL006460,A12,motor,online,2,3,5.4,1510.54,19.5,0
CL006461,A7,property,online,5,0,1.2,947.63,30.6,0
CL006462,A23,motor,broker,1,1,2.9,1948.85,20.1,0
CL006463,A1,property,phone,3,0,1.9,2727.19,19.8,0
CL006464,A20,motor,phone,2,0,5.6,2256.64,28.8,0
CL006465,A24,travel,online,1,0,6.2,1003.79,16.9,0
CL006466,A5,motor,online,5,0,5.9,689.74,32.0,0
CL006467,A7,health,phone,3,1,13.4,6019.88,41.1,1
CL006468,A4,property,online,3,2,7.7,1357.38,27.2,0
CL006469,A2,health,phone,1,0,9.5,877.72,14.3,0
CL006470,A20,property,broker,2,0,6.8,898.31,23.0,0
CL006471,A19,property,phone,1,1,13.4,527.98,13.3,0
CL006472,A6,health,broker,2,0,1.9,2588.11,13.8,0
CL006473,A2,motor,phone,5,1,0.9,265.96,27.4,0
CL006474,A1,health,online,4,0,9.8,2707.52,26.0,0
CL006475,A9,motor,broker,3,0,4.6,2006.76,41.3,0
CL006476,A22,motor,phone,5,0,4.0,1131.26,39.0,0
CL006477,A8,motor,phone,2,0,11.3,6492.65,17.5,0
CL006478,A1,health,online,2,1,1.2,2970.56,20.4,0
CL006479,A15,health,online,4,0,11.7,1977.24,28.3,0
CL006480,A14,motor,online,1,4,3.9,1909.83,21.7,0
CL006481,A1,health,broker,1,0,15.1,862.57,15.2,0
CL006482,A0,motor,broker,1,2,16.9,1006.94,35.6,1
CL006483,A18,health,broker,5,1,5.4,3608.54,48.1,1
CL006484,A0,motor,broker,1,1,2.3,3834.4,13.7,0
CL006485,A5,health,broker,4,0,13.1,3577.28,29.1,0
CL006486,A27,motor,phone,2,0,3.3,895.54,16.7,0
CL006487,A25,property,online,3,0,1.2,1187.43,22.4,0
CL006488,A18,motor,online,2,0,8.7,500.48,17.1,0
CL006489,A15,property,phone,5,1,12.9,5275.43,41.2,0
CL006490,A22,motor,online,5,0,19.0,2237.32,40.0,0
CL006491,A1,motor,online,2,1,14.8,7158.97,19.8,0
CL006492,A11,travel,broker,1,0,2.4,575.54,15.8,0
CL006493,A27,motor,online,2,2,7.5,236.16,18.0,0
CL006494,A13,property,broker,1,0,8.7,2039.0,16.3,0
CL006495,A19,health,phone,2,1,11.7,1982.57,19.9,0
CL006496,A4,health,phone,1,1,5.7,2109.54,23.4,0
CL006497,A5,motor,broker,1,0,0.3,1187.0,35.3,1
CL006498,A27,health,phone,1,3,10.1,1738.56,15.0,0
CL006499,A15,property,phone,4,1,12.5,8575.94,27.7,0
CL006500,A6,motor,online,3,2,4.2,11715.29,29.3,0
CL006501,A17,motor,online,4,1,7.8,3717.38,38.0,0
CL006502,A11,motor,online,2,0,6.8,2006.36,18.6,0
CL006503,A29,motor,broker,4,1,13.0,5836.51,55.0,1
CL006504,A26,health,phone,5,3,3.2,1574.71,50.8,1
CL006505,A2,health,online,1,0,10.1,903.08,15.8,0
CL006506,A5,motor,broker,3,0,3.5,2155.6,31.6,0
CL006507,A21,motor,online,1,1,20.9,8216.71,15.4,0
CL006508,A28,property,online,2,1,14.4,8902.21,17.8,0
CL006509,A10,motor,online,3,0,38.3,348.62,28.1,0
CL006510,A21,health,phone,2,0,4.5,2444.67,18.4,0
CL006511,A7,motor,phone,3,3,15.4,2247.91,44.0,1
CL006512,A11,health,phone,1,2,9.3,7274.7,15.4,0
CL006513,A24,property,broker,1,1,13.7,1524.58,18.4,0
CL006514,A13,property,online,3,0,15.8,2038.99,29.2,0
CL006515,A7,property,online,4,1,7.6,9608.8,36.8,0
CL006516,A6,property,online,3,1,19.0,4539.79,28.7,0
CL006517,A10,motor,online,2,1,3.9,4293.48,21.6,0
CL006518,A4,motor,phone,3,1,5.7,1316.49,22.9,0
CL006519,A7,property,online,5,0,10.8,3444.64,34.3,0
CL006520,A25,motor,broker,2,1,10.9,256.59,22.6,0
CL006521,A27,health,broker,5,2,2.0,11461.04,33.6,0
CL006522,A16,property,online,3,3,8.6,486.13,43.0,1
CL006523,A1,motor,phone,4,0,2.0,5359.3,22.9,0
CL006524,A15,motor,online,1,0,8.2,2836.98,16.5,0
CL006525,A7,motor,phone,4,1,4.8,4659.11,25.8,0
CL006526,A15,motor,online,5,1,0.6,4224.24,36.4,0
CL006527,A18,motor,online,4,1,11.1,7122.64,30.8,0
CL006528,A23,travel,phone,1,0,10.4,1996.97,13.3,0
CL006529,A6,motor,online,1,0,0.9,3276.32,15.3,0
CL006530,A20,health,online,3,0,5.1,3579.36,29.6,0
CL006531,A10,health,online,4,0,4.4,1070.18,30.6,0
CL006532,A26,health,online,5,0,13.7,14085.55,37.9,0
CL006533,A3,health,broker,3,0,6.2,603.27,41.6,1
CL006534,A23,property,online,3,0,2.8,3224.96,31.9,0
CL006535,A1,motor,broker,3,1,9.2,723.71,45.9,1
CL006536,A25,property,online,2,1,7.9,997.11,29.3,0
CL006537,A9,property,broker,2,2,19.7,2895.92,22.5,0
CL006538,A24,motor,online,4,1,3.7,420.58,32.2,0
CL006539,A10,health,online,1,0,4.2,905.53,12.8,0
CL006540,A0,property,phone,3,1,7.2,1053.4,32.4,0
CL006541,A11,motor,online,4,2,2.3,2134.75,23.6,0
CL006542,A6,travel,phone,5,1,10.6,3313.98,30.3,0
CL006543,A25,motor,phone,2,1,12.1,686.57,20.5,0
CL006544,A1,health,phone,2,0,2.4,693.93,17.1,0
CL006545,A8,property,online,4,0,0.4,10341.88,46.7,1
CL006546,A18,motor,online,1,2,3.7,176.26,12.5,0
CL006547,A0,health,online,4,0,0.2,2721.46,29.9,0
CL006548,A19,property,phone,2,2,7.8,6283.78,19.3,0
CL006549,A14,motor,online,5,3,17.3,1155.78,32.2,0
CL006550,A25,motor,online,4,1,4.8,410.35,25.2,0
CL006551,A25,property,phone,5,0,6.3,2056.59,36.1,0
CL006552,A26,health,phone,1,1,16.0,1026.04,15.7,0
CL006553,A27,health,online,1,0,8.5,634.17,16.0,0
CL006554,A25,health,phone,3,0,3.2,14434.22,37.2,0
CL006555,A9,health,phone,2,3,4.0,1435.57,39.3,1
CL006556,A12,travel,broker,1,0,4.6,1168.34,27.9,0
CL006557,A15,property,online,4,0,2.7,1764.11,26.7,0
CL006558,A27,property,broker,4,2,2.8,7633.33,27.5,0
CL006559,A4,property,online,1,2,4.3,1468.16,14.1,0
CL006560,A18,motor,online,1,0,1.5,1975.24,19.3,0
CL006561,A6,property,broker,1,2,9.6,5092.15,12.4,0
CL006562,A9,property,phone,3,0,10.3,3029.38,32.1,0
CL006563,A21,motor,phone,4,0,3.9,1346.6,24.9,0
CL006564,A24,health,phone,3,0,18.9,3169.74,32.2,0
CL006565,A12,motor,online,1,2,27.5,816.02,20.5,0
CL006566,A1,motor,phone,3,0,19.7,3792.0,44.0,1
CL006567,A5,motor,phone,2,0,6.8,1976.77,25.1,0
CL006568,A12,health,phone,3,4,14.9,8244.06,45.8,1
CL006569,A1,health,online,4,0,8.3,3630.27,46.7,1
CL006570,A1,health,online,5,1,1.0,1262.31,27.1,0
CL006571,A18,motor,broker,4,0,7.6,544.43,45.0,1
CL006572,A15,health,phone,3,3,15.8,2423.36,26.6,0
CL006573,A9,motor,broker,1,0,13.1,3402.41,19.2,0
CL006574,A27,health,phone,1,3,11.0,1315.76,25.9,0
CL006575,A18,motor,phone,1,0,6.4,777.35,31.4,1
CL006576,A12,property,online,2,3,4.6,4128.66,26.8,0
CL006577,A22,motor,online,2,1,9.3,1941.07,19.4,0
CL006578,A18,motor,broker,5,2,8.4,2640.06,57.7,1
CL006579,A22,health,phone,3,0,3.9,3207.11,26.6,0
CL006580,A21,motor,broker,1,1,7.3,1076.95,12.6,0
CL006581,A1,motor,phone,1,1,13.6,1916.66,15.5,0
CL006582,A1,property,phone,5,0,10.8,5265.47,28.7,0
CL006583,A7,health,broker,2,0,5.0,1872.78,22.8,0
CL006584,A2,property,phone,4,2,18.2,20719.75,37.1,0
CL006585,A27,health,phone,2,3,3.2,2188.17,22.4,0
CL006586,A5,motor,phone,4,0,6.9,3266.71,26.1,0
CL006587,A1,property,phone,3,0,5.5,9800.25,27.2,0
CL006588,A2,motor,online,3,1,7.8,1248.21,43.6,1
CL006589,A27,health,broker,4,3,14.4,859.9,49.5,1
CL006590,A17,health,online,4,1,6.1,572.52,35.7,0
CL006591,A16,health,broker,4,1,2.3,6263.02,36.8,0
CL006592,A19,health,broker,3,2,11.3,4486.98,28.5,0
CL006593,A17,motor,online,1,2,5.3,660.4,12.3,0
CL006594,A6,motor,broker,5,1,25.4,1854.75,50.4,0
CL006595,A27,property,online,4,0,1.4,737.02,29.4,0
CL006596,A19,travel,phone,3,0,6.2,6935.96,21.8,0
CL006597,A25,health,online,4,3,6.4,1257.03,36.1,0
CL006598,A3,health,online,3,1,2.9,2898.62,22.0,0
CL006599,A0,motor,online,1,2,11.8,2911.59,18.6,0
CL006600,A18,motor,online,5,1,1.7,1338.49,49.0,1
CL006601,A7,motor,broker,5,1,2.1,6459.49,31.8,0
CL006602,A11,motor,phone,1,1,1.6,3484.72,16.6,0
CL006603,A15,motor,phone,3,0,6.6,6000.13,20.9,0
CL006604,A9,health,online,2,0,14.7,1460.18,25.0,0
CL006605,A0,motor,online,5,2,19.9,15738.75,31.3,0
CL006606,A23,travel,broker,2,2,2.4,402.98,16.1,0
CL006607,A23,motor,phone,4,2,5.6,2976.63,24.0,0
CL006608,A7,motor,phone,1,0,4.1,967.47,15.2,0
CL006609,A26,motor,online,4,1,4.4,1187.79,30.3,0
CL006610,A26,health,broker,1,0,15.7,2867.0,20.1,0
CL006611,A17,motor,online,2,0,5.0,1462.1,23.6,0
CL006612,A20,health,phone,2,1,4.3,707.54,14.5,0
CL006613,A26,travel,online,1,0,15.5,2639.02,14.4,0
CL006614,A12,motor,broker,4,2,19.5,3150.16,47.9,1
CL006615,A0,health,broker,1,1,11.9,5592.25,19.3,0
CL006616,A21,motor,online,2,0,1.4,1169.28,22.1,0
CL006617,A4,travel,online,2,0,8.1,2681.54,17.0,0
CL006618,A0,health,phone,3,0,15.6,1192.62,25.7,0
CL006619,A15,property,broker,5,0,13.3,4186.86,50.4,1
CL006620,A13,motor,phone,4,0,13.1,1046.92,27.8,0
CL006621,A2,health,online,2,1,20.5,611.98,21.6,0
CL006622,A18,property,online,2,1,21.7,522.23,33.2,0
CL006623,A26,motor,online,1,0,6.3,1256.38,17.2,0
CL006624,A9,motor,phone,5,2,2.9,4160.1,38.6,0
CL006625,A9,property,phone,3,1,7.9,2646.32,23.9,0
CL006626,A7,motor,online,1,0,5.6,1083.62,15.3,0
CL006627,A12,property,online,1,0,3.9,1778.14,20.2,0
CL006628,A10,motor,online,5,0,13.2,3385.2,32.1,0
CL006629,A4,property,online,3,3,4.4,3151.32,25.8,0
CL006630,A0,health,phone,3,1,7.1,1873.29,29.2,0
CL006631,A8,motor,online,4,0,5.2,647.64,27.8,0
CL006632,A14,travel,phone,1,1,17.0,343.76,24.1,0
CL006633,A19,motor,phone,3,0,3.5,9548.73,40.9,1
CL006634,A29,travel,broker,5,1,4.3,2787.83,28.5,0
CL006635,A3,motor,online,2,1,31.2,2237.52,43.2,1
CL006636,A11,motor,phone,5,1,9.4,7076.95,56.5,1
CL006637,A0,property,phone,5,0,10.2,2921.93,35.2,0
CL006638,A6,property,phone,2,0,0.9,1558.61,17.1,0
CL006639,A9,health,online,1,3,4.7,1476.05,15.1,0
CL006640,A25,travel,broker,1,1,9.4,10533.37,16.0,0
CL006641,A9,property,online,2,0,2.6,5419.36,16.1,0
CL006642,A12,motor,phone,2,1,6.6,6390.95,37.2,1
CL006643,A18,motor,phone,5,0,3.6,1068.72,35.4,0
CL006644,A17,motor,online,2,0,5.6,556.21,28.3,0
CL006645,A11,health,broker,1,0,16.9,2764.18,15.0,0
CL006646,A26,property,online,1,0,17.8,3240.44,22.5,0
CL006647,A23,travel,online,1,0,8.4,691.11,22.1,0
CL006648,A5,health,phone,5,1,14.6,2530.93,52.8,1
CL006649,A16,motor,phone,5,2,4.7,3273.73,37.2,0
CL006650,A23,health,phone,1,2,2.5,2758.67,36.5,1
CL006651,A19,travel,broker,5,0,8.8,4193.75,60.7,1
CL006652,A20,travel,broker,5,1,17.8,1663.65,38.1,0
CL006653,A23,property,phone,5,0,11.1,4155.98,40.8,0
CL006654,A8,motor,online,5,1,5.2,2038.45,28.7,0
CL006655,A19,motor,phone,4,1,4.5,3895.21,45.1,1
CL006656,A13,health,online,3,1,11.4,925.0,33.4,0
CL006657,A24,property,phone,5,0,0.7,3587.99,27.9,0
CL006658,A29,motor,phone,5,1,6.5,3723.5,29.6,0
CL006659,A22,property,phone,3,3,8.7,18266.07,43.3,1
CL006660,A13,health,broker,2,0,12.8,1618.96,24.3,0
CL006661,A6,property,phone,2,1,8.0,3223.27,41.0,1
CL006662,A19,property,online,4,0,8.9,4209.62,54.0,1
CL006663,A0,property,broker,5,1,14.6,7413.3,35.4,0
CL006664,A2,motor,broker,5,0,18.1,1577.09,33.6,0
CL006665,A16,motor,online,5,2,0.3,821.49,36.1,0
CL006666,A3,property,online,4,0,1.1,2520.07,26.3,0
CL006667,A14,property,phone,3,1,30.2,574.1,30.4,0
CL006668,A10,property,phone,5,0,6.4,11403.38,54.9,1
CL006669,A9,health,phone,4,1,19.9,4002.35,49.1,1
CL006670,A26,health,broker,2,1,10.3,369.4,18.8,0
CL006671,A5,health,online,1,1,11.2,1353.53,17.3,0
CL006672,A22,health,phone,2,0,15.9,2670.99,29.6,0
CL006673,A5,health,online,5,1,3.2,1979.55,28.2,0
CL006674,A17,property,phone,4,1,2.5,2485.86,26.0,0
CL006675,A19,motor,phone,2,1,2.4,3971.83,17.8,0
CL006676,A15,health,online,1,0,10.9,2440.74,16.9,0
CL006677,A12,motor,online,3,2,4.6,1334.78,25.9,0
CL006678,A10,property,broker,5,2,7.4,1717.38,28.9,0
CL006679,A24,motor,broker,4,5,4.3,1878.15,33.1,0
CL006680,A16,property,online,4,1,17.2,3681.95,39.3,0
CL006681,A18,motor,online,2,2,12.3,573.13,17.8,0
CL006682,A27,health,broker,5,2,6.7,3771.15,33.5,0
CL006683,A23,health,phone,2,1,6.0,9957.77,26.4,0
CL006684,A27,property,phone,5,1,2.3,3536.34,59.6,1
CL006685,A24,health,phone,5,0,6.6,1081.99,33.7,0
CL006686,A10,health,online,2,3,3.1,890.64,16.5,0
CL006687,A21,travel,online,2,1,14.7,1314.43,18.9,0
CL006688,A13,health,online,4,0,12.1,1341.41,45.6,1
CL006689,A21,health,online,1,2,19.9,199.87,16.9,0
CL006690,A5,health,online,1,1,10.4,1523.64,33.6,1
CL006691,A0,motor,phone,4,0,0.5,1370.01,34.6,0
CL006692,A26,travel,broker,5,0,4.1,2735.43,31.5,0
CL006693,A4,health,online,2,0,10.5,1127.69,28.3,0
CL006694,A27,motor,phone,5,1,2.7,376.97,32.9,0
CL006695,A27,health,broker,1,0,1.5,1277.24,13.2,0
CL006696,A20,motor,online,3,0,8.4,3320.61,22.9,0
CL006697,A16,travel,phone,2,1,3.0,5990.95,21.9,0
CL006698,A17,property,online,2,3,18.5,13541.8,19.5,0
CL006699,A8,motor,online,5,0,31.7,8578.59,38.1,0
CL006700,A19,motor,online,4,1,24.7,3549.46,29.1,0
CL006701,A6,motor,broker,1,0,12.5,424.08,34.9,1
CL006702,A15,motor,online,5,1,5.4,3925.74,30.4,0
CL006703,A15,property,broker,5,0,15.0,6830.88,30.9,0
CL006704,A8,motor,phone,1,1,2.7,1221.32,19.2,0
CL006705,A25,health,phone,3,0,4.9,1002.76,24.2,0
CL006706,A14,motor,online,3,0,11.6,1621.88,28.0,0
CL006707,A15,health,online,1,1,16.6,9414.0,20.7,0
CL006708,A9,property,online,4,1,8.3,1449.12,25.5,0
CL006709,A23,motor,online,5,4,17.4,1151.93,30.9,0
CL006710,A2,motor,phone,2,0,3.4,2813.44,17.1,0
CL006711,A29,health,online,3,0,4.5,3577.31,23.1,0
CL006712,A7,motor,online,3,1,10.9,417.25,46.9,1
CL006713,A3,motor,online,3,0,9.1,1710.3,26.2,0
CL006714,A5,health,online,2,0,0.6,1267.18,15.9,0
CL006715,A1,health,online,5,0,5.5,4616.86,52.6,1
CL006716,A19,health,online,3,1,11.9,2799.51,25.5,0
CL006717,A23,travel,phone,1,0,7.9,713.77,18.4,0
CL006718,A20,health,broker,3,1,12.3,8561.05,43.1,1
CL006719,A10,property,online,5,1,14.0,1014.79,33.5,0
CL006720,A29,travel,broker,3,1,1.9,1341.67,42.2,1
CL006721,A21,health,phone,5,0,10.3,19702.63,31.4,0
CL006722,A15,motor,phone,2,3,12.5,3065.47,19.8,0
CL006723,A22,health,broker,1,0,26.4,5573.78,18.0,0
CL006724,A4,health,phone,3,0,25.5,1037.59,26.8,0
CL006725,A26,property,phone,5,0,10.0,12596.23,28.9,0
CL006726,A11,property,phone,3,0,11.6,8041.23,28.8,0
CL006727,A0,health,phone,4,0,23.3,3485.97,27.6,0
CL006728,A24,property,online,4,1,0.7,2983.71,26.2,0
CL006729,A14,health,online,2,2,6.2,497.27,21.3,0
CL006730,A16,health,online,4,0,25.1,555.59,33.6,0
CL006731,A27,motor,online,3,1,6.3,459.64,26.3,0
CL006732,A27,property,phone,5,0,6.9,4523.58,32.3,0
CL006733,A13,property,broker,2,2,13.6,2501.71,20.9,0
CL006734,A14,travel,phone,1,1,21.1,2535.81,47.9,1
CL006735,A14,property,online,2,0,3.3,5976.82,16.2,0
CL006736,A28,motor,online,4,0,1.3,3250.62,27.2,0
CL006737,A6,health,online,5,0,5.4,1179.14,51.8,1
CL006738,A15,motor,online,3,0,5.5,1714.61,23.1,0
CL006739,A18,motor,online,2,2,9.2,379.96,29.1,0
CL006740,A5,health,online,4,0,2.4,1388.61,22.6,0
CL006741,A0,property,online,1,0,26.2,3446.82,18.0,0
CL006742,A18,travel,phone,5,0,4.2,1547.19,52.7,1
CL006743,A21,motor,phone,1,1,7.8,4151.01,16.4,0
CL006744,A20,travel,online,5,1,1.7,4718.61,55.0,1
CL006745,A0,motor,online,2,1,3.3,6843.17,29.7,0
CL006746,A8,motor,phone,5,0,9.5,2778.94,33.3,0
CL006747,A21,health,online,3,0,19.5,5727.92,33.1,0
CL006748,A6,property,online,3,1,6.9,2247.31,44.9,1
CL006749,A12,motor,phone,4,0,2.7,4267.52,26.1,0
CL006750,A29,property,online,2,1,3.6,394.73,18.9,0
CL006751,A2,motor,broker,4,1,1.5,1345.92,47.1,1
CL006752,A17,motor,broker,3,2,14.1,470.21,21.1,0
CL006753,A27,health,broker,1,0,20.6,2929.56,16.6,0
CL006754,A20,health,online,2,1,3.2,2391.29,27.7,0
CL006755,A8,motor,phone,1,0,12.1,10788.35,18.5,0
CL006756,A19,travel,online,1,0,3.2,3420.49,28.4,0
CL006757,A25,health,online,1,0,9.2,8502.85,20.1,0
CL006758,A14,health,online,4,0,2.3,3870.87,23.8,0
CL006759,A22,property,online,2,2,5.8,388.2,20.0,0
CL006760,A27,motor,online,4,0,5.3,6194.63,23.7,0
CL006761,A23,property,broker,2,0,8.7,5115.06,39.8,1
CL006762,A14,motor,phone,1,0,7.9,5358.58,36.8,1
CL006763,A18,motor,online,2,1,22.3,767.08,23.8,0
CL006764,A21,travel,phone,5,0,4.3,413.16,28.7,0
CL006765,A27,travel,online,3,0,17.2,1076.32,43.7,1
CL006766,A1,motor,online,4,4,9.9,864.0,24.6,0
CL006767,A14,property,online,3,2,8.1,2013.05,51.7,1
CL006768,A0,health,broker,4,0,4.0,654.69,25.5,0
CL006769,A18,motor,online,2,2,6.5,6001.01,18.9,0
CL006770,A0,property,phone,3,1,9.4,3708.01,22.4,0
CL006771,A17,motor,phone,5,0,12.4,7435.35,32.1,0
CL006772,A5,travel,phone,2,1,0.7,4519.83,24.7,0
CL006773,A9,property,broker,3,1,10.9,8710.73,34.6,0
CL006774,A29,health,online,2,0,5.3,3392.19,15.4,0
CL006775,A4,property,online,3,1,0.1,6625.84,24.1,0
CL006776,A1,motor,phone,5,1,9.8,2976.95,64.6,1
CL006777,A12,property,online,5,0,4.4,2357.65,31.9,0
CL006778,A15,motor,phone,2,0,15.3,3640.69,23.8,0
CL006779,A7,motor,online,1,0,11.8,1587.7,23.3,0
CL006780,A13,motor,phone,3,1,5.0,3139.57,27.2,0
CL006781,A13,motor,online,5,1,6.5,938.18,27.2,0
CL006782,A25,motor,phone,5,0,15.3,5778.99,49.4,1
CL006783,A21,motor,broker,5,2,2.4,2740.92,30.4,0
CL006784,A15,motor,phone,4,1,0.5,3729.25,31.2,0
CL006785,A13,motor,online,3,1,0.7,2181.86,20.2,0
CL006786,A7,motor,online,3,1,10.5,2099.23,21.7,0
CL006787,A25,health,phone,2,0,5.7,831.82,19.0,0
CL006788,A29,motor,broker,5,0,9.3,11851.76,36.9,0
CL006789,A20,motor,phone,1,2,39.2,3269.1,42.3,1
CL006790,A18,property,phone,1,1,6.1,2761.11,16.2,0
CL006791,A7,motor,online,1,2,3.4,1022.29,18.7,0
CL006792,A19,health,broker,2,0,9.6,2226.87,18.3,0
CL006793,A13,property,online,4,1,19.3,492.97,35.7,0
CL006794,A8,travel,online,1,1,7.9,3393.84,18.1,0
CL006795,A14,motor,online,3,4,12.8,5237.4,23.1,0
CL006796,A25,motor,phone,2,3,4.8,1831.41,23.2,0
CL006797,A15,health,online,3,1,8.5,985.35,27.7,0
CL006798,A17,motor,phone,4,1,21.4,1274.17,57.7,1
CL006799,A8,property,phone,3,1,1.5,3873.14,21.9,0
CL006800,A1,property,phone,3,1,16.3,7031.15,30.8,0
CL006801,A22,motor,online,5,1,6.4,16713.27,30.8,0
CL006802,A15,motor,online,2,1,7.3,3541.77,24.8,0
CL006803,A1,property,online,2,0,2.4,3887.93,22.1,0
CL006804,A16,motor,phone,5,1,19.5,5529.25,33.3,0
CL006805,A15,motor,phone,3,0,19.4,5947.24,31.0,0
CL006806,A20,motor,broker,4,0,27.7,1150.72,31.5,0
CL006807,A10,motor,broker,5,1,10.7,7251.61,31.1,0
CL006808,A1,motor,online,4,1,6.1,478.96,28.6,0
CL006809,A13,health,broker,3,3,15.4,2055.02,25.5,0
CL006810,A24,motor,online,3,1,4.3,9601.89,18.5,0
CL006811,A8,property,broker,5,1,7.9,1974.06,57.2,1
CL006812,A18,motor,phone,2,2,2.3,1470.41,15.5,0
CL006813,A1,motor,online,2,2,2.3,2145.86,25.3,0
CL006814,A10,motor,broker,2,0,6.0,1546.43,21.8,0
CL006815,A20,motor,phone,4,2,3.0,2193.06,30.3,0
CL006816,A5,motor,online,2,1,5.1,3976.74,15.1,0
CL006817,A17,travel,online,5,2,6.5,5046.93,30.1,0
CL006818,A17,motor,online,5,0,4.1,17929.19,30.9,0
CL006819,A6,property,broker,2,0,6.3,3663.79,17.6,0
CL006820,A11,property,online,4,0,14.3,1427.79,49.6,0
CL006821,A24,property,online,1,0,34.7,684.8,21.3,0
CL006822,A22,health,phone,1,0,10.7,1017.69,17.9,0
CL006823,A28,motor,online,2,0,9.6,1509.52,33.9,0
CL006824,A15,motor,phone,5,4,10.0,2055.76,32.4,0
CL006825,A2,property,online,4,0,1.7,697.13,29.3,0
CL006826,A10,motor,phone,2,4,20.8,1878.44,23.0,0
CL006827,A8,property,online,1,0,5.9,962.49,15.2,0
CL006828,A28,motor,online,2,1,11.6,4228.07,25.2,0
CL006829,A12,property,broker,4,0,8.9,2367.51,26.5,0
CL006830,A14,health,phone,5,3,18.0,3769.69,39.5,0
CL006831,A26,motor,phone,5,1,1.9,5970.99,33.8,0
CL006832,A14,motor,broker,3,1,10.6,2457.39,21.9,0
CL006833,A28,property,online,2,2,7.6,5034.21,16.7,0
CL006834,A16,motor,broker,4,1,3.9,8031.82,23.5,0
CL006835,A3,property,phone,4,0,5.0,3460.05,23.8,0
CL006836,A23,property,broker,5,0,6.1,985.5,30.0,0
CL006837,A28,motor,broker,1,1,10.8,2140.37,16.8,0
CL006838,A14,motor,broker,1,1,14.7,1446.38,19.5,0
CL006839,A5,motor,broker,3,0,6.1,3853.57,25.7,0
CL006840,A1,motor,online,2,0,19.6,653.9,23.3,0
CL006841,A15,property,online,5,0,7.3,3636.69,36.8,0
CL006842,A19,health,online,4,2,10.8,1621.75,35.9,0
CL006843,A9,motor,phone,3,1,6.5,3047.13,28.4,0
CL006844,A7,motor,phone,5,2,22.3,449.27,36.8,0
CL006845,A25,motor,phone,5,0,19.5,5093.3,70.6,1
CL006846,A8,travel,broker,3,0,6.4,6699.44,27.7,0
CL006847,A9,property,broker,2,0,1.9,1585.8,22.4,0
CL006848,A29,motor,online,5,0,4.2,12437.62,31.1,0
CL006849,A21,health,broker,1,0,6.5,790.09,14.2,0
CL006850,A1,travel,phone,3,0,9.9,2502.65,34.0,0
CL006851,A1,motor,broker,4,0,5.4,3425.53,33.4,0
CL006852,A22,motor,broker,3,0,2.9,1986.97,21.1,0
CL006853,A17,motor,broker,5,0,5.7,2331.2,28.9,0
CL006854,A22,health,phone,4,0,2.5,161652.25,22.5,0
CL006855,A1,motor,online,2,1,10.6,1292.98,21.0,0
CL006856,A2,motor,online,4,1,18.2,2701.33,27.5,0
CL006857,A11,motor,online,2,0,4.6,7282.15,26.2,0
CL006858,A26,motor,online,4,0,6.7,1600.87,27.0,0
CL006859,A15,health,online,3,0,10.3,991.63,23.9,0
CL006860,A29,health,online,1,1,15.0,1772.43,25.4,0
CL006861,A25,health,online,2,0,13.5,753.25,21.3,0
CL006862,A11,health,phone,3,0,2.3,1732.96,34.9,0
CL006863,A16,motor,online,3,0,7.4,2511.72,25.3,0
CL006864,A20,property,phone,2,0,6.9,3023.04,18.5,0
CL006865,A9,motor,phone,1,0,18.2,3491.8,16.7,0
CL006866,A1,motor,online,3,3,3.9,532.32,21.3,0
CL006867,A22,property,online,5,2,12.4,2936.86,31.0,0
CL006868,A19,travel,online,5,0,9.0,3603.45,35.7,0
CL006869,A21,motor,phone,2,3,32.1,659.29,30.0,0
CL006870,A23,motor,phone,3,3,3.0,1122.72,23.5,0
CL006871,A17,motor,broker,5,0,8.0,4708.39,29.5,0
CL006872,A1,property,phone,5,0,2.8,3800.07,33.5,0
CL006873,A13,motor,broker,2,1,1.8,1173.15,18.1,0
CL006874,A0,motor,online,1,1,3.9,687.54,18.9,0
CL006875,A16,travel,online,2,1,11.7,5409.43,21.9,0
CL006876,A11,motor,broker,5,1,1.8,3726.03,54.1,1
CL006877,A20,health,phone,3,0,18.2,4804.31,22.8,0
CL006878,A8,health,online,3,1,6.8,2795.14,29.3,0
CL006879,A21,motor,phone,4,0,14.2,1704.99,35.9,0
CL006880,A16,motor,phone,5,1,4.7,1792.21,35.1,0
CL006881,A11,motor,online,3,3,22.1,1747.7,23.4,0
CL006882,A3,health,online,1,0,5.0,2115.96,15.4,0
CL006883,A24,property,broker,2,0,8.4,440.65,17.4,0
CL006884,A21,motor,online,3,0,13.7,710.35,26.4,0
CL006885,A17,motor,online,5,2,3.1,763.45,53.2,1
CL006886,A27,motor,phone,4,1,7.7,2880.11,25.5,0
CL006887,A11,travel,phone,1,0,3.1,357.32,14.0,0
CL006888,A19,property,phone,1,1,2.3,3661.74,33.5,1
CL006889,A25,health,online,5,0,5.6,4911.18,29.0,0
CL006890,A14,property,online,3,1,31.9,1529.96,38.5,0
CL006891,A14,motor,online,4,2,2.0,2098.79,38.9,0
CL006892,A15,motor,broker,5,3,3.6,1659.49,46.6,1
CL006893,A1,health,phone,5,2,4.4,4074.54,35.1,0
CL006894,A8,property,online,5,0,1.6,2161.71,29.3,0
CL006895,A11,health,phone,5,0,3.2,6994.26,31.9,0
CL006896,A10,property,phone,4,0,0.7,1323.71,41.8,0
CL006897,A25,motor,broker,4,0,32.2,12947.04,35.2,0
CL006898,A12,motor,broker,5,0,5.8,1543.43,31.8,0
CL006899,A17,motor,phone,4,0,4.7,836.87,30.8,0
CL006900,A27,travel,broker,4,2,6.3,4206.84,30.5,0
CL006901,A21,health,online,5,1,6.8,3457.58,52.4,1
CL006902,A0,motor,broker,3,0,7.0,1572.68,22.0,0
CL006903,A29,travel,online,1,0,2.8,853.56,21.2,0
CL006904,A24,motor,online,2,1,5.6,4226.43,24.7,0
CL006905,A20,motor,online,2,1,7.2,2613.81,17.3,0
CL006906,A16,health,online,4,0,1.3,2139.27,46.0,1
CL006907,A21,motor,phone,3,1,10.9,8624.37,22.0,0
CL006908,A22,motor,broker,4,0,23.0,2213.0,37.9,0
CL006909,A13,health,online,4,3,10.2,4701.04,49.8,1
CL006910,A12,health,online,5,0,1.2,5110.01,51.5,1
CL006911,A16,motor,online,3,0,14.3,4877.49,30.5,0
CL006912,A9,motor,broker,5,0,12.2,2329.63,49.0,1
CL006913,A7,motor,phone,5,0,5.5,3129.7,28.5,0
CL006914,A24,property,broker,5,0,6.4,655.18,50.6,1
CL006915,A2,health,online,3,0,37.2,1042.57,48.2,1
CL006916,A12,travel,phone,4,0,2.9,4570.59,36.6,0
CL006917,A18,property,broker,5,0,6.7,5590.0,36.0,0
CL006918,A21,property,phone,2,2,3.1,658.18,17.0,0
CL006919,A0,property,phone,5,0,4.1,2320.06,28.9,0
CL006920,A17,travel,phone,3,2,11.6,2836.43,42.1,1
CL006921,A8,travel,phone,2,1,12.0,3649.04,38.4,1
CL006922,A1,motor,phone,3,0,10.4,2450.42,26.8,0
CL006923,A5,travel,online,2,0,13.7,6665.68,33.9,0
CL006924,A22,motor,online,3,0,3.0,1216.75,25.9,0
CL006925,A18,property,online,2,0,7.6,499.67,19.7,0
CL006926,A24,motor,broker,1,0,20.5,1629.9,25.1,0
CL006927,A0,health,online,1,0,23.8,888.17,18.6,0
CL006928,A25,travel,online,1,1,4.1,593.04,12.2,0
CL006929,A4,motor,phone,1,1,3.5,2471.07,12.2,0
CL006930,A19,health,online,4,1,14.6,1907.49,27.2,0
CL006931,A6,property,phone,5,1,10.1,10872.35,31.0,0
CL006932,A16,health,online,4,0,16.7,807.88,35.7,0
CL006933,A19,property,online,1,3,10.4,6578.47,16.8,0
CL006934,A11,travel,phone,5,1,9.4,8147.93,41.5,0
CL006935,A14,motor,online,2,2,16.5,3269.33,19.7,0
CL006936,A8,property,broker,3,2,25.7,4805.46,27.2,0
CL006937,A8,property,online,2,2,8.5,1607.68,15.6,0
CL006938,A3,motor,online,3,1,6.2,9280.43,39.1,1
CL006939,A18,motor,broker,2,0,1.8,2122.14,16.9,0
CL006940,A16,motor,phone,4,0,1.7,12064.93,29.9,0
CL006941,A0,health,online,3,0,1.8,1916.29,22.4,0
CL006942,A9,motor,online,2,2,5.8,508.02,16.6,0
CL006943,A29,motor,phone,2,0,3.4,6007.33,20.4,0
CL006944,A21,motor,phone,5,2,17.2,3806.27,51.0,1
CL006945,A8,travel,online,5,0,21.5,3211.77,63.3,1
CL006946,A3,property,phone,5,2,3.7,25769.17,29.9,0
CL006947,A7,health,phone,4,2,4.5,4200.58,28.2,0
CL006948,A0,health,phone,1,0,24.9,2168.02,18.9,0
CL006949,A13,health,phone,1,1,3.0,1967.6,14.6,0
CL006950,A26,property,online,3,2,17.3,893.59,24.9,0
CL006951,A22,travel,broker,2,0,5.0,1783.25,16.1,0
CL006952,A20,property,phone,1,0,0.3,3286.4,13.0,0
CL006953,A9,property,phone,3,1,2.9,1470.15,23.2,0
CL006954,A23,property,online,1,0,5.9,602.04,14.2,0
CL006955,A2,motor,online,2,2,8.4,1473.43,18.6,0
CL006956,A3,motor,online,4,0,7.3,274.58,31.2,0
CL006957,A2,motor,online,1,0,3.0,3578.86,15.8,0
CL006958,A23,health,phone,3,0,19.0,6680.19,34.9,0
CL006959,A15,health,phone,4,0,4.0,6613.58,29.9,0
CL006960,A16,health,phone,5,2,9.0,3922.81,38.7,0
CL006961,A23,property,online,3,0,17.0,6489.83,34.1,0
CL006962,A29,travel,broker,1,1,14.1,469.4,14.1,0
CL006963,A21,property,phone,1,3,9.3,8215.18,42.8,1
CL006964,A3,motor,phone,4,0,12.3,328.15,30.3,0
CL006965,A25,property,online,3,2,9.9,207.05,53.3,1
CL006966,A11,motor,phone,4,1,11.8,9047.91,28.6,0
CL006967,A15,travel,phone,4,1,5.7,387.73,25.5,0
CL006968,A21,property,phone,1,2,6.9,3397.5,15.3,0
CL006969,A9,motor,online,4,0,4.3,1018.71,45.9,1
CL006970,A10,motor,phone,4,1,8.1,3927.41,32.2,0
CL006971,A1,property,phone,1,1,23.7,407.97,16.0,0
CL006972,A20,health,online,3,0,6.5,21625.3,23.3,0
CL006973,A18,motor,phone,2,1,6.6,1332.52,22.6,0
CL006974,A20,motor,broker,1,0,7.7,1002.22,37.3,1
CL006975,A0,motor,online,4,2,28.7,5087.33,51.7,1
CL006976,A9,property,phone,2,1,11.4,4372.1,18.8,0
CL006977,A11,health,online,2,1,30.0,8391.1,24.7,0
CL006978,A15,property,online,3,1,3.2,732.12,26.9,0
CL006979,A9,travel,online,4,2,3.4,5311.94,27.2,0
CL006980,A6,motor,online,5,0,3.2,3214.76,38.2,0
CL006981,A9,motor,online,4,0,3.7,1842.16,26.2,0
CL006982,A1,property,broker,5,0,2.9,4749.32,43.5,0
CL006983,A2,travel,online,4,2,3.9,632.54,24.0,0
CL006984,A23,property,online,3,0,3.8,2201.08,22.4,0
CL006985,A11,property,online,3,3,5.7,547.92,19.7,0
CL006986,A5,motor,online,3,0,8.2,10843.15,19.9,0
CL006987,A9,motor,phone,1,1,52.6,3542.15,26.8,0
CL006988,A7,motor,online,4,0,1.8,3479.2,45.1,1
CL006989,A12,travel,phone,1,1,11.5,1938.75,35.2,1
CL006990,A29,motor,online,4,1,2.3,666.53,29.7,0
CL006991,A22,property,broker,1,0,12.6,859.77,22.4,0
CL006992,A5,motor,phone,1,0,4.7,2071.25,11.2,0
CL006993,A29,health,online,2,2,30.3,1647.77,28.7,0
CL006994,A22,health,broker,2,1,5.8,2021.48,32.8,0
CL006995,A14,property,online,4,1,3.3,3867.93,35.8,0
CL006996,A26,property,online,2,0,4.2,1229.15,36.6,1
CL006997,A21,property,online,2,0,7.8,4048.28,20.8,0
CL006998,A19,motor,phone,2,1,3.6,1099.19,34.1,0
CL006999,A22,motor,phone,2,0,6.8,1036.43,19.3,0
