customer_id,tenure_years,age,region,channel,annual_premium,contacts_last_year,repeat_purchase,lapsed
C000000,16.5,34,north,broker,2475.33,2,1,0
C000001,3.72,50,west,bank,3706.63,2,0,0
C000002,8.1,56,north,broker,5300.05,2,0,0
C000003,5.29,46,north,agent,2366.64,3,0,0
C000004,4.33,48,north,agent,3851.88,4,0,0
C000005,8.55,49,south,agent,6497.08,1,1,0
C000006,11.6,39,east,agent,9724.37,2,0,0
C000007,3.41,40,south,broker,3207.64,3,0,0
C000008,1.18,71,east,broker,5008.9,0,0,0
C000009,1.86,49,west,bank,1568.91,2,0,0
C000010,22.1,49,east,agent,4352.41,0,0,0
C000011,8.37,33,east,agent,2940.86,0,1,0
C000012,2.4,52,west,agent,4961.91,1,1,0
C000013,1.13,29,west,direct,5320.17,0,0,0
C000014,7.74,42,north,direct,3241.19,3,0,0
C000015,4.93,32,west,agent,5960.01,0,0,0
C000016,5.05,59,south,agent,4688.27,1,0,0
C000017,1.92,23,east,bank,3500.25,1,0,1
C000018,1.95,36,south,direct,1420.52,1,0,0
C000019,1.37,31,west,agent,1085.99,1,0,0
C000020,6.85,45,south,direct,7524.99,2,0,0
C000021,3.15,61,south,bank,3709.96,4,0,0
C000022,9.39,66,north,bank,2892.27,1,0,1
C000023,3.66,57,west,direct,5719.8,0,0,0
C000024,7.62,51,north,agent,7000.23,3,0,0
C000025,1.74,20,east,agent,6707.12,6,1,0
C000026,4.2,34,west,broker,3431.66,3,0,0
C000027,3.87,65,west,agent,1381.68,3,0,0
C000028,1.24,57,west,agent,3135.07,1,0,0
C000029,5.16,44,south,broker,2894.49,3,0,0
C000030,1.71,44,south,broker,2057.16,4,0,0
C000031,1.17,27,east,bank,2078.51,4,1,0
C000032,3.08,39,south,direct,4872.74,1,0,0
C000033,3.64,53,east,bank,2135.01,3,0,0
C000034,9.37,72,west,agent,2287.52,1,0,0
C000035,7.68,50,west,direct,2109.35,4,1,0
C000036,2.41,59,west,agent,10400.49,1,0,0
C000037,5.01,51,west,agent,5425.12,5,0,0
C000038,2.6,20,east,direct,2815.26,4,0,0
C000039,10.04,30,south,broker,2444.54,0,0,1
C000040,0.99,39,south,agent,2919.15,4,0,0
C000041,3.65,18,east,bank,7108.15,2,0,1
C000042,1.46,57,east,broker,2423.17,3,0,0
C000043,8.7,76,east,direct,3962.23,1,0,0
C000044,8.54,69,north,direct,4806.74,0,0,0
C000045,7.99,53,west,agent,4081.27,1,1,0
C000046,0.79,18,west,agent,2612.07,0,0,0
C000047,2.1,41,south,direct,15602.72,4,0,0
C000048,4.98,18,north,agent,5027.78,4,0,0
C000049,1.86,59,east,broker,3300.33,2,0,0
C000050,5.88,40,north,agent,4127.33,1,0,0
C000051,4.3,29,north,broker,3380.36,2,0,0
C000052,8.56,43,north,agent,986.0,0,0,0
C000053,4.09,37,east,agent,6242.91,3,0,0
C000054,7.46,76,north,bank,4225.32,6,0,0
C000055,4.01,39,east,agent,2706.4,2,0,0
C000056,2.65,30,south,bank,3859.97,1,0,0
C000057,3.53,44,west,direct,2105.63,2,0,1
C000058,8.47,55,east,agent,8110.97,1,0,0
C000059,7.13,58,west,broker,3696.78,5,0,0
C000060,5.3,47,west,agent,8215.68,4,1,0
C000061,5.04,47,south,broker,4991.07,3,0,0
C000062,11.91,18,north,direct,8222.51,1,1,0
C000063,3.52,75,south,broker,8164.18,3,0,0
C000064,2.82,60,south,broker,2180.77,2,0,1
C000065,13.89,40,north,broker,3073.92,2,0,0
C000066,23.9,19,north,agent,4423.32,1,1,0
C000067,13.71,54,north,agent,8451.88,2,1,0
C000068,5.06,59,west,direct,5067.04,4,0,0
C000069,5.67,37,south,bank,16055.75,5,0,0
C000070,6.85,46,west,agent,2601.99,1,0,0
C000071,1.47,38,south,broker,3249.73,0,1,1
C000072,0.32,56,west,agent,13238.25,1,1,0
C000073,6.42,68,north,agent,2637.98,1,1,0
C000074,11.09,41,north,broker,1303.57,0,0,0
C000075,3.16,63,west,direct,6122.42,1,1,0
C000076,5.68,42,west,agent,4527.46,2,0,0
C000077,4.65,45,south,bank,818.82,1,0,0
C000078,0.6,39,east,agent,2038.0,1,0,0
C000079,5.11,39,west,agent,2041.21,2,0,0
C000080,5.03,23,south,bank,7571.24,3,1,0
C000081,1.44,50,west,bank,2727.52,3,0,0
C000082,2.73,42,east,direct,1425.99,2,0,0
C000083,4.89,36,north,agent,5254.08,3,0,0
C000084,4.77,35,east,agent,6333.18,6,0,0
C000085,3.46,27,east,bank,1824.11,2,0,0
C000086,7.16,40,west,direct,1643.65,2,0,0
C000087,4.61,53,north,agent,2419.49,2,0,0
C000088,18.56,45,north,bank,1500.04,2,0,0
C000089,3.65,40,west,agent,5762.52,2,0,0
C000090,9.64,35,north,bank,9815.38,2,0,0
C000091,3.87,42,west,agent,1840.98,2,0,0
C000092,12.27,31,east,bank,1279.38,4,0,0
C000093,1.86,46,east,broker,1969.93,3,0,0
C000094,5.99,54,north,direct,4060.47,1,0,0
C000095,4.35,48,south,broker,1644.89,3,0,0
C000096,5.12,37,east,bank,2429.02,1,0,0
C000097,7.13,61,south,agent,2500.89,2,0,0
C000098,2.51,53,south,agent,2782.96,1,0,0
C000099,5.72,49,south,bank,2306.02,0,0,0
C000100,10.76,49,north,bank,2234.7,2,1,0
C000101,7.54,37,west,bank,3596.12,2,0,0
C000102,5.96,18,west,bank,5253.21,0,0,0
C000103,2.49,62,south,bank,2568.64,3,0,0
C000104,20.75,41,south,agent,5266.57,3,1,0
C000105,6.34,47,north,agent,7322.21,0,1,0
C000106,3.05,48,south,agent,3493.66,2,0,0
C000107,0.84,35,south,agent,2499.73,0,0,0
C000108,5.81,51,south,direct,6069.83,4,0,0
C000109,1.94,73,east,agent,1224.76,0,1,0
C000110,2.77,62,west,agent,1631.82,2,0,0
C000111,7.64,67,south,direct,1553.58,3,1,0
C000112,6.02,43,west,bank,8545.92,4,0,0
C000113,4.55,33,north,agent,3516.07,5,1,0
C000114,2.82,38,east,bank,3168.92,0,0,0
C000115,10.63,46,north,bank,8903.31,2,0,0
C000116,9.58,64,east,direct,8923.94,2,0,0
C000117,5.22,36,south,agent,2685.6,3,0,0
C000118,6.28,33,north,direct,5565.38,1,0,0
C000119,1.7,41,south,broker,1865.36,0,0,0
C000120,3.81,46,east,agent,2366.14,0,0,1
C000121,1.89,51,west,direct,7365.2,2,0,1
C000122,5.12,50,north,agent,2192.54,2,0,0
C000123,9.16,18,west,broker,824.29,2,0,0
C000124,2.03,60,west,agent,4159.87,2,1,0
C000125,1.55,44,west,bank,3385.48,0,0,0
C000126,0.45,34,west,broker,9019.44,2,0,0
C000127,2.31,36,south,broker,1944.93,2,0,0
C000128,10.09,43,west,direct,2135.5,4,0,0
C000129,13.79,35,south,bank,3049.43,2,0,0
C000130,4.8,47,south,agent,1699.6,2,1,0
C000131,2.21,46,south,agent,3994.8,3,0,0
C000132,11.42,45,west,broker,4510.21,2,1,0
C000133,0.71,32,west,bank,3267.65,4,0,0
C000134,8.13,38,east,direct,2384.8,4,1,0
C000135,6.63,32,east,agent,7394.86,1,0,0
C000136,15.34,30,north,broker,4365.52,2,0,0
C000137,8.06,22,east,agent,4435.71,2,0,0
C000138,4.91,34,east,agent,2090.16,2,0,0
C000139,4.85,57,east,direct,4260.72,1,0,0
C000140,9.64,59,west,agent,3324.86,5,0,0
C000141,11.04,32,west,bank,3272.25,1,0,0
C000142,10.17,55,south,bank,5739.46,1,0,0
C000143,8.91,63,north,agent,1278.02,0,0,0
C000144,9.72,58,west,agent,11357.09,2,1,0
C000145,7.06,26,north,agent,3306.42,1,0,0
C000146,7.82,37,south,agent,8269.08,1,0,0
C000147,8.17,36,east,agent,5685.58,3,0,0
C000148,4.21,38,south,broker,1026.22,0,0,0
C000149,2.17,42,west,direct,5496.11,1,0,0
C000150,4.19,60,south,agent,2403.27,2,1,0
C000151,8.89,33,east,agent,3336.64,2,0,0
C000152,9.4,42,north,bank,12955.4,1,0,0
C000153,1.11,35,east,bank,2295.26,2,0,0
C000154,4.49,39,east,bank,2933.55,3,0,0
C000155,5.61,42,south,agent,1262.33,3,0,0
C000156,4.08,27,east,agent,3696.0,4,0,0
C000157,12.13,51,south,agent,4205.73,2,0,0
C000158,5.96,18,north,broker,6389.06,2,0,0
C000159,6.51,59,south,agent,1389.65,3,0,0
C000160,6.64,38,south,broker,4503.53,1,0,0
C000161,0.91,68,south,agent,8101.07,3,0,1
C000162,2.47,54,south,direct,5996.11,1,0,0
C000163,11.43,49,west,agent,4364.12,3,1,0
C000164,1.96,51,south,broker,5203.4,1,0,0
C000165,3.99,65,south,agent,4717.01,0,1,0
C000166,2.08,41,east,agent,2689.46,1,0,0
C000167,6.3,50,south,agent,4617.5,5,0,0
C000168,5.46,26,west,bank,2546.98,4,0,0
C000169,6.56,35,east,broker,10815.54,2,0,0
C000170,2.02,48,west,agent,908.24,1,0,1
C000171,2.19,37,south,bank,6037.67,1,0,0
C000172,7.03,30,west,bank,3931.57,2,0,0
C000173,5.01,34,east,direct,1462.7,1,0,0
C000174,4.96,50,north,direct,4630.2,1,0,0
C000175,1.58,55,south,direct,7265.66,1,0,0
C000176,9.58,33,east,agent,7290.67,1,1,0
C000177,11.79,43,north,broker,4503.61,0,0,0
C000178,9.43,30,north,agent,2877.27,3,1,0
C000179,2.72,30,west,broker,3324.04,1,0,0
C000180,4.43,56,north,broker,3807.07,0,0,0
C000181,5.19,69,north,agent,1994.52,6,0,0
C000182,10.6,45,north,direct,915.22,1,0,0
C000183,2.06,32,west,broker,5337.31,2,0,0
C000184,4.54,50,west,agent,658.59,0,0,0
C000185,9.14,41,east,agent,1024.74,1,0,0
C000186,6.22,33,north,bank,7532.2,1,0,0
C000187,5.8,40,west,agent,5332.15,0,1,0
C000188,1.78,46,west,agent,995.34,2,0,0
C000189,3.11,35,east,direct,8507.47,1,0,0
C000190,6.09,42,south,broker,4671.63,2,0,0
C000191,1.78,42,west,agent,15287.01,2,0,0
C000192,1.59,49,west,bank,11755.72,2,0,0
C000193,11.55,50,south,agent,4765.2,2,1,0
C000194,3.58,27,south,agent,4983.91,3,0,0
C000195,7.11,49,west,direct,4849.71,2,0,0
C000196,6.48,39,south,bank,2739.69,2,0,0
C000197,3.64,36,east,agent,1848.67,2,0,0
C000198,5.29,60,north,agent,3084.15,3,0,0
C000199,6.09,22,east,agent,3006.33,2,0,0
C000200,5.81,58,south,agent,3505.03,5,0,0
C000201,6.22,56,west,broker,3136.77,2,0,0
C000202,4.36,42,north,agent,2060.77,3,0,0
C000203,5.2,45,south,agent,3114.09,1,1,0
C000204,20.57,46,west,agent,4003.09,2,1,0
C000205,9.89,25,north,bank,1789.36,1,1,0
C000206,5.74,25,north,direct,2541.97,2,0,0
C000207,3.84,57,north,bank,3278.3,2,0,0
C000208,1.87,70,west,bank,6881.6,2,0,0
C000209,4.05,56,west,agent,2406.9,1,1,0
C000210,0.67,37,west,direct,7848.12,1,0,0
C000211,22.53,28,north,broker,2683.99,1,0,0
C000212,4.83,56,north,agent,2739.37,0,1,1
C000213,1.37,34,east,bank,10757.56,1,0,0
C000214,0.46,46,east,agent,8291.57,0,1,0
C000215,4.69,34,east,agent,3406.7,4,0,0
C000216,2.3,51,east,agent,2405.41,0,0,0
C000217,17.45,36,north,direct,9159.72,3,0,0
C000218,14.39,49,west,broker,4653.3,4,1,0
C000219,7.37,49,west,agent,8255.11,1,0,0
C000220,15.43,65,north,agent,1788.8,3,1,0
C000221,6.93,29,east,agent,3083.71,1,0,0
C000222,5.43,48,west,agent,3392.03,1,0,0
C000223,9.81,35,south,agent,3849.9,4,0,0
C000224,4.85,40,east,agent,5738.61,3,1,0
C000225,8.77,29,north,direct,2468.46,4,0,0
C000226,6.85,20,east,direct,5768.52,4,1,0
C000227,3.36,53,south,direct,2778.66,1,0,0
C000228,0.34,58,south,direct,5556.27,1,0,1
C000229,11.23,39,south,bank,3346.16,1,0,0
C000230,3.37,64,east,agent,4678.74,0,0,0
C000231,10.64,39,east,agent,2549.44,2,0,0
C000232,6.54,38,west,bank,3862.8,0,0,0
C000233,14.54,36,south,bank,3933.33,0,1,0
C000234,3.08,68,south,bank,5673.57,1,0,0
C000235,3.85,42,east,bank,2107.66,0,0,0
C000236,11.05,43,south,agent,5992.3,5,0,0
C000237,0.31,42,south,broker,9160.18,1,0,1
C000238,11.77,27,west,bank,1421.77,4,0,0
C000239,5.38,37,west,broker,2308.38,1,0,0
C000240,1.22,49,east,broker,5418.64,1,0,0
C000241,5.22,19,north,agent,4735.9,1,0,0
C000242,4.32,41,east,bank,3414.29,1,1,0
C000243,6.88,68,north,direct,5995.5,2,0,0
C000244,7.1,34,north,direct,5409.36,2,1,0
C000245,7.89,60,west,direct,3963.63,4,0,0
C000246,2.66,30,south,agent,5322.53,2,0,0
C000247,0.73,47,east,bank,1525.55,1,0,1
C000248,2.87,54,east,direct,3012.95,3,0,0
C000249,14.81,36,north,agent,3499.2,3,0,0
C000250,9.43,45,north,agent,1812.37,3,0,0
C000251,10.64,55,east,broker,6867.21,0,0,0
C000252,3.52,60,north,bank,7788.32,5,0,0
C000253,5.35,43,south,bank,2331.51,2,0,0
C000254,9.78,33,south,direct,7328.46,6,1,1
C000255,10.03,22,south,bank,1742.01,1,0,0
C000256,11.91,57,north,agent,14944.07,2,1,0
C000257,6.74,38,east,agent,3252.53,3,0,0
C000258,11.95,48,north,broker,1984.04,1,1,0
C000259,1.43,42,east,agent,3162.26,2,0,0
C000260,5.65,74,north,bank,1886.61,3,0,0
C000261,5.14,19,east,broker,5147.19,2,0,0
C000262,4.5,58,north,bank,2009.82,4,0,0
C000263,10.06,27,north,direct,1337.95,2,1,0
C000264,3.68,63,west,agent,2346.32,3,0,0
C000265,14.36,29,north,bank,8124.04,1,0,0
C000266,11.16,28,west,bank,10230.79,0,0,0
C000267,5.39,48,south,agent,2942.72,0,0,0
C000268,3.34,28,east,bank,4667.07,4,0,0
C000269,5.76,58,west,direct,2899.03,2,0,0
C000270,6.95,55,north,bank,3209.19,0,1,0
C000271,4.21,42,west,agent,2457.53,3,0,0
C000272,0.64,59,east,bank,4479.01,2,0,0
C000273,3.0,47,west,direct,4425.03,1,0,1
C000274,4.55,42,north,direct,5907.66,2,0,0
C000275,2.67,52,south,agent,2252.5,2,0,0
C000276,5.62,61,north,bank,2757.08,3,0,0
C000277,4.21,47,east,agent,5013.51,3,0,0
C000278,9.58,50,south,direct,3911.54,4,1,0
C000279,7.55,33,east,agent,2062.96,0,0,0
C000280,6.53,31,east,agent,3528.98,3,0,0
C000281,1.25,36,east,bank,5304.93,1,1,0
C000282,1.6,41,west,agent,5110.45,2,0,0
C000283,5.32,41,south,bank,1506.89,0,0,0
C000284,7.84,39,south,broker,2183.85,1,1,0
C000285,6.76,51,east,bank,3009.65,4,0,0
C000286,2.73,64,west,bank,1324.22,1,1,0
C000287,7.51,50,north,direct,7167.93,1,0,0
C000288,8.4,59,north,direct,4814.3,3,0,0
C000289,10.53,54,east,broker,4787.57,2,0,0
C000290,7.87,40,north,agent,3809.45,1,0,0
C000291,4.05,35,west,agent,5443.28,2,0,0
C000292,5.52,29,west,agent,5682.64,3,0,0
C000293,5.09,56,south,bank,2561.69,1,0,1
C000294,3.46,52,west,bank,5604.94,3,1,0
C000295,1.02,62,west,agent,3958.85,1,0,0
C000296,1.12,48,west,bank,4182.98,2,0,0
C000297,13.45,37,south,agent,2829.04,2,1,0
C000298,0.96,33,east,agent,6568.39,0,0,0
C000299,3.69,38,south,direct,3533.05,4,0,0
C000300,1.42,45,west,broker,3730.91,1,0,0
C000301,4.26,46,north,agent,4485.26,1,0,0
C000302,24.09,47,north,agent,2318.45,4,1,0
C000303,8.75,62,east,agent,4442.17,1,0,0
C000304,0.71,56,east,agent,3144.36,4,0,0
C000305,2.06,41,south,agent,4303.39,2,0,0
C000306,6.89,30,west,direct,3616.07,1,0,0
C000307,5.13,43,south,bank,1975.68,4,0,0
C000308,7.62,37,west,direct,6859.81,4,0,0
C000309,0.91,48,west,bank,895.4,3,0,0
C000310,5.58,56,north,broker,2090.06,1,1,0
C000311,8.16,48,north,direct,3751.18,3,0,0
C000312,6.82,49,north,bank,1636.7,0,0,0
C000313,1.71,62,south,bank,1635.14,1,0,0
C000314,3.73,31,east,direct,9138.03,2,0,1
C000315,2.99,40,west,agent,3324.66,2,0,0
C000316,2.28,33,south,bank,2137.99,2,0,0
C000317,2.06,43,east,agent,6631.77,5,0,0
C000318,5.13,45,east,direct,2046.26,4,0,0
C000319,1.29,55,south,agent,6507.48,2,0,0
C000320,14.65,69,north,bank,5494.2,6,0,0
C000321,1.86,44,south,agent,3359.16,1,0,0
C000322,2.45,27,south,agent,3052.53,2,0,0
C000323,7.81,41,south,agent,2194.71,1,0,0
C000324,6.2,35,south,bank,3811.97,1,0,0
C000325,6.46,25,north,agent,2359.7,3,0,1
C000326,3.42,54,west,agent,3214.8,4,0,0
C000327,5.62,18,east,agent,8577.27,3,0,0
C000328,0.59,56,west,direct,2413.56,2,0,0
C000329,1.89,80,west,agent,5378.89,3,0,0
C000330,4.86,46,south,bank,3095.12,1,0,0
C000331,4.89,64,north,agent,3249.56,4,1,1
C000332,3.2,59,west,agent,9189.32,3,0,0
C000333,3.22,36,west,direct,1792.24,3,0,1
C000334,0.6,50,south,bank,3532.11,4,0,0
C000335,5.14,31,north,bank,7425.79,1,0,0
C000336,1.59,40,west,agent,4068.06,1,0,0
C000337,4.76,51,east,broker,6254.85,1,0,0
C000338,6.28,62,south,bank,7895.4,0,1,0
C000339,0.49,42,south,agent,4132.73,3,0,0
C000340,5.04,51,south,agent,1202.23,1,1,0
C000341,7.28,68,north,agent,2630.22,1,0,0
C000342,4.33,32,north,agent,2730.15,1,0,0
C000343,4.17,58,south,agent,2707.12,0,0,0
C000344,6.09,18,north,bank,5148.46,0,0,0
C000345,2.09,32,south,agent,725.7,4,0,0
C000346,6.38,52,east,agent,6675.8,4,0,0
C000347,8.26,18,west,broker,16196.4,4,0,0
C000348,8.01,34,north,agent,9266.68,2,0,0
C000349,11.41,37,east,bank,2892.65,3,0,0
C000350,0.75,45,east,bank,8745.76,4,0,0
C000351,10.05,49,north,agent,4748.15,3,0,1
C000352,2.35,58,west,agent,6041.1,2,1,0
C000353,4.01,52,south,broker,5521.75,2,0,0
C000354,7.67,44,north,bank,8242.68,2,1,0
C000355,11.43,60,east,bank,6634.76,1,1,0
C000356,4.2,19,east,direct,4251.2,4,0,0
C000357,0.79,68,west,broker,4728.41,0,0,0
C000358,4.45,36,south,agent,10541.58,1,1,0
C000359,6.19,41,west,direct,3038.79,1,0,0
C000360,0.56,83,east,agent,2756.43,2,0,0
C000361,4.12,55,west,agent,2840.19,3,0,0
C000362,6.34,45,west,broker,7888.57,3,0,0
C000363,3.27,38,west,agent,1571.92,4,0,1
C000364,0.64,54,east,agent,3249.69,1,0,0
C000365,3.84,35,south,bank,2283.25,2,0,0
C000366,6.59,59,north,direct,3043.68,2,0,0
C000367,7.94,46,west,direct,5493.34,2,0,1
C000368,1.87,58,east,agent,5272.8,6,0,0
C000369,1.86,25,west,agent,2044.28,0,0,0
C000370,4.47,44,west,agent,1489.64,4,0,0
C000371,4.17,18,east,agent,2195.63,3,0,0
C000372,3.02,50,west,direct,1952.67,4,0,0
C000373,4.14,34,north,agent,3077.3,3,0,0
C000374,0.54,39,south,agent,4728.37,3,0,1
C000375,1.23,57,west,direct,1734.78,2,1,0
C000376,3.04,35,south,agent,11269.92,3,0,1
C000377,3.28,35,south,bank,1297.22,3,0,0
C000378,1.85,62,south,bank,2063.16,1,0,0
C000379,1.96,24,east,agent,3710.83,6,0,1
C000380,1.07,63,south,bank,5592.5,1,0,0
C000381,1.93,51,west,agent,3855.76,1,0,0
C000382,5.27,45,south,broker,17154.59,1,0,0
C000383,2.82,54,east,direct,6852.3,1,0,0
C000384,4.33,41,north,direct,3044.23,4,0,0
C000385,4.05,52,east,broker,4694.48,3,0,0
C000386,4.2,64,east,agent,3804.23,2,0,0
C000387,6.48,43,east,broker,3038.35,2,0,0
C000388,0.46,44,south,direct,6933.41,2,0,1
C000389,8.31,51,east,agent,1764.4,2,0,0
C000390,9.15,41,south,broker,2474.47,0,0,0
C000391,10.1,54,south,agent,3450.2,3,0,0
C000392,4.78,36,west,agent,2748.37,4,0,0
C000393,11.27,32,west,agent,3346.12,0,1,0
C000394,8.79,40,north,agent,6075.23,0,0,0
C000395,9.88,38,south,agent,1119.16,2,0,0
C000396,12.74,42,east,agent,2752.01,1,1,0
C000397,4.65,54,north,agent,2031.42,2,0,0
C000398,5.97,45,north,bank,4691.78,0,0,0
C000399,10.39,19,north,bank,3989.86,1,0,0
C000400,6.35,51,east,broker,5547.38,0,0,0
C000401,5.07,26,south,agent,3025.16,1,0,0
C000402,7.96,46,east,bank,6920.21,1,0,1
C000403,5.81,32,north,direct,2982.25,0,0,0
C000404,2.75,71,west,bank,2045.5,1,0,0
C000405,0.74,44,east,bank,4711.8,2,0,0
C000406,7.35,41,south,direct,1493.35,4,0,0
C000407,9.67,63,west,direct,4548.23,1,0,0
C000408,3.68,60,north,broker,2365.33,2,0,0
C000409,1.81,18,west,direct,3376.11,1,0,0
C000410,2.65,47,west,broker,2284.28,2,0,0
C000411,3.01,41,east,agent,3425.43,0,0,0
C000412,6.73,50,west,agent,2367.8,2,1,0
C000413,7.88,26,north,direct,4146.02,1,0,0
C000414,5.02,29,north,agent,4568.06,0,0,0
C000415,5.33,44,west,agent,6057.33,3,1,0
C000416,4.64,43,north,agent,3470.76,2,1,0
C000417,4.15,60,east,agent,3311.95,3,1,0
C000418,1.21,46,east,direct,6466.19,2,0,1
C000419,3.99,27,east,direct,3906.39,1,0,0
C000420,2.7,53,south,broker,920.47,3,0,0
C000421,5.16,29,west,agent,3062.07,2,0,0
C000422,3.13,60,west,agent,3374.5,2,0,0
C000423,6.43,48,west,agent,3578.64,1,0,0
C000424,5.58,30,north,agent,5361.25,1,0,0
C000425,5.27,51,east,direct,2367.75,1,0,0
C000426,9.3,27,north,agent,3473.88,0,0,0
C000427,2.8,33,west,bank,8654.38,0,1,0
C000428,2.82,57,south,agent,4625.95,1,1,0
C000429,5.68,41,north,broker,4914.9,1,0,1
C000430,2.99,40,west,agent,3870.46,3,0,0
C000431,6.15,45,west,agent,1540.0,2,0,1
C000432,6.06,69,east,agent,3098.85,1,1,0
C000433,9.79,51,west,bank,5343.74,1,0,0
C000434,3.51,51,south,broker,1908.26,2,1,0
C000435,15.29,21,south,bank,2539.83,3,0,0
C000436,5.16,51,south,broker,3235.39,4,0,0
C000437,3.23,53,east,broker,1869.52,2,0,1
C000438,6.61,67,south,broker,1207.95,3,0,0
C000439,12.8,58,east,agent,4548.38,4,0,0
C000440,17.4,18,west,agent,7085.48,0,0,0
C000441,5.76,33,north,bank,2456.63,4,0,0
C000442,5.97,52,west,broker,2739.23,2,0,0
C000443,7.53,52,west,direct,5673.35,5,0,0
C000444,6.28,23,north,agent,2633.9,6,0,0
C000445,7.09,38,west,bank,4133.27,1,0,1
C000446,10.7,41,north,broker,1691.29,1,1,0
C000447,6.79,51,north,agent,4522.25,1,1,0
C000448,5.62,68,north,agent,1282.96,3,0,0
C000449,4.76,26,north,bank,1852.13,3,1,0
C000450,1.26,26,south,agent,1944.0,1,0,0
C000451,5.68,48,south,broker,14281.33,1,1,1
C000452,2.62,39,east,broker,3740.77,2,0,0
C000453,3.51,45,west,agent,4952.13,1,0,0
C000454,1.75,45,south,bank,4695.5,2,0,1
C000455,5.03,45,west,direct,1832.33,1,0,0
C000456,6.04,24,west,direct,3557.76,0,0,0
C000457,4.72,25,east,direct,3984.52,1,0,0
C000458,0.96,59,west,agent,4797.22,1,0,0
C000459,12.73,61,east,bank,5748.79,4,0,0
C000460,6.28,43,north,agent,3114.54,1,0,0
C000461,1.17,60,west,broker,3576.69,2,0,1
C000462,7.87,18,south,agent,5900.76,3,0,0
C000463,3.27,53,south,agent,1284.01,0,1,0
C000464,2.51,22,east,direct,8721.62,3,0,0
C000465,9.01,32,west,agent,1312.58,4,1,1
C000466,5.42,52,east,broker,4982.28,3,0,0
C000467,7.23,45,north,direct,2057.68,1,0,0
C000468,11.31,46,west,agent,2960.51,0,0,0
C000469,3.13,38,east,bank,2458.58,1,0,0
C000470,1.7,30,south,agent,5011.08,2,0,0
C000471,1.65,42,west,agent,1662.38,0,0,0
C000472,5.81,66,south,agent,6661.42,3,0,0
C000473,1.93,52,east,agent,6021.77,1,0,0
C000474,6.29,40,south,bank,7133.24,1,0,0
C000475,13.15,72,north,direct,1506.06,3,1,0
C000476,3.76,24,north,bank,8939.86,1,0,1
C000477,2.7,58,west,bank,4563.49,1,0,0
C000478,7.87,32,south,agent,5722.37,2,1,0
C000479,0.56,18,east,bank,4213.72,2,0,0
C000480,11.87,31,east,broker,2653.62,2,0,1
C000481,6.48,18,north,direct,5000.88,2,0,1
C000482,8.0,35,north,bank,929.0,3,0,0
C000483,9.97,44,west,bank,3786.51,3,1,0
C000484,4.76,53,south,bank,2815.0,1,0,0
C000485,8.16,31,west,broker,3314.71,3,0,0
C000486,2.62,46,south,agent,4312.9,4,1,1
C000487,11.26,67,east,direct,1294.09,0,0,0
C000488,1.54,50,west,direct,8604.48,3,0,0
C000489,7.6,46,east,agent,3227.0,3,1,0
C000490,3.12,47,south,bank,1511.78,0,0,0
C000491,3.09,56,west,agent,2648.45,2,0,0
C000492,3.99,49,west,agent,4516.45,1,0,0
C000493,4.36,43,south,agent,6844.78,0,1,0
C000494,7.0,34,west,direct,5231.48,1,0,0
C000495,4.71,31,north,agent,3785.26,3,0,0
C000496,1.0,35,east,broker,2817.92,2,0,0
C000497,1.43,53,east,agent,2413.37,1,0,0
C000498,7.52,51,west,bank,4083.54,0,0,0
C000499,7.47,50,north,agent,1871.98,2,1,0
C000500,10.38,48,north,agent,3734.6,3,1,0
C000501,11.56,25,west,bank,3594.51,2,0,0
C000502,1.67,55,south,agent,2254.07,1,0,0
C000503,1.19,33,south,direct,9400.58,2,0,1
C000504,12.48,18,north,bank,3774.9,2,0,0
C000505,19.57,55,east,bank,2571.21,4,1,0
C000506,15.96,50,west,broker,3028.99,1,0,0
C000507,4.74,30,east,bank,2003.14,0,0,0
C000508,1.71,41,east,bank,4495.03,1,0,0
C000509,4.3,43,north,agent,3242.6,0,1,0
C000510,5.38,49,east,bank,13387.2,1,0,0
C000511,4.15,33,east,agent,3162.94,3,0,0
C000512,4.33,37,north,direct,3323.85,0,1,0
C000513,3.12,40,west,bank,11102.16,2,0,0
C000514,11.11,46,west,agent,2185.26,0,0,0
C000515,5.8,48,west,agent,2132.47,4,1,0
C000516,0.96,59,east,bank,2609.29,6,0,0
C000517,1.56,40,east,bank,7581.08,4,0,0
C000518,1.51,49,west,direct,2976.31,3,0,0
C000519,5.49,51,south,bank,4220.69,1,0,0
C000520,14.8,42,west,broker,2140.4,3,1,0
C000521,8.28,52,east,bank,2200.95,4,1,0
C000522,16.69,40,south,bank,1087.84,2,0,0
C000523,2.91,25,east,bank,1772.1,1,0,1
C000524,5.62,56,south,agent,1701.24,0,0,0
C000525,11.41,56,south,bank,2423.36,1,0,0
C000526,0.6,55,south,broker,4303.13,0,0,0
C000527,4.83,38,west,direct,3520.26,1,0,0
C000528,1.62,52,south,agent,8498.99,1,0,0
C000529,4.02,38,south,agent,6032.34,3,0,1
C000530,5.04,62,east,agent,1233.82,1,0,0
C000531,3.84,50,west,direct,2562.95,4,0,1
C000532,5.37,22,north,direct,6679.6,2,0,0
C000533,7.44,42,south,agent,3150.2,4,0,0
C000534,7.8,48,west,broker,1790.78,0,0,1
C000535,2.35,33,west,bank,5319.18,0,0,0
C000536,4.33,22,east,direct,6075.38,1,0,0
C000537,5.89,45,south,agent,3584.79,4,1,0
C000538,2.57,33,west,broker,3198.14,2,0,0
C000539,9.68,32,north,agent,7628.3,0,0,0
C000540,3.85,29,north,broker,3026.96,1,0,0
C000541,0.49,32,west,bank,3541.83,0,0,0
C000542,6.85,36,west,agent,2287.64,3,1,0
C000543,4.62,42,north,direct,9590.89,2,1,0
C000544,13.89,44,west,broker,12012.42,4,0,0
C000545,2.25,36,east,agent,4546.31,1,0,0
C000546,2.52,18,west,agent,3358.85,2,0,0
C000547,1.44,60,south,broker,2369.6,2,0,0
C000548,3.94,25,west,broker,4365.16,4,0,0
C000549,0.99,37,south,bank,2475.55,0,0,0
C000550,2.48,48,east,agent,6721.09,0,1,0
C000551,0.25,58,east,broker,3664.32,1,0,0
C000552,7.78,55,south,agent,4502.75,3,1,0
C000553,8.06,77,north,agent,3224.72,0,0,0
C000554,4.64,44,west,agent,1417.92,2,0,0
C000555,9.76,49,north,agent,5024.23,2,1,0
C000556,5.1,44,west,bank,5142.43,3,1,0
C000557,3.6,47,south,bank,4279.3,0,0,0
C000558,1.48,54,south,bank,4724.49,0,1,0
C000559,0.72,46,east,agent,2355.98,1,0,0
C000560,6.71,47,south,agent,2124.15,2,0,0
C000561,9.13,31,north,agent,1107.83,6,0,1
C000562,16.4,39,north,direct,1883.13,1,1,0
C000563,6.28,45,north,direct,3405.02,1,0,0
C000564,1.16,47,west,agent,6309.95,1,0,0
C000565,10.83,38,east,agent,4495.89,1,1,0
C000566,7.45,53,north,agent,2059.87,1,0,0
C000567,16.05,53,east,agent,1772.14,4,1,0
C000568,2.27,46,west,direct,5138.8,0,0,0
C000569,3.03,45,south,direct,1854.32,1,0,1
C000570,1.21,66,south,bank,4797.74,2,1,0
C000571,6.25,43,east,agent,4231.73,1,0,0
C000572,8.51,48,north,agent,2443.69,0,0,0
C000573,7.73,52,west,bank,2187.58,1,0,0
C000574,8.83,44,east,direct,2952.35,4,0,0
C000575,6.66,44,north,bank,4046.53,2,0,0
C000576,5.3,66,south,bank,1754.16,0,0,0
C000577,10.47,50,north,agent,6358.59,3,1,0
C000578,12.46,58,south,agent,1846.17,5,0,0
C000579,1.38,21,west,agent,1718.51,3,0,0
C000580,3.44,47,west,agent,8346.72,4,0,1
C000581,3.6,31,west,agent,5267.96,2,0,0
C000582,2.16,56,south,bank,5667.41,0,0,0
C000583,3.63,60,south,agent,1166.62,4,0,0
C000584,13.8,46,north,broker,3160.64,0,1,0
C000585,2.95,42,west,bank,2075.64,0,0,0
C000586,6.37,41,west,broker,1984.25,2,0,0
C000587,2.98,48,west,agent,3007.31,1,0,0
C000588,7.13,28,north,broker,3058.6,1,1,0
C000589,5.38,44,west,agent,1909.4,1,0,0
C000590,3.57,31,west,direct,5732.83,2,0,0
C000591,0.6,58,east,broker,7622.5,4,0,0
C000592,1.19,47,south,bank,6256.84,1,1,1
C000593,6.16,58,north,bank,2026.28,1,0,0
C000594,5.53,37,west,agent,2354.6,1,0,0
C000595,5.49,34,east,direct,2829.57,5,0,0
C000596,4.81,43,east,agent,5778.32,3,0,1
C000597,10.17,61,west,agent,6097.51,1,1,0
C000598,4.53,43,south,agent,8585.85,3,0,0
C000599,5.47,55,west,broker,10885.81,4,0,0
C000600,1.63,30,west,direct,2295.2,2,0,0
C000601,4.47,36,north,agent,1987.0,2,0,0
C000602,4.54,23,north,bank,12454.08,0,0,0
C000603,5.99,57,north,direct,5116.43,0,0,1
C000604,11.19,49,west,agent,3432.16,2,1,0
C000605,10.69,32,west,agent,3687.51,4,0,0
C000606,6.1,31,south,agent,3779.67,1,0,0
C000607,5.07,31,north,agent,3771.63,3,0,0
C000608,7.3,53,west,direct,5196.74,4,0,0
C000609,4.65,44,south,agent,3865.64,2,0,0
C000610,2.65,37,west,broker,1875.85,2,0,0
C000611,8.66,39,north,direct,1359.99,3,1,0
C000612,6.95,40,west,bank,12898.18,2,0,0
C000613,0.6,35,south,agent,863.3,4,0,0
C000614,7.02,45,south,agent,2504.7,4,0,0
C000615,8.55,29,south,bank,1022.47,0,0,0
C000616,0.81,44,south,direct,5278.09,2,0,0
C000617,8.64,27,north,broker,5590.65,2,0,0
C000618,5.87,66,east,broker,1950.9,5,1,0
C000619,2.59,24,south,agent,1631.88,2,0,0
C000620,1.66,64,west,bank,5586.68,2,0,0
C000621,7.91,45,east,broker,2543.99,4,0,0
C000622,13.95,62,north,agent,2361.15,0,0,0
C000623,5.88,34,north,direct,4954.58,2,0,0
C000624,4.34,70,east,direct,6401.09,2,0,0
C000625,3.86,66,east,bank,1968.99,2,0,0
C000626,6.92,45,east,bank,8312.13,2,0,0
C000627,7.44,18,east,agent,4581.4,1,0,0
C000628,4.71,40,west,bank,3975.76,1,0,0
C000629,2.68,37,east,agent,2882.0,4,0,0
C000630,4.45,40,west,bank,3250.32,1,0,0
C000631,7.67,59,east,agent,3399.32,3,0,0
C000632,3.53,24,west,broker,7613.79,1,0,0
C000633,11.91,50,north,agent,4198.93,1,0,0
C000634,1.69,37,west,bank,2961.12,0,0,1
C000635,3.47,32,east,agent,612.37,5,0,0
C000636,11.84,58,north,direct,5763.73,1,1,0
C000637,2.13,44,east,direct,2310.99,6,1,0
C000638,7.54,68,north,agent,2568.52,1,1,0
C000639,4.29,47,east,agent,11419.52,1,0,0
C000640,3.82,51,south,agent,12371.3,3,0,0
C000641,0.37,61,east,bank,2238.23,2,0,0
C000642,6.38,34,south,bank,5107.02,3,0,0
C000643,7.08,64,north,agent,3979.56,2,0,0
C000644,6.56,21,east,bank,3211.97,2,0,0
C000645,9.28,30,north,agent,1665.55,2,1,0
C000646,5.65,37,south,bank,2227.37,3,0,0
C000647,3.54,38,south,agent,15157.54,4,0,0
C000648,1.67,47,south,bank,3140.4,2,0,0
C000649,8.91,65,west,agent,10987.79,0,1,0
C000650,4.88,52,north,direct,2091.9,0,0,0
C000651,12.46,43,north,bank,6041.57,0,0,0
C000652,7.42,23,south,direct,4538.93,3,1,0
C000653,1.69,43,south,direct,1449.67,1,0,1
C000654,4.32,44,north,bank,5178.16,1,0,0
C000655,0.76,70,west,bank,8050.84,7,0,1
C000656,2.2,52,west,direct,8568.53,0,0,0
C000657,8.45,50,north,agent,1365.99,1,0,0
C000658,4.21,57,east,agent,5519.44,1,0,0
C000659,9.3,41,east,bank,4000.93,7,0,0
C000660,3.84,50,south,bank,3622.36,1,0,0
C000661,6.72,50,east,direct,1149.07,2,1,0
C000662,4.98,43,north,direct,2787.0,2,0,0
C000663,13.56,32,north,agent,2195.87,1,0,0
C000664,0.94,42,west,bank,7273.3,1,0,0
C000665,7.0,64,north,broker,1688.75,2,0,0
C000666,1.81,53,south,agent,2659.01,1,0,0
C000667,8.91,72,north,direct,2687.75,0,0,0
C000668,5.87,41,east,bank,7985.21,1,0,0
C000669,0.65,57,south,direct,4194.72,1,0,1
C000670,8.01,33,west,bank,4409.66,1,0,1
C000671,1.03,58,west,agent,1405.98,2,1,0
C000672,5.25,40,north,direct,988.14,3,0,0
C000673,7.49,58,south,broker,3354.53,3,0,0
C000674,11.04,30,south,broker,4869.37,3,0,1
C000675,10.11,46,east,agent,4165.96,2,0,0
C000676,5.56,39,west,broker,4881.17,1,0,0
C000677,1.19,49,south,bank,2234.53,4,0,0
C000678,4.6,44,south,bank,2627.46,1,0,1
C000679,6.52,47,south,agent,3779.48,2,0,0
C000680,0.73,65,west,direct,5117.89,3,0,0
C000681,4.94,47,north,direct,3811.64,0,0,0
C000682,7.54,57,north,bank,1841.83,2,0,0
C000683,5.85,18,north,direct,4150.33,3,0,0
C000684,1.42,61,west,broker,5417.91,2,1,0
C000685,1.91,44,west,broker,5102.81,2,0,0
C000686,10.34,54,west,direct,10368.57,1,1,0
C000687,4.27,61,south,agent,4696.39,1,0,0
C000688,2.57,46,south,direct,3097.15,2,0,1
C000689,2.6,53,south,agent,1401.78,1,0,0
C000690,1.46,44,east,agent,2994.54,2,0,0
C000691,6.57,50,south,direct,11365.52,1,0,0
C000692,4.31,49,west,direct,4346.5,3,0,0
C000693,2.99,52,west,broker,10662.36,1,1,1
C000694,2.61,44,west,agent,12645.25,1,0,0
C000695,0.19,44,south,direct,5489.53,1,0,0
C000696,7.72,41,north,agent,414.52,1,1,1
C000697,16.38,39,west,agent,929.26,3,0,0
C000698,18.85,56,west,agent,3037.93,2,1,0
C000699,2.2,30,west,direct,4955.26,2,0,0
C000700,7.64,42,north,direct,1965.65,1,1,0
C000701,2.02,53,south,agent,2573.7,2,1,0
C000702,7.81,54,west,bank,6803.41,4,1,0
C000703,2.2,28,east,broker,2107.47,1,0,1
C000704,6.57,53,east,agent,4925.26,2,0,0
C000705,4.32,53,east,direct,3063.66,1,0,0
C000706,8.59,19,east,direct,5094.27,4,0,0
C000707,14.52,27,south,direct,3017.33,1,0,0
C000708,5.82,28,east,direct,6720.3,1,0,0
C000709,0.54,40,west,broker,2570.02,0,0,0
C000710,5.61,63,south,bank,3429.57,2,0,0
C000711,13.0,38,south,agent,6427.24,0,0,0
C000712,6.85,27,east,bank,6517.46,1,0,0
C000713,7.0,35,east,direct,12177.2,3,0,0
C000714,7.5,34,south,agent,6154.37,0,0,0
C000715,1.49,43,east,agent,6050.45,6,1,0
C000716,1.25,52,south,direct,5189.77,1,1,0
C000717,1.56,51,south,bank,3380.74,1,0,0
C000718,10.89,40,north,bank,3121.46,1,0,0
C000719,3.94,18,east,agent,2061.96,1,0,0
C000720,2.98,36,west,direct,4386.66,2,0,1
C000721,3.44,31,south,agent,1393.93,3,0,0
C000722,5.15,60,west,agent,4572.07,3,1,0
C000723,11.56,42,west,bank,2396.88,1,1,0
C000724,4.61,40,east,broker,4917.85,1,1,0
C000725,3.19,49,west,agent,16182.55,3,1,0
C000726,16.76,37,south,direct,2488.95,3,0,0
C000727,7.78,52,south,broker,2829.37,2,0,0
C000728,1.79,47,west,direct,3808.03,2,1,0
C000729,13.96,60,north,agent,3287.06,1,1,0
C000730,7.0,50,east,agent,1970.77,2,0,0
C000731,4.71,43,west,direct,4828.5,1,0,0
C000732,6.85,63,north,agent,6297.66,3,1,0
C000733,4.08,39,north,direct,8548.02,1,1,0
C000734,7.26,18,north,agent,4158.24,1,0,0
C000735,8.85,39,north,agent,7371.38,2,1,0
C000736,7.97,55,east,direct,831.5,5,0,0
C000737,5.27,54,north,direct,697.19,1,0,0
C000738,8.53,51,west,direct,5204.22,2,0,0
C000739,8.75,44,west,direct,5053.93,0,0,0
C000740,10.03,32,north,direct,2313.63,3,0,0
C000741,4.25,50,east,bank,3871.4,3,0,0
C000742,11.63,62,north,agent,16024.36,4,1,0
C000743,6.16,48,north,bank,3278.05,1,0,0
C000744,11.0,23,north,agent,4187.73,2,1,0
C000745,2.81,40,east,agent,1172.86,1,0,0
C000746,2.55,35,east,agent,4636.52,2,0,0
C000747,10.09,55,north,direct,1503.02,3,0,0
C000748,6.55,42,north,bank,3309.09,3,0,0
C000749,6.54,45,north,broker,2786.28,4,0,0
C000750,11.66,38,west,agent,9071.49,1,0,0
C000751,1.26,47,west,agent,5284.04,1,0,0
C000752,1.02,60,west,direct,2047.0,2,0,1
C000753,7.11,49,east,broker,5770.13,2,0,0
C000754,9.85,22,north,bank,3219.99,1,0,1
C000755,11.37,61,north,bank,989.9,4,0,0
C000756,4.48,26,west,agent,662.98,0,0,0
C000757,6.01,41,south,direct,12395.8,0,0,0
C000758,8.25,40,north,agent,2145.24,2,0,0
C000759,0.7,40,south,agent,2122.34,2,0,0
C000760,4.4,39,east,bank,6329.54,7,1,0
C000761,8.55,56,west,agent,2810.3,3,1,0
C000762,1.77,64,south,direct,4383.87,2,0,0
C000763,5.05,25,east,agent,3609.99,1,0,0
C000764,14.66,73,south,agent,6315.65,2,1,0
C000765,9.53,54,south,agent,6753.81,1,0,0
C000766,2.43,51,east,broker,5522.8,1,0,0
C000767,1.34,50,east,agent,8478.61,2,0,0
C000768,8.89,60,south,bank,3467.9,2,1,0
C000769,6.68,57,north,direct,1701.33,1,0,0
C000770,8.88,47,east,agent,4990.66,5,0,0
C000771,7.15,40,south,bank,2354.24,4,1,0
C000772,17.44,58,east,direct,14870.9,1,0,0
C000773,16.02,58,north,agent,969.85,2,1,0
C000774,4.33,47,north,bank,3665.01,1,0,0
C000775,5.62,76,north,agent,4574.82,1,1,0
C000776,2.86,48,west,agent,7202.08,3,0,1
C000777,3.7,44,east,broker,7678.5,1,0,0
C000778,8.73,18,west,agent,6486.06,1,0,0
C000779,1.76,62,west,agent,8748.84,4,1,0
C000780,15.31,39,west,bank,2969.18,1,0,0
C000781,3.27,33,south,bank,2660.79,4,0,0
C000782,0.96,49,east,bank,2484.43,2,0,0
C000783,0.13,51,west,agent,3690.09,1,1,0
C000784,1.0,50,west,direct,4453.55,4,0,0
C000785,3.28,34,west,bank,4024.28,2,0,0
C000786,4.69,47,east,bank,3633.88,1,0,0
C000787,0.98,39,east,direct,4467.92,1,0,0
C000788,1.27,32,south,agent,5691.41,1,0,0
C000789,2.78,40,east,direct,5763.32,1,0,0
C000790,4.33,34,south,agent,5076.09,2,1,0
C000791,9.97,63,east,bank,3351.3,2,0,0
C000792,7.71,22,north,agent,12982.24,0,0,0
C000793,7.52,23,north,direct,3601.94,4,0,0
C000794,9.69,51,east,agent,7295.53,1,0,0
C000795,8.74,36,north,direct,3867.93,2,0,0
C000796,6.45,33,north,bank,4449.82,6,0,0
C000797,3.37,27,west,agent,1958.2,1,0,0
C000798,3.26,37,north,agent,5368.78,0,1,0
C000799,2.84,38,east,agent,1027.53,4,0,1
C000800,2.55,43,west,agent,5098.29,4,0,0
C000801,7.1,51,south,agent,4546.33,0,1,0
C000802,1.51,43,south,agent,2610.63,2,0,0
C000803,5.14,54,west,direct,15172.66,2,0,0
C000804,7.76,39,west,direct,1272.14,3,0,0
C000805,12.76,52,east,broker,10202.39,3,0,0
C000806,4.94,47,west,broker,5738.09,2,0,0
C000807,6.02,49,east,direct,1535.24,2,0,0
C000808,11.84,36,south,agent,2109.96,1,0,0
C000809,1.73,34,west,broker,2135.11,2,0,0
C000810,3.11,32,south,direct,4223.31,2,0,0
C000811,4.91,44,east,agent,3255.13,1,0,0
C000812,5.22,34,east,agent,4974.31,0,0,1
C000813,5.43,59,south,broker,6730.17,3,0,0
C000814,1.26,34,south,agent,6156.54,0,1,0
C000815,1.46,57,east,bank,1788.32,0,1,0
C000816,6.07,37,south,broker,5255.86,2,0,0
C000817,8.66,35,south,bank,3212.11,1,0,0
C000818,7.01,43,east,agent,3140.18,1,0,1
C000819,2.22,40,south,direct,1082.43,0,0,0
C000820,3.23,42,east,broker,3811.69,1,0,0
C000821,6.01,25,north,bank,2047.25,4,0,0
C000822,24.19,48,west,broker,2417.77,1,1,0
C000823,6.32,53,east,direct,5422.93,2,0,0
C000824,7.69,63,south,bank,1957.93,1,0,0
C000825,6.93,67,south,broker,2266.01,1,1,0
C000826,5.59,38,east,broker,1405.36,0,0,0
C000827,3.99,40,south,direct,2944.01,3,0,0
C000828,5.71,81,north,agent,6087.92,2,0,0
C000829,9.88,20,north,agent,1639.69,1,1,0
C000830,1.16,46,south,direct,2490.36,4,0,0
C000831,5.54,34,north,agent,5912.56,3,0,0
C000832,5.54,36,south,agent,5663.91,2,0,0
C000833,3.23,47,west,agent,5068.59,5,1,0
C000834,8.14,52,south,agent,2609.72,1,1,0
C000835,4.36,26,north,agent,4454.1,2,0,0
C000836,2.59,36,east,agent,3439.47,3,0,0
C000837,9.0,43,east,direct,1893.37,4,0,0
C000838,7.51,48,north,agent,3697.19,3,0,0
C000839,6.67,46,south,bank,2337.03,5,1,0
C000840,7.75,55,north,agent,2619.23,1,0,1
C000841,8.98,52,east,bank,5436.4,0,0,0
C000842,8.5,42,south,agent,7383.18,0,0,0
C000843,1.32,32,west,direct,4009.6,4,0,0
C000844,3.27,68,south,bank,6073.63,5,0,0
C000845,10.14,35,west,bank,5285.83,1,1,0
C000846,4.07,54,west,agent,2221.52,1,0,0
C000847,1.67,79,west,broker,1449.73,4,0,0
C000848,7.35,45,south,direct,2140.78,3,0,0
C000849,4.03,38,east,bank,2752.07,3,0,0
C000850,7.88,53,east,bank,1916.56,5,0,0
C000851,0.35,44,east,bank,4548.58,3,0,1
C000852,1.97,26,east,broker,2431.91,4,0,0
C000853,8.16,63,south,agent,5806.83,1,0,0
C000854,0.48,45,south,direct,3278.89,2,0,0
C000855,3.84,54,west,bank,3096.64,1,0,0
C000856,19.08,29,west,bank,3520.92,1,1,0
C000857,0.57,57,east,agent,3589.45,1,0,1
C000858,2.5,30,east,direct,1136.39,0,0,0
C000859,10.59,37,east,direct,17459.45,4,0,0
C000860,3.72,54,north,direct,2063.69,1,0,0
C000861,5.75,64,south,agent,5279.56,1,1,0
C000862,3.84,33,west,agent,3948.78,3,0,0
C000863,2.45,38,south,agent,2788.83,0,0,1
C000864,0.88,18,west,agent,1630.63,1,0,1
C000865,6.01,25,north,agent,6691.3,2,0,0
C000866,2.0,42,east,agent,1060.87,3,0,0
C000867,11.92,45,north,agent,1859.2,1,1,0
C000868,11.45,40,east,agent,11206.63,2,1,0
C000869,2.11,73,south,agent,3692.05,2,1,0
C000870,3.29,21,south,agent,5123.09,4,0,0
C000871,6.52,36,east,agent,2834.7,0,0,0
C000872,2.88,45,south,broker,4070.71,0,0,0
C000873,5.53,44,north,bank,4647.62,1,0,0
C000874,4.86,34,north,agent,8115.9,5,0,0
C000875,6.87,35,south,bank,2489.91,1,1,0
C000876,3.47,66,south,direct,1963.31,1,0,0
C000877,10.88,48,north,bank,6406.41,2,1,0
C000878,9.26,70,south,direct,6350.82,1,1,0
C000879,6.87,46,south,agent,4072.42,0,0,0
C000880,3.73,49,north,agent,6109.36,3,0,0
C000881,1.29,36,south,agent,5055.31,0,0,0
C000882,3.07,51,west,bank,5074.3,3,0,0
C000883,4.11,34,west,direct,2540.51,5,0,1
C000884,8.94,40,east,direct,1855.05,2,1,0
C000885,9.46,39,south,broker,2108.13,4,0,0
C000886,1.2,41,south,bank,5156.5,2,0,0
C000887,4.13,50,north,agent,2989.8,3,0,0
C000888,2.0,51,east,bank,4932.46,2,0,0
C000889,7.97,61,south,direct,5333.67,2,0,1
C000890,6.65,40,west,bank,1954.99,3,0,0
C000891,6.4,63,west,direct,7111.14,1,0,0
C000892,8.85,45,west,bank,2353.42,4,0,0
C000893,3.31,40,north,agent,6252.41,1,1,0
C000894,10.4,31,east,bank,1087.29,2,0,0
C000895,6.5,44,west,bank,2881.19,2,0,1
C000896,3.13,59,east,direct,6498.29,2,0,1
C000897,4.11,31,north,agent,4105.52,1,0,0
C000898,9.93,47,north,agent,1106.68,2,0,0
C000899,1.83,34,south,agent,19948.2,3,0,0
C000900,8.94,55,north,bank,10502.93,2,0,0
C000901,3.03,27,south,broker,2237.37,5,1,0
C000902,4.34,52,south,broker,5211.83,0,0,0
C000903,8.15,56,west,direct,7945.67,1,0,0
C000904,7.04,42,west,agent,2081.46,3,0,1
C000905,3.4,51,east,direct,3165.94,1,0,0
C000906,18.25,49,west,bank,717.37,2,1,0
C000907,3.69,39,south,agent,1090.57,0,1,0
C000908,3.75,38,north,bank,2723.96,2,0,1
C000909,7.5,18,south,agent,5095.07,2,0,0
C000910,14.37,25,south,broker,13221.53,2,1,0
C000911,6.94,47,south,bank,6100.37,0,0,0
C000912,7.56,49,north,bank,3080.53,0,0,0
C000913,0.26,48,east,agent,1850.89,2,0,0
C000914,5.08,30,south,broker,5088.62,1,0,0
C000915,5.0,36,south,agent,2762.17,2,0,0
C000916,1.04,54,east,agent,7494.97,5,0,0
C000917,5.51,31,east,bank,4655.37,1,0,0
C000918,5.04,31,south,bank,2801.32,2,0,0
C000919,3.81,47,west,agent,1194.66,0,0,0
C000920,3.09,71,west,direct,4361.53,0,0,0
C000921,4.18,20,north,bank,2138.8,0,1,0
C000922,0.86,36,south,agent,3603.76,0,0,0
C000923,0.63,36,south,direct,2596.02,3,0,1
C000924,2.86,56,south,bank,5276.16,2,0,0
C000925,7.62,40,north,direct,6525.31,1,0,0
C000926,12.54,33,north,agent,3419.49,1,0,0
C000927,3.09,19,west,agent,2577.71,1,1,0
C000928,3.76,33,south,direct,2003.28,1,0,0
C000929,6.1,46,west,agent,1344.91,5,0,0
C000930,3.66,58,north,bank,5763.19,1,0,0
C000931,5.87,38,south,bank,3909.41,2,0,0
C000932,2.14,54,west,agent,3639.6,4,0,0
C000933,10.0,48,north,broker,1833.28,1,0,1
C000934,8.72,63,east,agent,3357.46,1,1,0
C000935,5.84,42,north,agent,5547.13,3,1,0
C000936,6.14,18,east,agent,8181.19,2,0,0
C000937,6.18,57,east,broker,1875.98,2,0,0
C000938,4.93,32,north,agent,1623.4,2,1,0
C000939,11.1,48,west,bank,5722.1,1,0,0
C000940,6.29,42,south,agent,6053.78,3,1,0
C000941,1.93,43,west,bank,1757.54,1,0,0
C000942,8.35,48,north,agent,3019.64,3,0,0
C000943,8.14,61,north,direct,5713.99,2,1,0
C000944,2.12,26,south,agent,6610.33,3,0,0
C000945,3.72,40,east,direct,12999.72,1,0,0
C000946,7.2,51,south,broker,2194.17,2,0,0
C000947,2.99,55,east,bank,5846.28,0,0,0
C000948,8.56,44,south,bank,2281.61,4,0,0
C000949,1.31,40,south,bank,6799.19,2,0,0
C000950,13.74,42,east,direct,2995.24,0,1,0
C000951,9.63,51,north,bank,5260.16,1,0,0
C000952,9.06,38,west,agent,1582.13,0,1,0
C000953,4.25,50,south,broker,2242.98,3,0,0
C000954,1.13,62,south,agent,5719.54,1,0,0
C000955,2.29,59,east,bank,2577.85,4,1,0
C000956,2.53,59,east,direct,3738.46,3,1,0
C000957,8.26,40,north,agent,7838.68,7,1,0
C000958,3.69,46,south,broker,6268.93,4,0,0
C000959,0.98,55,east,bank,2389.02,2,0,1
C000960,5.78,35,west,broker,4313.01,5,0,0
C000961,1.42,63,east,bank,1932.44,2,0,0
C000962,2.93,24,east,bank,3136.05,3,0,1
C000963,4.02,25,east,direct,1422.59,0,0,0
C000964,8.85,41,north,agent,2070.68,3,0,0
C000965,0.63,53,east,agent,2253.13,2,0,1
C000966,11.54,57,west,bank,4047.38,4,1,0
C000967,0.72,46,west,agent,11759.87,2,0,0
C000968,5.19,29,west,bank,4476.31,2,0,0
C000969,1.76,47,south,broker,5413.69,4,1,0
C000970,1.22,47,west,agent,5551.29,3,0,0
C000971,7.53,26,east,direct,1975.25,2,0,0
C000972,2.0,43,south,agent,3415.82,0,0,0
C000973,10.36,41,north,broker,9866.41,0,0,0
C000974,1.79,54,south,broker,2171.47,3,0,0
C000975,7.78,45,west,agent,5315.45,0,0,0
C000976,8.47,23,west,direct,1568.55,2,0,0
C000977,7.19,37,north,direct,8992.32,2,0,0
C000978,10.17,47,north,broker,2382.3,0,0,0
C000979,7.94,30,north,direct,4171.26,1,1,0
C000980,4.94,61,north,broker,10933.82,3,0,0
C000981,8.22,22,north,direct,4520.94,1,0,1
C000982,10.88,23,west,broker,3134.61,1,0,1
C000983,13.9,31,north,agent,6079.09,2,0,0
C000984,4.13,29,north,broker,1433.27,4,0,0
C000985,5.54,67,south,agent,2443.47,2,0,0
C000986,12.88,21,north,agent,2027.25,1,0,0
C000987,2.26,44,east,direct,7323.66,3,0,0
C000988,2.38,46,south,bank,3278.12,1,1,0
C000989,3.89,42,north,agent,2712.15,4,0,0
C000990,4.3,40,north,agent,2005.73,3,0,0
C000991,10.69,29,north,direct,2358.96,5,1,0
C000992,4.66,35,west,direct,3472.6,1,1,0
C000993,9.58,62,north,agent,5292.66,1,1,0
C000994,8.03,35,west,agent,4281.03,0,0,0
C000995,2.76,42,west,agent,4080.17,1,1,0
C000996,8.39,47,west,agent,6348.37,3,1,0
C000997,5.55,23,south,agent,13179.45,2,0,0
C000998,6.36,28,south,agent,6950.63,0,0,1
C000999,3.54,28,south,broker,5948.38,3,0,0
C001000,4.7,53,west,agent,4109.61,2,1,0
C001001,12.37,69,north,direct,1696.44,2,1,0
C001002,4.0,54,south,agent,5803.07,2,0,1
C001003,3.98,53,east,broker,1334.59,1,0,0
C001004,7.48,52,west,agent,4114.43,0,1,0
C001005,1.75,71,west,agent,6262.18,1,0,0
C001006,4.8,26,west,direct,2853.74,2,0,0
C001007,10.2,42,east,agent,12210.91,2,1,0
C001008,1.26,61,east,broker,9542.79,1,0,0
C001009,5.57,68,south,broker,6258.24,4,1,0
C001010,9.11,40,east,agent,2298.15,5,0,0
C001011,5.41,50,north,direct,1114.69,2,0,0
C001012,5.73,47,north,direct,3016.51,1,0,0
C001013,6.06,25,west,agent,7165.88,1,0,0
C001014,7.31,43,south,bank,3510.83,3,0,0
C001015,5.4,38,north,agent,3759.84,1,0,0
C001016,6.21,62,north,agent,3579.49,2,0,0
C001017,2.04,33,south,broker,1198.08,3,0,0
C001018,3.22,64,east,direct,3252.33,1,0,0
C001019,3.8,70,north,agent,2650.55,2,1,0
C001020,7.98,35,west,agent,5449.65,1,0,0
C001021,6.05,28,west,bank,1918.42,3,1,0
C001022,6.74,43,north,agent,2361.34,4,0,0
C001023,11.91,36,west,broker,1904.55,0,1,0
C001024,2.32,26,west,agent,1655.2,1,0,0
C001025,3.55,49,east,bank,2822.37,3,0,0
C001026,14.37,44,north,agent,4295.36,3,1,0
C001027,7.86,54,east,direct,5546.49,3,0,0
C001028,3.37,67,west,bank,6601.09,2,1,0
C001029,5.05,59,north,bank,5398.71,0,0,0
C001030,9.93,19,north,broker,1348.42,1,0,0
C001031,2.8,39,east,agent,6651.54,4,0,0
C001032,5.64,29,north,agent,3824.78,5,1,0
C001033,5.14,66,east,agent,2610.41,0,0,1
C001034,1.61,38,east,agent,2476.51,0,0,1
C001035,6.45,35,north,agent,6903.72,1,0,0
C001036,1.58,33,west,bank,4049.67,0,0,0
C001037,5.81,33,east,bank,19220.98,0,0,1
C001038,1.56,31,east,broker,2700.43,1,0,0
C001039,2.32,57,west,direct,2431.95,4,0,0
C001040,4.23,45,north,direct,7153.12,0,0,0
C001041,4.79,63,south,direct,27738.14,2,0,0
C001042,4.72,18,east,broker,4148.67,3,0,0
C001043,9.65,46,west,agent,1981.6,1,0,0
C001044,2.49,54,east,bank,2848.46,3,0,0
C001045,0.26,31,east,agent,1633.57,1,0,0
C001046,4.59,32,north,bank,3499.21,0,0,0
C001047,7.08,68,north,direct,7632.64,4,0,0
C001048,2.29,54,west,bank,5905.16,2,0,0
C001049,6.71,60,north,bank,2143.73,0,1,0
C001050,6.79,65,south,agent,10284.28,4,1,0
C001051,12.1,48,west,agent,2832.03,0,0,0
C001052,7.51,41,south,bank,2071.52,0,0,1
C001053,6.18,50,south,broker,3719.43,3,0,0
C001054,5.65,19,east,bank,3074.94,0,0,0
C001055,4.94,22,west,bank,7994.19,1,0,0
C001056,7.11,44,north,agent,3064.47,2,1,0
C001057,9.39,36,north,agent,4422.8,3,0,0
C001058,4.16,33,south,bank,2187.09,3,1,0
C001059,4.6,45,east,agent,4668.02,5,0,0
C001060,7.61,42,south,agent,1243.67,1,1,0
C001061,8.0,32,east,bank,4157.81,4,1,0
C001062,4.32,52,west,bank,9056.13,0,0,0
C001063,5.49,31,south,direct,5001.8,0,0,0
C001064,10.31,52,north,bank,2429.86,2,0,0
C001065,6.11,42,north,broker,6858.21,0,0,0
C001066,4.31,71,west,direct,6581.22,3,0,0
C001067,5.03,46,north,agent,1101.41,2,0,0
C001068,9.74,44,north,direct,9002.87,0,1,0
C001069,0.42,34,east,agent,4567.64,4,0,0
C001070,6.8,30,east,agent,2242.04,3,0,0
C001071,5.44,29,north,agent,1946.47,3,0,0
C001072,14.73,57,north,agent,3874.61,1,0,0
C001073,2.05,71,south,agent,2628.08,1,0,0
C001074,2.06,37,south,broker,5839.07,4,0,0
C001075,5.95,33,north,agent,1248.08,5,0,0
C001076,2.93,50,east,broker,15719.96,5,0,0
C001077,2.1,45,east,bank,1664.1,4,0,0
C001078,3.44,44,east,direct,1894.1,3,0,0
C001079,1.61,63,east,bank,3279.89,1,0,1
C001080,11.56,49,north,broker,2123.67,4,0,0
C001081,7.17,42,east,agent,6996.92,2,0,0
C001082,1.35,49,west,agent,4476.58,1,1,0
C001083,2.76,29,south,direct,1214.64,1,0,0
C001084,4.54,43,north,direct,3948.99,1,0,0
C001085,2.2,48,west,agent,2018.44,2,1,0
C001086,10.11,53,north,agent,3528.31,0,1,0
C001087,13.72,18,north,direct,2741.48,2,1,0
C001088,6.19,38,north,broker,3318.59,1,0,0
C001089,5.78,66,north,agent,1029.35,4,0,1
C001090,5.18,34,south,agent,6726.93,1,1,1
C001091,5.14,36,north,agent,1980.89,0,0,0
C001092,4.26,46,west,broker,5168.88,3,0,0
C001093,2.02,60,west,bank,1348.34,3,0,0
C001094,12.76,48,north,direct,3834.97,0,0,0
C001095,1.95,75,west,agent,4217.05,2,0,0
C001096,16.74,32,north,broker,4166.79,4,0,0
C001097,3.51,43,east,broker,2110.86,3,1,0
C001098,6.53,47,east,bank,3314.97,1,0,0
C001099,3.65,27,north,direct,2584.82,1,0,0
C001100,4.55,38,east,agent,8506.29,1,1,0
C001101,4.69,48,east,agent,4541.53,3,1,0
C001102,8.17,45,south,agent,3625.56,3,0,0
C001103,4.28,54,west,agent,1623.55,2,0,0
C001104,13.13,48,south,bank,4514.05,2,0,0
C001105,4.75,54,south,direct,5623.91,2,0,0
C001106,1.19,35,south,bank,6625.15,2,0,1
C001107,2.87,55,east,bank,5027.36,1,0,0
C001108,8.15,64,west,bank,3604.96,0,0,0
C001109,9.3,61,west,direct,1807.17,2,1,0
C001110,1.37,46,west,bank,2447.85,4,0,0
C001111,10.1,47,north,direct,12963.81,0,0,0
C001112,1.7,34,east,agent,9696.56,1,0,0
C001113,4.41,31,east,agent,5312.29,4,0,0
C001114,2.89,40,west,bank,3502.27,1,0,0
C001115,10.24,55,north,agent,3129.43,3,0,0
C001116,10.7,61,east,direct,9564.94,4,0,0
C001117,5.01,42,west,agent,4207.58,2,0,1
C001118,4.83,36,south,direct,5418.29,1,1,0
C001119,1.34,42,south,agent,1650.89,5,0,1
C001120,1.67,54,south,agent,3057.41,3,0,0
C001121,5.03,59,west,bank,5053.44,1,0,0
C001122,3.76,42,south,broker,3191.56,3,0,1
C001123,21.96,51,west,agent,3219.27,0,0,0
C001124,4.07,40,west,bank,3742.67,4,0,0
C001125,2.88,50,east,agent,6264.29,2,0,0
C001126,3.39,42,east,bank,2988.09,4,0,1
C001127,18.12,49,east,agent,2218.35,1,0,0
C001128,1.2,34,south,direct,1839.62,2,0,0
C001129,3.0,29,west,agent,4363.48,2,0,0
C001130,2.55,75,west,agent,3572.86,1,0,0
C001131,15.43,69,east,bank,3629.96,0,1,0
C001132,8.44,40,east,agent,2618.14,2,1,0
C001133,1.03,47,east,broker,5650.16,3,0,0
C001134,6.46,53,west,direct,5351.08,5,0,0
C001135,6.12,66,north,direct,3406.7,0,0,0
C001136,5.36,58,south,bank,2750.75,0,0,0
C001137,12.13,66,west,direct,3430.07,2,1,0
C001138,3.67,34,west,direct,3365.87,2,0,1
C001139,3.75,40,north,agent,3611.99,4,0,0
C001140,1.78,50,west,agent,1779.44,0,0,0
C001141,4.9,54,north,direct,1205.64,3,0,0
C001142,1.87,40,west,direct,4529.64,0,0,0
C001143,3.87,18,east,direct,1692.92,2,0,1
C001144,3.35,44,east,agent,11306.89,3,0,0
C001145,12.22,51,north,direct,3723.3,5,0,0
C001146,1.23,18,west,agent,1810.66,2,0,0
C001147,5.02,28,west,direct,5593.76,1,0,1
C001148,7.39,65,north,agent,2892.54,2,1,0
C001149,1.55,46,east,agent,2162.04,1,0,0
C001150,16.48,26,north,bank,5957.73,1,0,0
C001151,2.35,42,east,bank,1594.78,3,0,0
C001152,6.19,53,north,bank,3811.89,2,0,0
C001153,8.86,34,north,agent,5155.59,2,0,0
C001154,9.89,45,west,broker,6269.09,2,1,0
C001155,4.04,52,west,agent,3643.76,2,0,0
C001156,7.97,40,north,agent,14557.5,2,0,0
C001157,3.5,51,south,agent,2091.26,1,1,0
C001158,5.09,53,west,agent,5385.13,2,0,0
C001159,15.67,40,north,agent,7063.89,2,0,0
C001160,3.27,55,west,direct,2101.56,1,0,1
C001161,3.46,23,south,bank,3336.45,2,0,0
C001162,11.9,53,north,bank,3096.63,3,0,0
C001163,9.23,49,west,broker,3300.12,2,0,0
C001164,12.61,26,south,agent,7089.22,3,0,0
C001165,2.64,56,south,agent,10470.45,1,0,0
C001166,6.53,49,north,bank,5580.78,0,0,0
C001167,4.95,33,north,agent,5764.82,1,0,0
C001168,4.51,34,east,agent,4914.36,2,0,0
C001169,8.25,54,north,bank,3207.02,2,0,0
C001170,1.29,54,south,direct,5217.86,2,0,0
C001171,5.63,51,north,direct,3233.38,0,0,0
C001172,8.24,64,west,direct,9800.44,0,0,0
C001173,1.76,48,east,agent,6405.42,4,0,0
C001174,10.18,46,north,agent,3094.74,3,1,0
C001175,8.45,61,east,bank,3178.38,3,0,1
C001176,5.86,55,east,bank,1798.71,6,0,0
C001177,7.4,46,east,bank,3868.08,3,0,0
C001178,4.64,30,east,agent,1246.72,3,0,0
C001179,0.4,53,south,broker,2393.23,1,0,0
C001180,8.49,42,north,broker,5458.94,2,1,0
C001181,3.91,37,west,bank,3313.32,0,0,0
C001182,7.43,35,north,bank,2805.38,3,0,0
C001183,3.96,18,north,broker,2144.39,1,0,0
C001184,5.98,42,west,direct,5342.0,0,0,1
C001185,3.25,56,west,agent,1621.08,2,0,0
C001186,6.1,20,south,broker,14713.15,0,0,0
C001187,1.53,27,south,agent,3729.95,1,0,0
C001188,3.75,59,west,bank,4750.67,2,0,0
C001189,5.3,46,north,direct,1298.86,1,0,0
C001190,2.37,46,west,bank,2067.83,2,1,0
C001191,3.01,59,south,agent,515.73,1,1,1
C001192,5.3,42,east,direct,5188.48,2,0,1
C001193,4.83,23,south,bank,4571.76,4,0,0
C001194,2.82,41,east,agent,7887.15,1,0,1
C001195,5.08,43,east,broker,3547.3,3,0,0
C001196,0.89,28,south,broker,2796.21,1,0,0
C001197,11.66,30,north,direct,2400.89,1,0,0
C001198,4.62,73,east,agent,1843.91,2,1,0
C001199,7.49,33,south,agent,2329.49,3,0,0
C001200,3.93,48,east,broker,4408.91,2,1,0
C001201,4.66,41,east,agent,4288.88,1,0,1
C001202,1.87,36,east,bank,5138.69,1,0,0
C001203,0.35,70,west,agent,8665.82,1,0,0
C001204,5.75,52,west,agent,8127.35,2,0,0
C001205,6.26,41,north,bank,2859.05,2,0,0
C001206,5.66,26,south,agent,4350.9,1,0,0
C001207,4.89,35,west,agent,2228.28,1,0,0
C001208,2.13,44,west,agent,1266.07,3,0,1
C001209,5.3,41,west,agent,8897.4,2,1,0
C001210,10.73,37,east,direct,530.32,5,0,1
C001211,5.09,35,east,bank,2243.46,4,0,0
C001212,10.36,58,east,broker,2319.99,2,0,0
C001213,1.71,54,south,direct,4123.06,1,0,0
C001214,3.76,47,east,agent,1551.57,1,0,0
C001215,4.6,30,west,bank,3818.91,1,0,0
C001216,5.8,33,east,bank,1915.94,1,0,0
C001217,12.82,30,east,bank,6556.19,4,1,0
C001218,4.74,60,west,direct,1110.41,1,0,0
C001219,5.45,59,east,broker,3930.55,1,0,0
C001220,9.14,34,west,broker,1018.36,3,0,0
C001221,0.72,71,west,broker,924.47,2,0,0
C001222,7.76,58,north,bank,1997.78,2,0,0
C001223,0.99,67,west,bank,2720.99,2,0,0
C001224,1.68,29,east,bank,5833.25,2,0,1
C001225,1.53,38,west,direct,1979.62,1,0,0
C001226,6.37,59,east,broker,4272.46,2,0,0
C001227,7.22,43,west,direct,15334.96,2,0,0
C001228,17.14,47,north,bank,4983.29,1,1,0
C001229,11.79,36,east,agent,5921.35,1,0,0
C001230,3.55,45,south,agent,1780.33,0,1,0
C001231,12.41,21,north,agent,3307.26,3,1,0
C001232,9.19,70,east,agent,6302.41,4,1,0
C001233,2.15,34,south,bank,3223.09,0,0,0
C001234,6.02,50,east,agent,2975.04,1,0,0
C001235,4.19,46,west,broker,3150.54,4,0,1
C001236,10.91,35,north,agent,2310.66,3,0,0
C001237,6.16,65,south,agent,2700.23,2,0,1
C001238,2.35,60,east,agent,1085.49,4,1,0
C001239,3.47,48,east,broker,12406.91,2,0,0
C001240,8.07,39,east,agent,2964.93,4,0,0
C001241,6.76,58,east,direct,4561.55,0,0,0
C001242,4.26,30,south,agent,1406.59,3,0,0
C001243,1.06,21,east,broker,3289.95,2,0,1
C001244,10.41,39,east,bank,2215.76,0,0,0
C001245,5.03,52,east,bank,3834.06,3,0,0
C001246,2.9,28,east,direct,5078.73,2,1,0
C001247,4.25,51,east,agent,1941.07,2,0,0
C001248,11.16,44,west,direct,4598.65,2,1,0
C001249,5.37,28,west,agent,5651.35,0,0,0
C001250,4.26,31,east,bank,5539.53,1,0,0
C001251,5.9,54,west,agent,4468.29,0,1,0
C001252,5.71,55,north,agent,2272.55,4,0,0
C001253,4.39,45,south,direct,2996.63,2,0,0
C001254,1.42,47,west,broker,1710.02,2,0,0
C001255,8.22,55,north,agent,4388.05,2,0,0
C001256,5.79,64,south,bank,3475.05,3,0,0
C001257,5.69,68,west,bank,1807.73,3,0,0
C001258,3.27,64,south,broker,2113.85,0,0,0
C001259,3.39,34,south,bank,3914.57,0,0,0
C001260,4.62,46,north,direct,1210.69,0,1,0
C001261,2.53,35,west,bank,1210.97,4,0,0
C001262,8.79,23,west,agent,4158.73,0,0,0
C001263,2.56,39,west,bank,3999.47,2,0,0
C001264,11.03,35,east,bank,1233.58,1,0,0
C001265,4.42,61,west,agent,2628.58,4,0,0
C001266,3.82,47,south,bank,6753.46,4,0,0
C001267,1.86,39,south,direct,4206.94,3,0,0
C001268,5.91,35,south,direct,2449.63,1,0,0
C001269,5.64,35,west,bank,2330.06,2,0,0
C001270,2.73,33,east,direct,8392.91,3,0,0
C001271,5.13,60,north,agent,5047.44,1,0,0
C001272,2.8,47,south,agent,1963.61,0,0,0
C001273,1.26,37,west,agent,1917.41,2,0,0
C001274,7.43,20,south,direct,5315.63,2,0,0
C001275,12.34,34,west,broker,4152.79,1,0,0
C001276,9.69,54,north,broker,4366.84,3,0,0
C001277,0.52,47,west,broker,3880.3,1,0,0
C001278,10.71,41,north,agent,2285.99,4,0,0
C001279,5.54,49,east,bank,2776.17,3,0,0
C001280,5.41,48,south,bank,3655.39,0,1,0
C001281,2.76,34,west,broker,4323.58,1,0,0
C001282,4.41,40,north,agent,7780.64,4,0,0
C001283,6.2,60,north,broker,3311.59,1,0,0
C001284,9.26,62,north,direct,1833.93,2,0,0
C001285,3.67,47,north,broker,6371.03,3,0,0
C001286,4.68,46,north,agent,1923.79,5,0,0
C001287,1.95,53,south,bank,3596.6,5,1,0
C001288,12.03,49,east,bank,4543.75,0,0,0
C001289,2.29,64,east,agent,1751.71,3,1,0
C001290,2.38,48,south,agent,4157.88,1,0,0
C001291,6.28,25,west,agent,2221.5,6,0,0
C001292,8.27,56,south,agent,7417.26,2,1,0
C001293,9.47,39,east,agent,3209.86,0,0,0
C001294,10.21,23,south,direct,6810.94,3,0,0
C001295,6.03,26,west,bank,4307.43,2,0,0
C001296,9.16,52,east,broker,3780.37,2,1,0
C001297,0.65,58,west,agent,3803.33,3,0,0
C001298,7.07,46,east,direct,3533.93,2,0,0
C001299,7.26,45,north,agent,1874.92,4,0,0
C001300,4.22,50,west,agent,5846.16,5,0,0
C001301,4.37,25,west,agent,2422.19,3,0,0
C001302,6.89,30,north,broker,9897.82,1,0,0
C001303,2.57,44,south,broker,1056.54,0,0,0
C001304,2.84,32,east,agent,5428.15,1,1,0
C001305,8.19,39,west,agent,12366.83,3,0,0
C001306,4.56,24,east,agent,5696.31,3,0,0
C001307,9.16,52,north,bank,17242.6,1,0,0
C001308,1.84,25,west,broker,1576.22,3,0,1
C001309,2.04,36,south,broker,10379.24,2,0,0
C001310,2.32,46,south,agent,4021.73,2,1,0
C001311,6.71,47,west,direct,2279.02,0,0,1
C001312,5.71,69,west,agent,2242.74,1,0,0
C001313,2.1,26,south,agent,9592.3,2,0,0
C001314,11.82,49,east,bank,8416.27,3,0,0
C001315,7.83,59,south,bank,6352.19,2,0,0
C001316,5.06,64,east,agent,4512.46,0,0,0
C001317,3.77,64,south,agent,2844.17,2,1,0
C001318,7.16,33,west,agent,5252.69,3,0,0
C001319,3.28,31,west,agent,2704.94,2,1,0
C001320,7.73,32,east,bank,3281.38,1,1,0
C001321,14.13,45,north,direct,2252.68,2,1,0
C001322,5.17,35,east,agent,4903.81,3,0,1
C001323,4.92,51,south,direct,6643.29,4,0,0
C001324,3.24,58,east,direct,3350.42,3,0,0
C001325,4.86,37,south,agent,5423.71,1,0,0
C001326,0.87,37,south,direct,3243.94,2,1,1
C001327,10.03,38,south,broker,6896.39,0,1,0
C001328,1.62,37,south,agent,13768.56,1,0,0
C001329,5.43,50,east,bank,5557.9,0,0,0
C001330,5.49,32,west,direct,4876.95,0,0,0
C001331,6.13,50,south,direct,6871.76,5,0,0
C001332,2.99,18,east,broker,4224.7,5,0,0
C001333,6.05,37,west,bank,2771.35,2,0,0
C001334,6.76,28,south,agent,1169.62,2,0,0
C001335,7.21,45,east,direct,1494.62,1,0,0
C001336,2.97,48,west,agent,6022.97,3,0,0
C001337,1.85,50,east,agent,6417.27,1,0,0
C001338,8.76,23,north,direct,3597.72,5,0,0
C001339,3.62,70,south,bank,787.11,2,1,0
C001340,6.14,37,west,direct,3953.58,3,0,0
C001341,1.5,44,west,broker,3362.08,0,0,0
C001342,11.88,42,south,agent,1818.62,2,1,0
C001343,1.54,47,east,broker,6359.1,1,0,0
C001344,18.55,41,north,bank,6149.27,2,1,0
C001345,1.47,37,south,direct,3841.4,0,1,0
C001346,4.85,50,north,agent,6944.94,4,1,0
C001347,11.54,35,west,agent,8301.11,2,0,0
C001348,11.65,77,west,agent,2704.76,3,0,0
C001349,7.71,42,north,agent,2229.08,2,0,0
C001350,2.56,47,east,agent,6781.37,3,1,0
C001351,1.87,55,west,broker,3660.28,3,0,0
C001352,7.04,51,west,direct,6969.56,3,1,0
C001353,3.58,39,south,bank,1690.97,4,0,0
C001354,8.32,39,north,agent,3419.09,2,1,0
C001355,4.95,36,east,agent,2439.41,3,0,0
C001356,6.31,18,north,bank,3362.24,1,0,1
C001357,4.17,57,south,direct,2780.21,1,1,0
C001358,4.73,44,south,direct,3278.73,1,0,1
C001359,4.33,59,west,agent,5267.91,4,0,0
C001360,0.37,37,south,bank,3607.09,1,0,1
C001361,3.7,41,north,bank,2642.56,2,0,0
C001362,4.99,55,north,agent,2171.98,0,1,0
C001363,8.22,22,east,agent,1868.16,1,1,0
C001364,11.5,54,west,broker,1744.94,1,1,0
C001365,7.0,38,south,bank,4858.68,3,0,0
C001366,1.29,18,west,agent,3829.19,1,1,0
C001367,10.42,48,west,agent,4159.21,2,1,0
C001368,10.95,42,east,agent,4506.42,3,0,1
C001369,4.16,31,south,agent,3567.83,3,0,0
C001370,9.79,64,north,bank,4048.44,1,0,0
C001371,5.05,21,north,broker,2471.44,4,0,0
C001372,5.93,49,north,bank,7231.6,1,0,1
C001373,7.84,41,south,agent,3740.11,3,0,0
C001374,9.88,33,north,agent,4947.45,4,0,0
C001375,5.56,43,east,direct,3062.39,1,0,0
C001376,6.65,52,north,bank,5663.43,4,0,0
C001377,3.64,43,north,bank,7876.53,1,0,0
C001378,10.95,50,east,direct,1256.32,0,1,0
C001379,3.81,32,north,bank,3665.13,2,1,0
C001380,6.56,33,north,bank,1660.66,1,0,0
C001381,7.27,50,north,direct,7329.51,7,0,1
C001382,3.49,45,south,broker,4730.03,2,0,0
C001383,4.67,53,south,bank,1483.01,1,0,0
C001384,10.79,47,north,agent,3999.33,1,1,0
C001385,10.55,26,north,agent,1811.21,1,1,0
C001386,1.83,59,west,broker,1612.57,0,0,0
C001387,8.76,18,south,agent,3889.42,2,1,0
C001388,2.57,44,east,broker,3834.82,2,0,0
C001389,4.29,49,east,agent,2521.1,2,0,0
C001390,5.34,35,north,broker,4661.88,1,0,0
C001391,2.77,36,east,broker,1143.35,3,0,0
C001392,11.32,56,west,direct,2589.15,2,0,0
C001393,2.93,59,west,agent,8339.13,3,1,0
C001394,0.9,21,east,direct,5495.5,1,1,0
C001395,1.96,38,east,bank,695.19,0,0,0
C001396,8.49,29,north,bank,3839.05,2,0,0
C001397,1.84,48,south,agent,9618.41,4,0,0
C001398,3.29,20,west,bank,2680.13,3,0,0
C001399,1.84,59,east,broker,7404.96,1,0,0
C001400,14.79,20,north,broker,5110.32,1,0,0
C001401,6.78,31,west,direct,2462.88,1,0,0
C001402,4.72,31,west,agent,4219.36,2,0,0
C001403,3.51,68,east,agent,7631.04,0,1,0
C001404,10.03,19,east,agent,2189.04,1,0,0
C001405,2.95,29,east,broker,3103.61,3,0,0
C001406,6.26,70,east,broker,6932.8,0,0,0
C001407,1.11,55,east,bank,3688.28,2,0,0
C001408,2.58,53,south,agent,12353.3,1,0,0
C001409,11.17,49,south,broker,5644.12,3,1,0
C001410,1.9,47,east,bank,5187.79,2,0,0
C001411,4.04,54,north,broker,3869.11,4,1,0
C001412,12.29,53,east,agent,6611.55,4,0,0
C001413,5.91,52,north,agent,3484.88,1,0,0
C001414,1.32,52,south,agent,4505.71,1,0,0
C001415,5.08,55,west,bank,2644.84,0,0,0
C001416,1.05,51,east,broker,12069.63,3,0,0
C001417,4.19,59,south,direct,5433.44,2,0,0
C001418,4.94,38,east,agent,4334.23,0,0,0
C001419,3.99,55,east,direct,1594.39,3,1,0
C001420,5.53,54,north,broker,5337.69,2,0,0
C001421,2.95,38,east,agent,2139.18,2,0,0
C001422,7.09,64,north,bank,1405.46,6,1,0
C001423,10.15,51,north,bank,1776.08,3,0,0
C001424,3.66,49,east,bank,2373.07,1,0,0
C001425,0.78,35,west,agent,1748.25,1,0,0
C001426,2.69,48,west,bank,5060.18,0,0,0
C001427,17.75,55,south,direct,6996.0,2,0,0
C001428,6.45,44,north,bank,2512.51,2,1,0
C001429,0.61,49,south,agent,5037.41,2,0,1
C001430,2.72,51,south,broker,1667.69,1,0,1
C001431,5.56,45,south,direct,8111.95,1,0,1
C001432,5.99,41,west,broker,6862.57,3,0,0
C001433,1.68,37,east,agent,4174.73,2,0,0
C001434,3.91,38,north,direct,2520.4,2,0,1
C001435,3.11,36,west,agent,2402.76,3,0,0
C001436,2.66,18,south,bank,2702.49,1,0,0
C001437,8.62,55,north,broker,3756.99,3,0,0
C001438,2.74,49,west,agent,6760.28,2,0,0
C001439,7.52,50,east,direct,2963.64,1,0,1
C001440,1.78,32,west,agent,1720.87,1,0,1
C001441,12.45,32,south,agent,6191.2,1,1,0
C001442,3.89,49,east,agent,3347.41,0,0,0
C001443,8.63,40,east,bank,5605.43,2,0,0
C001444,3.94,36,north,agent,7413.77,4,0,0
C001445,6.41,43,north,direct,4006.52,1,0,1
C001446,8.48,43,west,agent,2290.49,1,0,1
C001447,4.92,46,north,agent,6904.56,1,0,1
C001448,5.49,46,north,broker,3655.87,3,0,1
C001449,6.07,28,east,agent,3693.71,2,1,0
C001450,4.67,58,west,bank,5647.8,4,0,0
C001451,0.92,42,east,bank,3233.54,4,0,1
C001452,11.78,36,west,direct,4175.62,2,0,0
C001453,8.25,41,west,direct,695.25,1,0,0
C001454,4.4,50,east,agent,1977.21,2,1,0
C001455,9.51,57,north,direct,3950.56,2,1,0
C001456,8.15,64,north,direct,5509.43,0,0,0
C001457,7.8,34,north,direct,1834.21,2,0,0
C001458,3.73,28,south,broker,3575.47,1,0,0
C001459,10.88,36,east,bank,2471.04,2,1,0
C001460,5.73,41,north,agent,1838.26,0,0,0
C001461,2.25,37,west,agent,3797.52,1,1,0
C001462,2.21,36,east,broker,5265.43,2,1,0
C001463,12.88,29,east,agent,3522.64,1,1,0
C001464,4.59,36,east,direct,2291.49,1,0,0
C001465,5.52,49,west,agent,4443.59,3,1,0
C001466,7.79,32,north,direct,4547.44,1,0,0
C001467,2.89,68,east,agent,2954.7,2,0,0
C001468,12.2,51,east,agent,4769.25,1,0,0
C001469,3.96,55,south,agent,2367.4,3,1,0
C001470,5.65,42,east,direct,1618.36,2,0,0
C001471,8.99,46,north,agent,2706.25,2,0,0
C001472,1.23,49,west,direct,1684.78,4,0,0
C001473,11.52,65,north,direct,3866.03,1,0,0
C001474,2.88,40,west,bank,5549.3,3,0,0
C001475,7.72,43,south,direct,4246.23,0,0,1
C001476,1.44,40,west,direct,2517.95,3,1,0
C001477,3.96,62,east,bank,12238.49,1,0,0
C001478,2.71,66,east,agent,1555.99,4,0,1
C001479,1.85,47,west,agent,4161.94,1,0,0
C001480,7.47,48,north,agent,1976.05,1,0,1
C001481,5.57,40,east,agent,2008.16,1,0,0
C001482,4.58,60,east,direct,1994.36,2,0,0
C001483,16.46,31,south,agent,8422.02,0,0,0
C001484,4.1,29,east,broker,3842.38,3,0,0
C001485,1.54,45,west,direct,3750.82,4,0,0
C001486,1.71,41,west,broker,2183.82,3,0,1
C001487,5.65,68,north,bank,4371.08,3,0,1
C001488,5.23,46,west,agent,4745.05,2,1,0
C001489,7.41,33,west,direct,2811.53,2,1,0
C001490,2.78,70,west,agent,3196.17,2,0,0
C001491,9.08,30,north,direct,2643.63,0,0,0
C001492,1.93,38,west,agent,3191.8,5,0,0
C001493,0.27,54,south,agent,4675.26,5,0,0
C001494,7.52,36,south,agent,2570.83,3,0,0
C001495,9.9,54,east,agent,2591.33,4,0,0
C001496,15.22,37,north,direct,6724.6,5,0,0
C001497,0.6,46,west,direct,3475.83,2,0,0
C001498,4.25,60,south,direct,6027.62,2,0,0
C001499,4.0,20,east,broker,3134.81,2,0,0
C001500,10.28,37,west,direct,1663.69,2,0,0
C001501,1.85,48,west,bank,7857.74,2,0,1
C001502,1.48,41,south,bank,5188.79,3,0,0
C001503,1.75,71,east,agent,3466.74,1,0,0
C001504,5.63,29,north,bank,4579.91,1,0,0
C001505,12.45,36,north,direct,5550.49,3,0,0
C001506,5.74,25,west,agent,4741.88,2,0,0
C001507,5.66,59,west,agent,2219.23,2,1,0
C001508,0.34,60,west,direct,2412.39,3,0,0
C001509,4.86,45,north,bank,2167.26,3,0,0
C001510,4.5,44,west,direct,11840.96,6,0,0
C001511,13.81,38,west,bank,3072.43,2,0,0
C001512,6.63,34,south,agent,3707.63,1,0,0
C001513,5.45,68,north,agent,2507.65,2,1,0
C001514,5.89,23,west,direct,2283.03,3,0,0
C001515,18.46,28,east,direct,2091.7,4,1,0
C001516,1.6,48,south,bank,3253.45,2,0,0
C001517,0.88,50,south,agent,11826.86,2,0,1
C001518,6.61,60,north,bank,2025.12,5,1,0
C001519,2.86,47,west,bank,3384.69,2,0,0
C001520,26.04,41,north,agent,4774.28,3,1,0
C001521,1.56,29,south,bank,6127.95,1,0,0
C001522,4.8,43,west,bank,1699.65,2,0,0
C001523,3.4,37,west,bank,4733.63,2,0,0
C001524,2.33,25,east,bank,3193.41,3,0,0
C001525,3.52,43,south,bank,2463.32,1,0,0
C001526,1.17,30,east,agent,3979.71,7,0,0
C001527,1.89,48,west,direct,3395.11,2,0,0
C001528,2.65,41,south,agent,6688.18,1,0,0
C001529,5.56,57,north,agent,4022.48,2,0,0
C001530,10.4,37,north,direct,2064.29,1,0,0
C001531,7.0,54,west,direct,11478.88,2,0,0
C001532,3.94,53,east,bank,2033.85,1,0,0
C001533,13.85,60,north,agent,6395.06,3,1,0
C001534,4.96,52,north,broker,4429.23,1,0,0
C001535,13.66,50,east,agent,4558.5,2,0,0
C001536,1.53,66,south,direct,2738.47,1,0,0
C001537,7.34,33,north,direct,3066.47,2,0,1
C001538,2.43,37,west,direct,6189.23,1,1,0
C001539,2.79,50,west,bank,744.33,0,0,1
C001540,12.83,56,east,broker,3053.2,0,0,0
C001541,1.96,43,south,agent,4839.35,2,0,0
C001542,0.52,20,west,agent,5431.97,2,0,0
C001543,11.85,42,west,agent,2512.27,5,0,0
C001544,8.05,52,north,direct,2496.34,1,0,0
C001545,8.46,49,south,direct,1967.41,6,0,0
C001546,6.3,60,south,agent,4791.22,2,0,0
C001547,6.62,44,west,agent,2838.24,6,0,0
C001548,10.11,53,north,bank,2161.27,2,0,0
C001549,5.74,23,north,bank,1629.22,1,0,0
C001550,1.68,30,south,agent,4728.33,2,0,0
C001551,7.27,38,north,agent,2652.82,2,1,0
C001552,6.11,42,south,agent,2000.22,2,0,0
C001553,2.39,68,east,agent,3223.31,4,0,1
C001554,8.02,49,north,broker,2931.03,4,0,0
C001555,10.73,36,north,agent,3697.32,2,0,0
C001556,1.41,65,west,agent,4717.45,4,0,0
C001557,8.24,36,west,direct,3400.68,3,0,0
C001558,1.38,25,south,agent,2486.9,2,0,0
C001559,0.9,54,west,agent,1034.23,4,0,0
C001560,3.59,51,west,agent,9484.95,3,0,0
C001561,3.15,30,east,bank,5666.62,1,0,0
C001562,4.08,49,west,broker,3287.7,3,0,0
C001563,2.68,34,south,direct,7344.53,0,0,0
C001564,0.84,51,west,bank,5983.46,4,0,0
C001565,7.7,45,north,broker,4209.45,2,0,0
C001566,6.17,64,east,agent,5268.71,4,0,1
C001567,4.86,34,south,broker,4075.93,4,0,0
C001568,4.1,65,south,direct,2310.68,5,1,0
C001569,11.12,24,south,agent,4470.82,1,0,0
C001570,7.51,42,north,agent,2174.61,2,0,0
C001571,7.33,42,south,bank,2187.49,2,0,0
C001572,6.54,53,south,direct,3358.97,3,0,0
C001573,9.96,37,west,agent,5802.71,3,0,0
C001574,0.92,30,east,agent,6267.47,1,0,0
C001575,1.63,49,west,agent,22527.34,3,0,0
C001576,3.99,71,east,bank,7418.42,2,0,0
C001577,1.52,40,east,agent,2286.77,2,0,0
C001578,8.83,40,north,agent,1984.74,5,0,0
C001579,6.27,40,south,bank,2984.23,1,0,0
C001580,3.36,41,south,broker,2616.66,2,0,0
C001581,2.28,52,east,bank,4748.16,3,0,0
C001582,4.54,65,north,bank,4441.46,1,1,0
C001583,4.96,57,north,agent,15557.89,1,0,0
C001584,0.65,28,west,agent,2147.13,0,0,0
C001585,5.15,49,east,agent,2549.97,1,0,0
C001586,4.69,61,north,direct,2233.97,0,1,0
C001587,6.67,45,south,agent,5244.63,3,0,1
C001588,2.65,49,west,agent,4823.34,1,0,0
C001589,2.43,52,east,broker,1377.09,0,0,0
C001590,2.95,60,east,bank,1754.38,1,0,0
C001591,5.53,38,west,agent,3907.01,4,0,0
C001592,15.97,54,north,broker,5295.95,2,0,0
C001593,2.34,62,east,direct,10476.53,2,0,0
C001594,18.37,25,north,agent,1415.33,2,1,0
C001595,7.31,33,north,broker,2210.77,3,0,0
C001596,3.38,42,west,bank,1645.13,2,0,0
C001597,0.76,37,east,bank,3149.03,2,0,0
C001598,1.37,24,west,agent,1522.03,1,0,0
C001599,1.9,38,west,broker,2524.77,3,0,0
C001600,1.99,46,east,agent,3145.38,2,0,0
C001601,5.79,31,north,bank,3392.61,3,0,0
C001602,4.47,25,west,direct,964.78,2,0,0
C001603,2.39,27,west,broker,6744.34,2,1,0
C001604,4.03,32,west,agent,11940.34,1,0,0
C001605,7.74,46,east,direct,5214.18,2,0,0
C001606,3.38,48,south,direct,1996.35,2,1,0
C001607,8.14,28,south,direct,6596.87,4,0,1
C001608,7.38,69,south,broker,4972.13,1,0,0
C001609,10.48,45,west,agent,2338.83,1,0,0
C001610,8.46,53,south,direct,5723.71,2,0,0
C001611,8.43,52,south,agent,2702.5,1,1,0
C001612,3.49,52,north,agent,2226.23,2,1,0
C001613,6.59,25,north,broker,4327.54,4,0,0
C001614,3.65,49,east,bank,4486.91,1,0,0
C001615,4.17,43,north,agent,2700.56,2,0,1
C001616,7.39,27,west,bank,1431.31,2,0,0
C001617,2.6,30,west,agent,8223.58,2,1,0
C001618,9.92,36,north,agent,5225.97,2,1,0
C001619,2.48,65,east,bank,3559.59,3,0,0
C001620,6.22,58,west,agent,5895.49,3,0,0
C001621,13.27,47,north,agent,8390.32,1,0,0
C001622,6.01,47,east,direct,2869.54,1,0,0
C001623,3.81,52,south,agent,4746.16,2,0,0
C001624,3.79,43,north,broker,9584.0,3,1,0
C001625,2.64,24,east,agent,2330.94,2,1,0
C001626,4.68,31,south,agent,1595.91,3,1,1
C001627,11.94,53,west,agent,1776.38,1,0,0
C001628,2.8,41,west,agent,1851.28,0,0,1
C001629,4.04,47,south,bank,6374.08,1,0,0
C001630,2.97,32,west,bank,1431.89,0,0,0
C001631,9.45,54,south,bank,15794.13,1,0,0
C001632,1.79,39,west,direct,2997.12,1,0,0
C001633,12.32,57,north,bank,3229.37,1,1,1
C001634,13.06,50,north,agent,4275.11,2,0,0
C001635,4.15,32,south,direct,1285.16,4,0,0
C001636,5.43,61,south,agent,4447.72,4,0,0
C001637,3.84,32,south,direct,3987.89,2,1,1
C001638,5.06,33,south,agent,8079.49,2,0,1
C001639,2.8,41,east,agent,3297.48,3,1,0
C001640,1.19,39,west,direct,9942.42,1,0,1
C001641,9.16,62,south,bank,3397.86,2,0,0
C001642,3.29,43,west,bank,2799.35,1,0,0
C001643,6.04,56,south,agent,4878.69,2,0,0
C001644,10.84,46,north,agent,3357.3,2,0,0
C001645,7.76,38,east,agent,4265.43,1,0,0
C001646,0.44,25,south,agent,8889.37,4,0,0
C001647,5.26,18,south,bank,8115.83,3,0,0
C001648,10.18,40,east,bank,1964.08,1,0,0
C001649,16.34,43,south,broker,3041.21,2,0,0
C001650,5.64,31,south,bank,6427.67,3,0,0
C001651,3.86,29,north,agent,3145.74,0,0,0
C001652,2.67,38,east,broker,3223.46,3,0,0
C001653,16.49,62,north,direct,2988.4,2,1,0
C001654,6.45,19,west,direct,6497.96,1,0,0
C001655,4.44,44,north,broker,7094.05,2,0,0
C001656,0.72,29,east,bank,5943.85,4,0,1
C001657,5.29,55,east,broker,4797.82,0,0,0
C001658,10.77,55,east,agent,3396.31,2,1,0
C001659,4.43,53,west,agent,2710.79,2,0,0
C001660,6.88,30,south,agent,1929.36,1,0,0
C001661,8.6,57,north,direct,7695.28,2,1,0
C001662,10.73,27,south,direct,6419.28,1,1,0
C001663,8.39,42,north,direct,2959.17,0,0,0
C001664,18.53,26,north,broker,18189.1,2,1,0
C001665,13.56,54,south,agent,3212.11,2,1,0
C001666,1.75,37,west,direct,5566.9,3,0,0
C001667,1.78,37,east,agent,3398.97,5,1,0
C001668,1.26,43,south,direct,5527.53,3,0,0
C001669,6.3,58,north,direct,14079.66,1,0,0
C001670,0.48,57,east,direct,2925.06,1,0,0
C001671,4.09,43,north,direct,3879.95,2,0,0
C001672,3.5,46,east,agent,4718.4,3,0,0
C001673,7.05,45,north,bank,3418.28,6,0,0
C001674,11.75,41,north,broker,2245.74,4,0,0
C001675,4.51,27,north,direct,2178.58,6,0,0
C001676,12.79,55,south,agent,991.6,1,1,0
C001677,3.09,31,west,broker,4969.62,1,0,0
C001678,11.78,52,south,broker,10597.35,1,0,0
C001679,9.52,62,south,agent,1173.42,4,0,0
C001680,6.6,24,north,bank,6399.27,5,0,1
C001681,5.73,46,east,broker,2109.3,2,0,0
C001682,4.56,34,south,agent,3236.53,2,0,0
C001683,10.1,46,north,bank,7444.24,2,0,0
C001684,6.18,47,north,broker,1817.69,0,0,0
C001685,2.57,37,east,agent,6270.41,2,0,1
C001686,2.73,54,south,bank,1047.87,2,0,0
C001687,12.6,76,west,agent,3816.08,4,1,0
C001688,3.47,29,east,agent,5011.25,1,0,0
C001689,4.63,46,south,bank,3562.11,0,0,0
C001690,7.77,39,south,agent,2679.64,2,0,0
C001691,4.32,38,east,agent,3532.41,4,0,0
C001692,1.13,57,east,direct,4221.38,4,0,1
C001693,2.59,29,east,broker,6500.49,2,0,0
C001694,9.66,52,south,bank,4804.47,0,0,1
C001695,2.63,41,west,agent,4137.2,1,0,0
C001696,0.36,56,south,bank,3537.58,5,0,0
C001697,7.24,47,north,broker,3411.96,2,0,0
C001698,7.72,37,north,agent,5357.9,3,0,0
C001699,13.44,37,south,direct,5622.32,1,0,0
C001700,4.19,23,north,agent,1307.29,5,0,0
C001701,10.08,77,west,agent,1909.5,4,0,0
C001702,9.08,55,north,bank,1026.49,0,0,0
C001703,6.56,56,east,agent,3057.26,4,1,0
C001704,9.15,32,south,bank,1765.58,2,0,0
C001705,8.45,44,west,direct,1168.12,3,0,0
C001706,8.51,70,west,agent,5344.29,3,0,0
C001707,2.82,62,west,agent,4934.3,3,0,0
C001708,3.75,44,north,agent,1711.36,1,0,1
C001709,4.35,47,north,direct,2323.77,5,0,0
C001710,5.53,43,south,agent,5279.93,2,0,0
C001711,7.4,20,north,agent,2010.33,1,0,0
C001712,0.79,67,east,agent,6892.58,5,1,0
C001713,2.24,59,west,agent,3648.94,2,0,0
C001714,3.52,47,east,agent,4074.83,4,0,0
C001715,9.32,61,north,direct,11102.1,2,0,0
C001716,1.51,54,east,agent,2002.33,2,0,0
C001717,11.09,36,north,agent,1601.99,5,0,0
C001718,3.5,35,west,agent,8362.47,3,0,0
C001719,19.7,55,west,agent,4198.55,2,1,0
C001720,8.78,43,east,bank,8752.62,4,0,0
C001721,2.54,36,south,direct,4136.9,2,0,0
C001722,17.77,75,south,bank,2958.88,3,1,0
C001723,6.2,46,east,bank,3661.28,2,0,1
C001724,9.83,30,north,agent,4000.28,1,0,0
C001725,7.02,26,east,direct,1399.59,1,0,0
C001726,9.24,45,south,agent,2626.26,0,0,0
C001727,17.22,42,west,direct,2728.01,2,0,0
C001728,6.79,36,north,direct,4522.97,1,0,0
C001729,4.05,54,south,direct,4952.91,4,0,0
C001730,5.08,37,west,agent,6597.43,0,1,0
C001731,4.19,35,east,broker,2743.39,2,0,0
C001732,10.24,35,east,bank,1615.56,2,1,0
C001733,1.07,55,east,agent,1829.38,2,1,0
C001734,4.79,67,north,broker,9762.48,2,0,0
C001735,4.1,53,east,agent,4462.77,1,0,0
C001736,5.99,40,north,bank,2784.53,3,0,0
C001737,3.18,41,west,agent,4502.43,3,1,0
C001738,3.06,66,east,agent,2035.05,1,0,1
C001739,5.8,40,south,bank,4198.74,1,0,0
C001740,5.83,32,south,agent,4378.58,1,0,0
C001741,8.32,59,south,broker,3725.68,1,0,0
C001742,1.49,58,south,agent,4106.16,2,0,1
C001743,2.1,63,south,agent,2773.88,3,0,0
C001744,8.2,22,north,direct,5046.14,4,0,1
C001745,7.38,43,south,agent,2751.86,1,0,0
C001746,8.63,29,north,agent,7399.83,3,0,0
C001747,7.07,55,north,broker,4418.73,1,0,0
C001748,6.61,48,north,direct,2587.32,2,0,0
C001749,11.59,25,west,agent,3339.64,1,1,0
C001750,2.48,45,south,bank,9079.74,2,0,1
C001751,6.41,48,south,direct,1872.57,4,0,0
C001752,2.77,46,west,broker,1760.44,1,0,0
C001753,10.2,35,south,agent,4299.77,5,0,0
C001754,3.78,55,east,agent,1612.05,1,0,0
C001755,6.56,62,south,agent,6612.84,1,0,0
C001756,7.1,55,north,broker,3077.26,3,1,0
C001757,10.09,34,south,bank,1904.41,1,0,0
C001758,2.27,61,east,agent,5604.49,3,0,0
C001759,12.59,51,north,agent,4502.81,1,0,0
C001760,2.66,63,east,direct,3747.97,2,0,0
C001761,4.09,42,north,bank,7831.7,1,0,1
C001762,5.68,47,west,direct,2109.26,2,0,1
C001763,2.68,52,south,agent,1318.57,3,0,0
C001764,1.45,49,east,direct,2800.21,3,0,0
C001765,6.8,57,north,direct,7899.29,0,0,1
C001766,6.58,56,north,agent,2572.27,4,0,0
C001767,5.32,49,west,agent,7619.46,6,0,0
C001768,7.19,18,west,direct,2283.44,2,1,0
C001769,2.52,40,south,direct,3129.87,6,0,0
C001770,0.41,35,west,direct,2705.72,3,1,0
C001771,5.13,47,east,direct,11846.45,1,0,0
C001772,9.36,54,north,bank,3551.89,3,0,0
C001773,4.31,34,east,agent,6210.05,3,0,0
C001774,5.46,59,west,bank,2518.27,3,0,0
C001775,10.28,21,north,bank,2212.08,0,0,0
C001776,3.44,37,west,bank,1188.74,0,1,0
C001777,5.29,54,south,direct,3474.96,1,0,0
C001778,2.1,33,south,bank,4549.09,1,0,0
C001779,3.8,43,west,broker,1130.5,5,1,0
C001780,10.36,48,east,bank,2015.64,4,0,0
C001781,6.62,39,west,direct,4832.48,0,0,0
C001782,14.05,21,south,bank,1367.34,3,0,0
C001783,4.12,44,west,agent,5840.84,4,0,1
C001784,3.2,38,south,agent,6228.07,5,1,0
C001785,5.15,43,east,agent,3113.11,1,0,0
C001786,5.61,49,west,bank,3189.75,2,0,0
C001787,10.63,43,north,agent,3240.75,1,0,0
C001788,3.01,26,south,bank,2515.71,1,0,0
C001789,1.81,38,west,agent,13842.11,2,0,0
C001790,2.51,67,west,broker,4240.0,2,0,0
C001791,9.42,42,south,direct,2905.39,1,0,0
C001792,15.15,52,east,broker,7487.97,3,0,0
C001793,3.71,63,east,bank,3355.58,2,0,0
C001794,8.11,22,north,direct,1134.05,3,0,0
C001795,11.43,42,south,agent,9765.22,2,0,0
C001796,5.66,35,south,agent,5816.49,2,0,0
C001797,8.99,30,north,agent,6858.15,2,0,0
C001798,0.89,37,west,direct,4329.91,2,0,0
C001799,3.72,18,north,bank,1131.26,2,0,0
C001800,2.22,61,east,agent,8279.51,4,0,0
C001801,2.61,32,south,agent,4784.82,2,0,0
C001802,6.07,35,north,agent,1733.45,3,0,0
C001803,13.53,37,east,agent,3269.22,2,1,0
C001804,8.33,36,east,bank,860.62,1,0,0
C001805,1.9,34,east,bank,2674.61,2,0,0
C001806,5.73,18,west,agent,3964.87,1,0,0
C001807,10.43,50,west,broker,4966.52,1,1,0
C001808,5.78,51,north,agent,1893.33,1,0,0
C001809,1.08,55,east,agent,2695.33,1,0,0
C001810,4.59,51,south,agent,3318.03,1,1,0
C001811,0.58,26,south,direct,7620.73,3,0,1
C001812,6.24,22,west,agent,3049.98,2,1,0
C001813,1.65,31,south,direct,3700.85,2,0,0
C001814,7.33,23,east,agent,1889.94,1,0,0
C001815,2.11,52,west,agent,8813.83,2,0,0
C001816,0.72,26,west,agent,4275.79,2,0,0
C001817,10.99,46,north,agent,6727.65,1,0,0
C001818,2.62,39,east,agent,1897.39,7,0,1
C001819,2.37,58,south,bank,7699.64,2,0,0
C001820,4.85,32,west,agent,9243.29,0,0,0
C001821,11.84,19,north,direct,1417.35,4,0,0
C001822,5.17,40,west,agent,9347.87,4,0,0
C001823,3.05,39,west,agent,2760.94,2,0,1
C001824,2.29,44,south,agent,13303.86,4,0,0
C001825,9.34,24,east,direct,1862.73,4,0,0
C001826,10.26,22,east,direct,9036.78,3,0,0
C001827,3.58,33,east,broker,4371.19,1,0,0
C001828,1.48,40,east,bank,5131.45,1,0,0
C001829,14.55,76,south,agent,2583.14,1,1,0
C001830,2.29,50,south,agent,4720.59,3,0,0
C001831,1.82,48,west,direct,2463.13,2,0,0
C001832,5.02,31,east,agent,4936.93,1,0,0
C001833,9.86,53,north,bank,3522.49,2,0,0
C001834,5.89,41,south,agent,3860.52,1,0,0
C001835,4.48,48,east,direct,1672.8,1,0,0
C001836,1.35,23,east,direct,5137.07,2,0,0
C001837,0.87,77,west,agent,3471.6,1,1,0
C001838,15.0,55,west,agent,11206.37,1,1,0
C001839,7.95,33,north,direct,4325.01,4,0,1
C001840,7.02,61,west,broker,6651.28,3,0,0
C001841,2.38,34,west,agent,4056.82,1,0,1
C001842,2.88,54,south,agent,10515.14,1,0,0
C001843,4.63,65,north,agent,3807.6,3,1,0
C001844,8.8,42,east,direct,2894.65,3,0,0
C001845,8.45,21,west,broker,2341.12,2,0,0
C001846,2.26,44,south,broker,2769.97,3,0,1
C001847,9.34,43,east,agent,1899.79,3,0,0
C001848,7.7,56,east,direct,843.94,0,0,0
C001849,3.87,56,west,direct,1764.94,2,1,0
C001850,4.41,40,west,agent,6137.3,6,0,1
C001851,1.81,53,west,agent,4490.6,2,0,0
C001852,15.19,22,north,broker,7589.05,1,0,0
C001853,6.76,36,east,bank,1475.1,2,0,0
C001854,0.63,51,west,bank,5732.84,3,0,0
C001855,3.63,40,west,broker,3965.25,5,0,0
C001856,1.54,46,west,agent,2507.33,2,0,0
C001857,11.71,43,west,direct,1705.72,3,1,0
C001858,1.84,34,east,bank,3521.7,1,0,1
C001859,4.88,54,north,agent,5508.6,1,0,0
C001860,7.17,32,south,bank,3868.34,2,0,0
C001861,3.27,48,east,agent,3499.55,3,0,0
C001862,3.3,57,west,broker,10177.56,1,0,0
C001863,12.19,51,east,agent,3975.36,2,0,0
C001864,1.94,65,west,bank,4559.25,2,0,0
C001865,11.61,26,west,direct,4078.69,1,0,0
C001866,3.93,39,south,agent,5865.01,0,1,0
C001867,2.2,29,west,direct,5411.49,0,0,0
C001868,4.38,42,east,bank,7537.04,3,0,0
C001869,9.87,31,north,agent,1679.5,1,1,0
C001870,4.41,68,north,agent,2742.29,2,1,0
C001871,5.32,48,west,agent,1624.5,0,0,0
C001872,7.0,29,west,agent,1891.39,4,0,0
C001873,5.33,28,north,direct,995.29,1,0,0
C001874,1.8,40,east,broker,5454.62,0,0,0
C001875,7.36,29,north,direct,5790.63,4,0,0
C001876,1.46,38,west,bank,3470.88,4,0,0
C001877,15.81,33,north,agent,4753.7,0,0,0
C001878,3.37,49,west,direct,4320.45,2,0,0
C001879,4.28,46,north,direct,1877.19,1,0,0
C001880,7.84,48,east,agent,3713.85,1,0,0
C001881,7.56,46,east,direct,3331.17,1,0,0
C001882,9.48,58,south,bank,16574.64,2,1,0
C001883,4.15,48,west,direct,4641.58,4,0,0
C001884,6.16,47,east,broker,3369.13,6,0,0
C001885,4.13,71,south,bank,1772.03,2,0,0
C001886,12.24,41,north,direct,17690.73,1,0,0
C001887,5.61,40,west,agent,7724.04,2,1,0
C001888,3.02,72,west,direct,1927.74,2,1,0
C001889,1.84,57,east,agent,4018.66,1,0,0
C001890,2.71,40,west,broker,8086.31,2,0,0
C001891,2.77,32,east,broker,2717.87,3,0,0
C001892,3.21,50,east,broker,2140.0,4,0,0
C001893,1.87,39,south,direct,3449.3,2,0,1
C001894,4.2,64,west,agent,1849.14,4,0,0
C001895,6.95,35,east,bank,2861.86,3,0,0
C001896,2.03,40,east,agent,2575.25,2,0,0
C001897,6.34,42,north,broker,6256.43,4,1,0
C001898,8.13,60,east,direct,4065.25,3,0,0
C001899,3.11,44,east,direct,3248.45,1,0,0
C001900,5.5,50,east,direct,2561.94,5,0,0
C001901,8.77,62,east,broker,2190.24,3,0,0
C001902,2.88,24,west,agent,11214.5,0,0,0
C001903,6.11,38,north,agent,3625.05,2,0,0
C001904,5.55,28,north,agent,5894.38,2,0,0
C001905,7.5,46,north,bank,3070.33,2,0,0
C001906,3.59,44,east,agent,1230.37,0,0,0
C001907,2.46,45,east,bank,3779.77,1,1,0
C001908,4.72,33,south,direct,1693.56,1,0,0
C001909,3.96,27,east,direct,5211.55,2,0,0
C001910,16.0,57,north,agent,5673.21,2,1,0
C001911,2.34,59,south,direct,2069.56,0,0,0
C001912,2.99,69,south,agent,5037.81,2,0,0
C001913,0.91,37,west,agent,8514.34,1,0,0
C001914,3.63,22,east,direct,6915.98,1,0,0
C001915,4.58,32,west,direct,2016.51,2,0,0
C001916,11.78,33,north,bank,5327.24,3,0,0
C001917,3.54,30,west,agent,2394.74,1,0,0
C001918,2.21,42,south,bank,7919.79,0,0,0
C001919,8.32,44,east,agent,3919.55,4,1,1
C001920,3.95,47,south,agent,2568.52,0,0,0
C001921,6.6,42,north,direct,6338.94,2,0,0
C001922,2.53,47,south,bank,2586.22,2,0,0
C001923,3.89,33,north,agent,11736.46,2,0,0
C001924,2.86,27,west,direct,4979.94,2,0,1
C001925,4.65,37,east,direct,3375.69,6,0,0
C001926,2.74,66,east,bank,2008.23,0,0,0
C001927,11.27,55,west,agent,1956.47,2,0,0
C001928,5.31,49,south,agent,4475.47,2,0,0
C001929,4.48,25,east,broker,4283.07,1,0,0
C001930,5.98,51,south,direct,1820.44,1,0,0
C001931,2.9,48,west,agent,9531.09,1,0,0
C001932,0.52,35,west,direct,2439.09,1,0,0
C001933,4.79,38,south,broker,2540.32,1,1,0
C001934,4.23,47,east,broker,5327.25,1,0,0
C001935,6.63,58,east,direct,5759.2,3,1,1
C001936,1.66,47,south,direct,2384.15,1,0,0
C001937,2.24,19,east,broker,3733.87,1,0,0
C001938,1.77,29,south,agent,5131.56,3,1,0
C001939,9.59,69,north,bank,5236.8,1,0,0
C001940,8.84,56,east,agent,5481.16,3,1,0
C001941,1.15,48,west,agent,5645.17,2,0,0
C001942,1.61,48,west,agent,1372.75,1,0,0
C001943,2.57,43,east,agent,3482.93,2,0,0
C001944,3.6,31,east,agent,3978.32,4,0,1
C001945,4.9,44,north,broker,1850.37,1,0,0
C001946,5.75,23,east,bank,1094.49,1,0,0
C001947,5.73,67,west,bank,2739.25,2,0,0
C001948,4.78,37,south,bank,6862.06,2,0,0
C001949,8.18,22,north,direct,3215.02,1,1,0
C001950,0.69,50,south,direct,2710.31,2,0,0
C001951,4.0,35,east,agent,8310.83,3,1,0
C001952,2.38,41,west,bank,5851.06,3,0,0
C001953,3.51,49,east,direct,6804.59,7,0,0
C001954,1.17,42,east,direct,4328.31,2,0,0
C001955,2.75,44,east,bank,2291.68,3,0,0
C001956,3.89,46,north,bank,6652.8,3,0,1
C001957,1.58,67,east,bank,4951.61,1,0,0
C001958,19.47,21,east,agent,2261.01,1,1,0
C001959,9.14,39,east,bank,2964.6,3,0,0
C001960,8.09,54,east,agent,5183.47,0,0,0
C001961,0.56,44,west,agent,6678.86,1,0,0
C001962,5.23,67,north,agent,5738.05,2,1,0
C001963,3.39,55,east,agent,2181.94,1,0,0
C001964,2.81,35,south,agent,3653.91,2,0,0
C001965,11.47,60,north,bank,4096.59,0,1,0
C001966,8.57,60,east,bank,1435.98,1,0,0
C001967,1.08,33,south,agent,3690.79,2,0,0
C001968,4.17,38,south,agent,9701.9,3,0,0
C001969,4.81,65,east,bank,5597.7,0,0,0
C001970,1.85,39,south,agent,10099.74,0,0,0
C001971,3.7,53,north,direct,5038.67,2,0,0
C001972,2.29,52,east,bank,11436.16,1,0,0
C001973,27.08,61,north,bank,5005.97,3,0,0
C001974,6.61,22,north,bank,1109.72,0,0,0
C001975,4.52,40,north,direct,1534.03,1,0,0
C001976,0.66,53,west,broker,1944.19,1,0,0
C001977,7.03,46,south,agent,2045.81,0,1,0
C001978,3.89,85,south,bank,3997.74,1,0,0
C001979,4.43,53,north,broker,8074.46,2,0,0
C001980,3.77,24,west,agent,6550.07,2,0,0
C001981,9.42,36,north,agent,3731.65,2,1,0
C001982,11.71,56,east,bank,2930.97,1,0,0
C001983,3.3,18,west,agent,2690.91,1,0,0
C001984,5.95,55,north,agent,4340.96,2,0,0
C001985,3.8,29,north,agent,5644.9,2,0,0
C001986,17.98,64,south,broker,2642.54,4,1,0
C001987,2.74,51,west,agent,5411.79,4,0,0
C001988,3.87,64,east,agent,2081.58,3,0,0
C001989,8.14,34,north,agent,2549.35,0,1,0
C001990,14.13,61,north,direct,2917.36,1,0,0
C001991,0.66,45,west,bank,2893.28,1,0,0
C001992,5.48,33,west,agent,2686.53,4,0,0
C001993,0.9,30,west,agent,1697.73,1,0,0
C001994,2.92,54,east,direct,3387.35,0,0,0
C001995,14.13,35,north,agent,3916.46,0,1,0
C001996,8.31,48,north,agent,2939.13,3,1,0
C001997,2.55,30,west,agent,2468.7,3,1,0
C001998,8.98,56,north,direct,3453.51,1,0,0
C001999,2.33,38,west,agent,5118.48,2,1,0
C002000,11.99,34,west,direct,4252.55,3,1,0
C002001,15.1,47,south,bank,1559.27,3,1,0
C002002,9.38,50,west,direct,5617.7,1,0,0
C002003,9.56,44,north,broker,3436.33,0,0,0
C002004,1.81,32,south,agent,2797.39,0,0,0
C002005,4.4,40,north,bank,6979.73,4,0,1
C002006,7.53,48,north,bank,1993.39,1,0,0
C002007,5.44,36,north,broker,9726.35,0,1,0
C002008,2.43,28,east,agent,6588.43,1,0,0
C002009,4.51,31,east,bank,4707.3,1,0,0
C002010,6.12,48,east,bank,4049.18,1,1,1
C002011,21.55,55,north,agent,4338.71,2,0,0
C002012,8.69,34,east,bank,7390.81,3,0,0
C002013,6.39,42,north,agent,5033.1,3,0,0
C002014,10.75,52,west,agent,1506.58,1,1,0
C002015,7.8,38,west,bank,2350.5,0,0,0
C002016,3.09,49,west,agent,13236.68,3,0,0
C002017,15.77,59,north,direct,2353.83,2,0,0
C002018,4.75,64,east,bank,4782.58,2,0,0
C002019,3.36,44,west,bank,5576.16,0,0,0
C002020,6.05,37,south,direct,6310.5,1,0,0
C002021,10.01,43,west,broker,5353.62,4,0,0
C002022,3.05,46,west,agent,4297.3,0,0,0
C002023,7.53,46,south,direct,6853.11,1,0,1
C002024,4.42,73,west,agent,2779.18,1,0,0
C002025,4.25,40,east,bank,2677.66,2,0,0
C002026,8.8,53,east,agent,4472.02,1,0,0
C002027,6.64,48,west,agent,4521.48,0,0,0
C002028,3.78,39,west,agent,3786.83,4,0,0
C002029,4.5,59,north,broker,5908.31,1,0,0
C002030,2.3,33,west,bank,2363.93,3,0,0
C002031,2.88,19,south,broker,2150.86,1,0,0
C002032,5.4,61,south,agent,5238.18,1,1,0
C002033,3.42,40,north,direct,3675.51,1,0,0
C002034,6.27,30,north,direct,3286.55,0,0,0
C002035,5.75,39,east,direct,2235.54,2,0,0
C002036,10.36,25,north,agent,1944.15,1,0,0
C002037,9.61,68,east,direct,7493.65,2,0,0
C002038,6.61,23,north,direct,3515.05,3,0,0
C002039,3.88,36,north,agent,2549.62,2,1,0
C002040,4.74,30,north,agent,3964.27,3,0,0
C002041,13.93,37,north,broker,6865.92,1,0,0
C002042,0.75,57,south,bank,6617.08,1,0,0
C002043,5.11,63,west,direct,4965.81,1,0,0
C002044,6.3,51,south,direct,1914.71,2,0,0
C002045,8.1,60,west,broker,1899.72,2,0,0
C002046,5.75,55,west,direct,9563.61,3,1,0
C002047,9.54,39,east,direct,4356.81,1,1,0
C002048,1.26,43,south,broker,2198.99,1,0,0
C002049,12.39,39,east,bank,3559.97,2,0,0
C002050,5.94,61,north,agent,2284.02,0,1,0
C002051,7.66,55,west,bank,3436.6,1,0,0
C002052,9.84,44,north,direct,4774.47,2,0,0
C002053,0.1,27,west,agent,1960.6,3,0,0
C002054,2.45,18,east,direct,8463.25,3,0,0
C002055,5.7,20,east,broker,3019.71,1,0,0
C002056,6.96,50,north,bank,9698.1,2,0,0
C002057,4.47,48,north,bank,4167.23,3,0,1
C002058,2.08,41,east,direct,2728.82,3,0,0
C002059,3.44,55,west,direct,1869.08,0,0,0
C002060,4.06,35,south,agent,2050.27,3,1,1
C002061,3.69,32,east,agent,3203.81,2,0,0
C002062,5.34,41,south,broker,1612.5,2,1,0
C002063,0.06,53,east,direct,2538.72,1,1,0
C002064,1.66,74,west,direct,3320.95,0,1,0
C002065,4.41,31,west,direct,1888.16,3,0,0
C002066,0.65,41,west,broker,1745.68,1,0,0
C002067,12.18,48,north,agent,2948.52,1,0,0
C002068,7.89,68,east,bank,2909.62,1,1,0
C002069,9.99,35,north,bank,1245.56,0,0,0
C002070,7.75,31,west,direct,3473.15,1,1,1
C002071,5.18,49,west,agent,6619.98,4,1,0
C002072,10.87,39,west,bank,3042.87,1,0,0
C002073,1.29,61,west,direct,2252.04,3,1,0
C002074,3.16,61,south,broker,9821.4,0,0,0
C002075,1.79,40,south,broker,2987.15,3,0,0
C002076,0.43,30,south,agent,4853.68,2,0,1
C002077,6.59,37,north,agent,2550.47,3,0,0
C002078,7.71,45,east,agent,6755.97,1,0,0
C002079,5.39,51,west,direct,2742.03,2,0,0
C002080,2.42,41,east,direct,3000.82,2,0,0
C002081,7.61,18,south,agent,3782.05,4,0,0
C002082,4.46,38,south,agent,2839.6,2,0,1
C002083,10.86,35,east,agent,4501.38,1,0,0
C002084,1.8,58,west,agent,2434.58,3,0,0
C002085,1.79,40,west,bank,1159.96,2,0,0
C002086,3.03,45,east,broker,2490.46,1,1,0
C002087,5.89,41,west,bank,4788.57,2,0,0
C002088,5.97,37,north,bank,4799.4,1,0,0
C002089,4.11,59,south,bank,6734.42,2,0,0
C002090,5.55,18,west,agent,10361.63,1,0,0
C002091,5.56,51,south,bank,3341.2,3,0,0
C002092,3.5,26,south,agent,12371.93,1,0,0
C002093,6.29,45,east,bank,4000.98,4,0,0
C002094,8.96,40,west,direct,3563.69,6,0,0
C002095,6.52,41,north,agent,1260.39,5,0,0
C002096,4.77,65,south,direct,6649.26,2,0,1
C002097,10.1,53,south,bank,2418.34,1,0,0
C002098,13.76,75,south,direct,7589.86,1,1,0
C002099,3.77,37,south,direct,5214.58,1,0,0
C002100,8.52,30,north,direct,3334.84,1,0,0
C002101,10.56,52,west,broker,4034.86,2,1,0
C002102,1.97,47,west,agent,1976.72,2,0,0
C002103,4.34,52,north,bank,1781.13,0,0,0
C002104,8.74,35,west,agent,3717.93,1,1,0
C002105,1.77,53,west,broker,1925.01,1,0,0
C002106,2.08,41,west,direct,6532.51,1,0,0
C002107,11.65,40,south,agent,4746.42,1,0,0
C002108,2.07,57,south,direct,4906.69,4,0,1
C002109,8.05,58,north,agent,1506.27,0,0,0
C002110,5.33,48,south,direct,4505.3,4,0,0
C002111,2.98,53,west,agent,5695.89,3,1,1
C002112,6.02,41,west,bank,2282.73,3,0,0
C002113,7.87,49,north,agent,2874.79,3,0,0
C002114,3.49,59,south,agent,7959.64,1,0,0
C002115,6.59,29,north,broker,4169.19,0,0,0
C002116,4.88,46,south,agent,14970.43,2,0,0
C002117,2.92,37,south,agent,2101.33,3,0,0
C002118,3.34,42,south,agent,7482.94,1,0,0
C002119,6.41,66,east,agent,6603.3,1,0,0
C002120,3.19,44,east,bank,4333.25,1,0,0
C002121,7.8,31,north,direct,3681.51,0,0,1
C002122,11.06,36,north,direct,6015.4,1,0,0
C002123,2.4,44,east,broker,4239.18,1,0,1
C002124,5.94,34,west,bank,2967.99,0,0,0
C002125,4.74,51,south,bank,5335.18,1,0,0
C002126,2.99,50,south,broker,3492.33,0,0,0
C002127,2.61,71,west,bank,6435.21,1,1,0
C002128,5.77,31,east,agent,2995.45,0,0,0
C002129,2.53,31,east,agent,1434.84,2,0,0
C002130,3.81,38,north,agent,2727.51,3,0,0
C002131,13.92,41,east,direct,5995.35,1,0,0
C002132,1.06,54,east,direct,4666.78,1,0,1
C002133,5.75,50,north,broker,10432.7,2,1,1
C002134,8.22,28,west,agent,1839.87,1,0,0
C002135,10.92,32,north,agent,9693.28,4,0,0
C002136,3.55,38,east,agent,3656.94,0,1,0
C002137,2.33,40,south,bank,4661.68,0,0,0
C002138,4.89,22,south,direct,4541.66,1,0,0
C002139,0.59,60,east,direct,2284.75,3,0,0
C002140,6.29,51,north,agent,2382.73,3,0,1
C002141,1.33,18,south,agent,3212.47,3,0,0
C002142,3.76,20,west,bank,3240.24,0,0,0
C002143,6.31,55,north,broker,3979.14,1,0,0
C002144,3.17,46,south,agent,8147.52,3,0,0
C002145,7.73,51,south,agent,14006.27,0,1,0
C002146,12.75,33,south,agent,1824.36,2,0,0
C002147,1.43,40,west,agent,2293.17,0,0,0
C002148,17.21,38,north,agent,2914.35,1,0,1
C002149,7.47,48,east,direct,2135.7,2,0,0
C002150,1.59,26,east,agent,2935.42,2,0,0
C002151,5.87,25,north,agent,1581.21,1,1,0
C002152,6.84,46,south,broker,2217.75,1,0,0
C002153,5.57,47,east,agent,5664.54,0,0,0
C002154,1.25,57,east,broker,2865.51,5,1,0
C002155,10.6,41,north,agent,4527.5,2,1,0
C002156,0.51,44,west,direct,6990.78,3,0,0
C002157,1.39,38,west,agent,6720.57,0,0,1
C002158,7.84,39,north,bank,4657.33,1,0,0
C002159,3.92,42,east,agent,2318.15,0,1,0
C002160,2.24,36,east,direct,3204.98,2,0,0
C002161,6.64,52,north,direct,1613.15,0,1,0
C002162,1.09,38,east,agent,2837.61,4,0,0
C002163,3.61,39,west,agent,10806.13,0,0,0
C002164,1.26,29,west,direct,5977.77,0,0,0
C002165,9.25,55,north,direct,11055.93,1,1,1
C002166,5.83,56,east,agent,1324.41,0,0,1
C002167,2.79,32,south,bank,738.43,1,0,0
C002168,3.22,61,west,direct,1904.18,1,0,0
C002169,5.93,28,north,agent,5932.77,1,0,0
C002170,5.67,20,north,broker,2989.69,2,0,0
C002171,3.96,45,west,broker,1400.76,2,0,0
C002172,1.76,64,west,agent,6301.78,0,0,0
C002173,4.46,41,east,bank,1579.99,0,0,0
C002174,5.08,42,west,broker,1504.61,1,0,0
C002175,4.27,48,north,agent,6446.39,3,0,0
C002176,3.13,23,east,agent,2051.68,3,1,0
C002177,5.08,42,west,agent,2835.01,3,1,0
C002178,13.56,36,south,broker,6208.8,2,0,0
C002179,3.95,18,north,agent,2812.15,1,0,0
C002180,10.23,37,east,bank,5266.56,2,0,1
C002181,14.57,56,south,broker,3389.43,1,0,0
C002182,6.79,36,south,broker,4574.49,3,0,0
C002183,4.83,51,west,direct,6823.19,2,0,0
C002184,18.36,61,south,bank,5152.07,3,1,0
C002185,5.58,55,south,bank,2688.74,1,0,0
C002186,6.83,38,north,agent,3142.46,1,0,0
C002187,16.28,35,east,agent,5863.41,0,0,0
C002188,4.48,55,east,agent,12247.98,2,0,0
C002189,12.02,38,west,direct,8072.92,1,0,1
C002190,7.5,24,north,agent,2834.68,3,0,0
C002191,0.98,44,east,direct,5375.78,2,0,0
C002192,5.12,42,east,broker,9200.77,0,0,0
C002193,7.7,40,south,agent,4784.8,2,0,0
C002194,4.38,18,south,bank,1459.16,2,0,1
C002195,9.45,40,north,direct,2760.44,2,0,0
C002196,9.65,32,north,agent,2279.62,2,0,0
C002197,5.08,34,east,agent,7789.69,0,0,0
C002198,2.47,68,west,broker,4302.56,0,0,0
C002199,15.52,36,west,agent,4145.39,0,0,0
C002200,2.18,47,east,agent,2847.09,0,0,0
C002201,3.2,50,west,bank,2340.99,2,0,1
C002202,4.52,31,east,bank,5194.83,2,0,0
C002203,2.15,49,south,direct,3026.78,2,0,0
C002204,2.91,60,west,direct,3283.67,3,0,0
C002205,8.8,43,east,bank,4827.55,2,0,0
C002206,4.75,29,east,direct,9384.38,1,0,0
C002207,2.16,51,east,bank,4253.58,2,0,0
C002208,5.86,32,west,agent,1842.23,4,0,0
C002209,10.05,58,west,agent,5319.83,2,1,0
C002210,5.01,41,west,direct,10536.79,4,0,0
C002211,1.31,27,east,direct,3547.87,1,0,0
C002212,7.14,37,west,agent,1800.21,2,1,0
C002213,5.23,53,east,agent,2103.72,1,1,0
C002214,5.38,35,north,agent,5849.65,3,0,1
C002215,3.71,74,south,agent,3279.71,2,1,0
C002216,5.76,24,south,agent,5755.35,1,0,1
C002217,5.04,40,west,agent,4153.78,1,0,0
C002218,5.32,61,south,broker,6963.94,0,0,0
C002219,0.93,56,east,direct,1846.21,1,0,0
C002220,5.0,45,west,broker,2070.81,1,0,0
C002221,13.01,51,west,agent,6856.39,0,0,0
C002222,1.11,18,east,direct,1759.94,2,0,0
C002223,11.52,38,north,bank,5983.93,2,0,0
C002224,5.16,50,west,direct,2178.87,2,1,0
C002225,4.62,35,south,direct,3429.41,3,1,1
C002226,5.19,81,south,bank,3898.22,1,1,1
C002227,2.52,43,east,agent,2528.96,0,1,0
C002228,1.33,47,west,bank,3062.3,1,0,0
C002229,3.85,66,west,direct,4871.77,1,0,0
C002230,1.83,30,east,agent,4324.27,4,1,0
C002231,5.6,52,west,bank,4705.25,4,0,0
C002232,6.14,33,east,agent,4415.98,1,0,0
C002233,8.91,46,north,agent,3098.56,1,1,0
C002234,6.21,55,north,direct,8801.79,3,1,1
C002235,3.56,58,west,agent,3045.05,2,0,1
C002236,6.72,54,east,agent,3857.69,1,1,0
C002237,4.32,34,north,direct,2948.37,1,0,0
C002238,8.63,44,west,bank,3728.99,2,1,0
C002239,14.22,33,north,bank,7085.23,2,1,0
C002240,1.59,53,south,direct,6457.34,5,0,1
C002241,1.07,53,south,direct,6422.56,0,0,0
C002242,3.1,60,east,bank,6050.12,1,0,0
C002243,6.24,18,west,direct,3426.29,3,0,0
C002244,1.37,68,west,direct,3433.16,4,0,0
C002245,3.11,63,east,agent,1612.42,1,0,0
C002246,2.48,52,west,agent,6542.1,3,1,0
C002247,8.16,32,west,agent,4955.24,0,0,0
C002248,2.43,54,south,bank,4817.12,2,0,0
C002249,4.71,58,east,bank,3736.57,2,0,1
C002250,7.23,45,east,agent,11133.82,3,0,0
C002251,2.82,43,south,agent,4399.36,3,0,0
C002252,14.03,53,south,agent,7339.26,2,1,0
C002253,4.73,28,east,agent,2498.5,3,0,0
C002254,4.5,28,west,agent,3911.31,2,0,0
C002255,4.3,47,west,bank,5332.79,0,0,0
C002256,4.31,42,east,direct,3264.44,1,0,0
C002257,6.75,36,north,direct,12220.93,3,0,0
C002258,3.18,33,south,agent,8364.58,4,0,0
C002259,6.56,37,south,bank,1804.11,2,0,0
C002260,4.02,36,east,broker,7216.27,2,1,1
C002261,8.36,53,north,broker,2209.34,0,0,0
C002262,9.55,42,north,direct,2608.22,0,0,0
C002263,4.23,41,south,direct,3155.34,4,0,0
C002264,12.04,36,north,agent,6659.06,1,1,1
C002265,5.18,33,south,bank,5330.09,1,0,0
C002266,5.67,47,north,bank,1734.73,2,0,0
C002267,4.69,39,east,agent,8351.38,1,0,0
C002268,0.38,34,west,broker,2163.65,0,0,1
C002269,7.51,58,north,bank,5183.03,2,0,0
C002270,2.65,59,east,direct,3798.02,3,0,0
C002271,6.81,43,north,broker,10879.99,1,0,0
C002272,11.55,35,north,direct,5825.29,0,0,0
C002273,0.86,25,east,bank,5200.82,3,0,0
C002274,5.47,40,north,bank,3463.65,1,0,0
C002275,4.85,36,east,bank,6906.9,0,0,0
C002276,8.48,60,west,broker,2785.38,1,1,0
C002277,2.47,44,south,bank,3100.07,2,0,0
C002278,5.17,58,east,broker,10082.09,1,0,0
C002279,6.43,48,east,bank,4412.14,1,0,1
C002280,3.99,55,south,broker,2656.16,2,0,0
C002281,6.77,57,west,bank,6875.7,1,1,0
C002282,1.22,35,east,agent,2008.46,1,0,0
C002283,1.41,49,east,broker,4371.43,6,0,0
C002284,6.11,21,north,agent,4848.01,0,0,0
C002285,5.72,38,east,broker,2227.92,0,0,0
C002286,5.35,50,west,bank,2256.25,2,0,0
C002287,9.18,57,east,bank,8764.54,1,0,0
C002288,16.26,51,north,broker,4717.83,2,1,0
C002289,7.89,52,south,agent,4969.55,1,0,0
C002290,4.33,41,west,agent,2780.63,0,0,0
C002291,10.5,49,north,agent,2872.2,1,1,0
C002292,7.05,31,south,bank,2109.91,1,0,0
C002293,5.37,57,north,agent,2695.41,0,1,1
C002294,1.68,31,south,broker,1511.39,2,0,0
C002295,1.68,60,east,bank,3326.62,2,0,0
C002296,7.41,30,south,broker,5430.6,4,0,0
C002297,2.77,67,east,broker,1515.14,6,0,0
C002298,8.29,20,south,agent,1579.1,3,0,0
C002299,8.06,47,south,agent,6277.63,1,0,0
C002300,4.06,41,north,bank,1837.26,2,0,0
C002301,2.29,38,south,broker,1901.89,4,0,0
C002302,16.93,53,east,broker,4090.8,4,0,0
C002303,1.85,36,west,direct,3300.48,4,0,0
C002304,0.84,52,south,agent,16711.32,3,0,0
C002305,4.11,50,north,bank,4160.21,1,0,0
C002306,7.31,43,south,agent,3073.4,1,1,0
C002307,3.88,35,south,agent,1633.1,2,1,0
C002308,0.8,42,south,bank,2702.93,0,0,0
C002309,6.96,51,south,agent,1748.5,1,0,1
C002310,6.56,56,south,broker,3302.51,3,0,0
C002311,0.82,22,east,agent,6068.3,1,0,0
C002312,6.66,39,north,agent,3107.46,3,0,0
C002313,3.38,50,east,bank,2301.68,2,0,0
C002314,7.81,42,south,broker,3555.48,0,0,1
C002315,4.97,79,east,direct,2516.1,1,1,0
C002316,7.47,65,north,direct,1513.17,3,1,0
C002317,20.28,38,north,agent,5829.8,1,1,0
C002318,3.49,27,north,agent,3236.58,3,1,0
C002319,6.52,18,east,bank,4942.92,1,0,0
C002320,6.1,45,south,direct,2306.88,0,0,0
C002321,5.89,39,south,bank,3948.78,4,0,0
C002322,6.09,63,west,agent,2911.02,3,0,0
C002323,1.93,58,west,agent,3863.09,1,1,0
C002324,7.86,33,east,broker,1121.42,2,0,0
C002325,16.74,44,north,agent,1772.21,1,1,0
C002326,7.2,41,west,agent,3625.42,1,1,0
C002327,13.6,46,south,agent,7252.49,2,1,0
C002328,10.71,50,south,direct,6669.51,1,0,0
C002329,4.13,60,south,bank,3400.12,2,0,0
C002330,9.93,55,west,agent,2990.94,1,0,0
C002331,7.92,57,west,broker,1226.14,0,0,0
C002332,4.13,28,north,direct,1740.16,2,0,0
C002333,0.68,35,east,agent,1323.1,1,0,0
C002334,2.05,55,south,agent,4096.92,2,1,0
C002335,3.11,40,west,agent,6883.09,2,0,0
C002336,3.4,47,east,direct,7665.09,2,0,0
C002337,2.56,75,south,agent,6128.61,3,1,0
C002338,14.47,45,north,broker,5145.46,3,1,0
C002339,11.42,46,north,broker,6626.5,3,0,0
C002340,10.09,60,north,bank,2944.29,6,0,0
C002341,9.28,34,south,agent,2350.12,2,0,0
C002342,6.16,36,west,broker,3014.68,3,0,0
C002343,6.21,37,north,bank,8777.67,4,0,0
C002344,3.79,20,south,agent,4846.23,3,1,0
C002345,6.86,60,north,agent,2654.71,2,1,0
C002346,1.66,48,south,bank,6316.87,1,0,0
C002347,3.5,47,east,agent,5459.43,1,1,0
C002348,6.03,30,east,agent,2429.68,0,0,0
C002349,5.64,35,east,agent,7983.64,0,0,0
C002350,15.23,68,north,agent,3763.95,2,1,0
C002351,1.69,28,east,direct,5294.05,0,0,0
C002352,5.57,61,south,broker,4682.85,3,0,0
C002353,2.35,60,east,direct,2718.35,1,0,0
C002354,1.21,43,east,direct,4149.94,3,0,0
C002355,5.52,50,west,direct,4581.2,3,0,1
C002356,2.86,57,west,direct,3830.6,0,1,0
C002357,9.29,18,north,bank,3166.91,5,0,0
C002358,8.77,70,north,bank,8456.49,1,0,0
C002359,6.21,39,north,direct,2427.14,2,0,0
C002360,1.49,39,east,direct,9481.12,1,0,0
C002361,10.2,53,north,direct,801.87,2,1,1
C002362,8.44,46,south,direct,2812.29,2,0,0
C002363,12.98,44,north,broker,9135.65,2,0,0
C002364,3.23,35,east,agent,6902.97,2,0,0
C002365,1.95,37,south,agent,1270.11,4,0,0
C002366,3.49,55,east,direct,1835.32,3,0,0
C002367,2.98,24,east,bank,5818.51,4,0,0
C002368,4.47,62,south,bank,4263.32,1,0,0
C002369,0.64,44,south,bank,2293.52,1,1,0
C002370,1.29,41,east,direct,3073.61,1,1,0
C002371,3.73,60,south,broker,1591.95,4,0,0
C002372,7.34,38,south,agent,4506.11,1,0,0
C002373,10.42,35,south,agent,2547.7,3,1,0
C002374,6.87,68,south,agent,6038.28,1,0,0
C002375,2.1,54,east,agent,2712.6,3,0,0
C002376,3.51,35,east,broker,3341.23,2,0,0
C002377,3.3,49,east,agent,4077.25,1,1,0
C002378,0.67,41,west,agent,2155.38,2,0,0
C002379,1.22,41,west,broker,3926.72,1,0,0
C002380,3.47,22,east,agent,3276.23,3,0,0
C002381,4.52,58,west,direct,2881.4,6,0,0
C002382,9.29,37,north,agent,3836.16,1,0,1
C002383,8.35,47,south,bank,5187.4,4,0,0
C002384,6.67,18,south,bank,2805.01,1,0,0
C002385,1.76,30,west,agent,4208.55,2,1,0
C002386,8.15,65,east,agent,2681.5,4,0,0
C002387,9.06,43,north,bank,2613.23,1,0,0
C002388,9.09,31,west,broker,13137.68,1,0,0
C002389,5.19,39,west,broker,3736.01,1,1,0
C002390,3.52,50,south,bank,2669.79,3,0,0
C002391,3.22,49,east,agent,6084.8,3,0,0
C002392,1.28,35,west,bank,1904.28,1,0,0
C002393,0.73,25,east,bank,6259.96,3,0,0
C002394,7.28,85,north,agent,2019.64,2,1,0
C002395,6.5,33,south,broker,4047.34,3,0,0
C002396,5.24,49,west,broker,2417.6,3,0,0
C002397,2.93,33,west,bank,1415.58,3,0,1
C002398,18.56,45,west,broker,5615.42,4,0,0
C002399,6.38,32,east,direct,2437.83,3,0,0
C002400,2.84,74,south,bank,6115.01,2,0,0
C002401,7.81,63,east,broker,1160.83,2,0,0
C002402,5.47,69,south,agent,2393.71,2,0,0
C002403,4.49,41,west,bank,2352.81,3,1,0
C002404,12.85,36,north,direct,5655.52,3,1,0
C002405,1.81,57,south,bank,5315.53,2,0,0
C002406,18.43,78,west,direct,1036.76,1,0,0
C002407,4.65,37,west,agent,3922.62,2,0,0
C002408,6.72,51,north,broker,3591.9,5,1,0
C002409,0.93,40,south,direct,2945.75,3,0,0
C002410,7.53,53,north,agent,1719.59,2,1,0
C002411,2.14,18,south,broker,5214.63,1,0,0
C002412,3.35,34,south,broker,4049.3,2,0,0
C002413,3.86,26,north,broker,1342.14,2,0,0
C002414,3.96,61,south,agent,3919.67,0,0,0
C002415,5.25,18,east,bank,4350.92,0,0,0
C002416,8.17,22,north,broker,9584.17,1,0,0
C002417,6.16,24,north,agent,7487.01,4,0,0
C002418,4.15,37,north,bank,6121.28,2,0,0
C002419,7.02,56,north,direct,2312.38,2,0,0
C002420,2.34,45,east,agent,4788.14,1,0,0
C002421,6.32,44,east,direct,4612.42,3,0,1
C002422,3.85,59,west,agent,9103.98,2,0,0
C002423,5.06,63,south,bank,2079.07,0,0,0
C002424,5.4,44,west,bank,10149.74,0,0,0
C002425,8.57,53,south,bank,3925.37,0,0,0
C002426,4.8,47,east,broker,11998.99,1,0,1
C002427,7.49,56,north,agent,1401.91,2,0,0
C002428,7.64,34,east,direct,3100.11,2,0,0
C002429,12.43,41,east,agent,6409.15,2,1,0
C002430,2.42,38,west,direct,4241.17,2,0,0
C002431,6.16,41,north,bank,2478.21,0,0,0
C002432,10.01,31,west,broker,1531.47,1,0,0
C002433,3.02,50,south,direct,3260.41,0,0,0
C002434,11.0,77,west,agent,4498.23,2,0,0
C002435,6.67,41,east,agent,3471.36,0,0,0
C002436,5.66,59,west,agent,2212.74,0,0,1
C002437,3.1,45,west,bank,7071.83,2,0,1
C002438,10.22,55,north,agent,14331.96,2,1,0
C002439,0.68,31,west,direct,1393.49,4,0,0
C002440,8.23,72,south,agent,2171.33,2,0,0
C002441,13.6,57,east,direct,4755.22,1,1,0
C002442,3.7,32,west,direct,1154.08,3,0,0
C002443,8.51,39,north,broker,3827.23,3,0,0
C002444,9.1,55,west,bank,7052.75,1,0,0
C002445,6.17,28,west,broker,3486.9,1,1,0
C002446,10.55,37,south,broker,1593.15,0,1,0
C002447,0.95,53,west,bank,6480.74,1,0,0
C002448,7.65,62,north,direct,2011.27,3,0,0
C002449,1.73,68,west,direct,2683.03,3,0,1
C002450,1.1,51,south,bank,11183.86,3,0,0
C002451,10.64,38,north,agent,1765.25,2,0,0
C002452,8.63,30,north,bank,3208.8,2,0,0
C002453,5.0,54,west,broker,5805.77,3,1,0
C002454,9.95,64,north,broker,1019.83,6,1,0
C002455,17.16,50,north,direct,1282.25,4,1,0
C002456,12.69,59,north,agent,3396.35,1,1,0
C002457,2.15,39,east,agent,6977.86,2,0,0
C002458,5.17,19,west,broker,3287.28,0,0,0
C002459,5.23,41,east,agent,2587.56,0,0,0
C002460,14.96,60,north,bank,8890.06,4,1,0
C002461,6.84,41,west,direct,5425.68,1,0,0
C002462,0.87,25,west,agent,880.44,2,0,0
C002463,6.86,33,north,bank,2134.26,2,0,0
C002464,4.89,51,west,bank,1891.31,2,0,0
C002465,15.28,30,south,agent,4248.42,1,1,0
C002466,2.04,63,west,direct,1926.54,2,0,1
C002467,8.05,42,north,agent,6167.07,4,0,0
C002468,2.13,54,west,agent,4326.88,0,0,0
C002469,7.27,45,north,agent,5210.76,3,1,0
C002470,7.79,64,north,broker,4735.48,3,0,0
C002471,3.77,53,west,agent,6116.17,2,0,0
C002472,2.2,41,south,agent,2950.18,0,0,0
C002473,8.45,47,east,bank,3011.13,2,0,0
C002474,7.46,33,east,agent,5030.89,3,0,0
C002475,5.46,62,west,direct,4562.99,2,1,0
C002476,2.57,37,east,direct,7342.37,1,0,0
C002477,3.15,22,east,direct,4871.78,1,0,0
C002478,1.82,51,south,agent,7207.5,2,0,0
C002479,2.96,55,west,agent,3377.83,5,1,0
C002480,2.0,51,east,broker,10208.83,1,0,0
C002481,4.96,58,east,bank,1248.6,1,1,0
C002482,2.09,37,south,direct,7618.97,1,0,0
C002483,5.25,36,west,broker,4914.19,0,0,0
C002484,5.21,70,north,agent,2990.18,1,0,0
C002485,5.82,29,west,direct,3364.45,3,0,0
C002486,6.61,60,west,broker,5522.74,4,0,0
C002487,7.93,78,north,agent,1979.74,2,0,0
C002488,5.96,18,east,broker,4845.24,4,0,0
C002489,7.64,47,south,agent,7651.09,2,0,0
C002490,13.2,32,west,agent,1310.51,2,1,0
C002491,1.55,58,east,agent,5037.71,3,0,0
C002492,7.0,73,north,agent,2812.57,0,1,0
C002493,10.53,44,west,broker,2612.45,2,0,0
C002494,2.77,18,east,broker,4792.61,3,0,0
C002495,9.35,44,north,direct,9678.14,6,1,0
C002496,9.12,56,west,agent,6261.17,3,1,0
C002497,8.45,37,north,agent,5877.85,1,0,0
C002498,11.01,50,east,agent,2917.77,1,1,0
C002499,11.09,48,south,bank,7207.66,0,1,0
C002500,3.78,27,west,bank,10254.55,4,0,0
C002501,6.17,46,south,bank,5080.99,3,0,0
C002502,1.81,51,south,agent,6240.89,0,0,0
C002503,2.16,40,west,bank,9067.79,2,0,0
C002504,10.55,46,south,agent,2939.93,2,0,0
C002505,2.0,47,east,agent,2097.16,2,0,0
C002506,4.07,60,north,direct,6948.69,1,0,0
C002507,5.83,41,east,bank,4466.44,4,1,0
C002508,10.46,53,north,agent,2432.84,3,0,0
C002509,4.03,36,south,agent,3971.13,4,0,0
C002510,4.33,47,east,broker,993.97,1,0,0
C002511,0.59,43,south,bank,3402.8,1,0,0
C002512,0.91,55,west,direct,2482.54,3,0,0
C002513,6.52,47,north,agent,2422.38,1,1,0
C002514,7.86,42,west,agent,2735.9,2,1,0
C002515,9.21,61,north,bank,2903.52,6,1,0
C002516,1.3,66,south,bank,6381.11,2,1,0
C002517,7.37,22,north,agent,2543.25,1,0,0
C002518,5.33,46,east,broker,11438.63,1,0,0
C002519,2.84,58,south,broker,5131.71,1,0,0
C002520,8.45,20,north,agent,3961.31,1,0,0
C002521,7.85,62,north,bank,3296.14,6,0,1
C002522,5.2,51,north,direct,2409.87,4,0,1
C002523,5.62,43,north,broker,2110.33,0,0,0
C002524,12.38,41,west,direct,5616.08,0,0,0
C002525,5.79,50,east,agent,2511.73,0,1,0
C002526,1.63,39,east,agent,6266.79,4,0,0
C002527,7.54,45,north,direct,7803.41,0,0,1
C002528,6.76,40,west,bank,2413.57,5,0,0
C002529,3.93,28,south,direct,2464.31,1,0,1
C002530,2.33,46,west,direct,3722.8,4,0,0
C002531,3.65,44,west,agent,8559.1,0,0,0
C002532,11.82,43,north,bank,2138.63,0,1,0
C002533,2.19,51,west,broker,1250.09,2,0,0
C002534,6.06,56,east,direct,2476.91,2,1,0
C002535,9.38,35,west,direct,3485.02,1,0,0
C002536,1.04,50,east,agent,5262.35,1,0,0
C002537,12.96,45,west,direct,1418.72,1,1,0
C002538,2.91,59,east,agent,5519.65,1,1,0
C002539,3.92,30,south,agent,2524.69,2,0,0
C002540,5.8,48,west,bank,1625.54,2,0,0
C002541,0.71,47,west,broker,8427.96,1,0,0
C002542,1.9,51,east,agent,9197.66,4,0,0
C002543,9.26,52,west,bank,4229.35,2,0,0
C002544,2.73,58,east,agent,4727.55,0,1,0
C002545,3.86,40,south,broker,744.53,1,0,1
C002546,5.52,36,north,direct,1488.38,1,0,0
C002547,5.82,36,north,broker,6670.63,0,0,1
C002548,4.27,43,north,bank,2878.87,1,0,1
C002549,9.83,56,east,agent,2927.02,5,0,0
C002550,6.2,61,north,agent,1366.09,2,0,0
C002551,6.89,25,south,direct,1533.93,4,0,0
C002552,7.11,37,west,direct,16937.32,3,0,0
C002553,3.41,69,west,direct,2847.95,3,0,0
C002554,8.92,21,north,agent,6748.44,1,0,0
C002555,7.63,30,south,direct,7346.27,1,0,0
C002556,11.0,18,north,agent,1547.89,0,0,0
C002557,4.59,37,east,bank,2604.13,1,0,1
C002558,3.32,26,south,agent,1862.18,2,0,1
C002559,3.09,43,east,direct,3471.07,1,0,0
C002560,16.53,75,north,agent,1673.58,1,1,0
C002561,13.28,49,north,direct,38494.7,0,0,0
C002562,2.09,52,east,agent,2526.77,5,0,0
C002563,1.82,29,east,agent,2911.42,1,0,0
C002564,1.76,63,south,agent,1826.11,2,0,0
C002565,3.96,18,east,bank,2751.3,1,1,0
C002566,14.76,43,east,direct,3878.87,4,1,0
C002567,4.46,37,east,agent,1890.63,3,0,0
C002568,7.58,61,north,agent,3376.34,2,0,1
C002569,0.95,54,east,bank,1126.69,2,0,0
C002570,4.31,46,north,bank,4775.78,2,0,0
C002571,5.94,66,east,bank,6480.79,2,0,1
C002572,1.6,55,west,agent,3168.16,3,0,0
C002573,12.63,50,east,direct,2652.21,5,0,0
C002574,10.32,36,north,agent,15819.42,2,0,0
C002575,2.07,18,south,direct,4509.74,3,0,0
C002576,4.98,47,west,agent,3013.41,2,0,0
C002577,7.99,18,south,bank,7559.03,4,0,0
C002578,1.63,51,west,broker,4047.62,1,0,0
C002579,17.25,62,north,broker,8589.41,2,1,0
C002580,8.49,42,north,broker,4188.98,0,0,0
C002581,3.88,56,west,bank,3732.18,0,0,0
C002582,6.81,41,west,direct,3085.77,2,0,0
C002583,5.76,47,west,direct,2878.92,3,0,0
C002584,2.11,30,west,agent,4172.26,3,0,0
C002585,7.12,56,north,bank,2961.06,3,0,0
C002586,3.21,43,east,bank,3831.37,2,0,0
C002587,1.53,55,east,bank,3006.65,3,0,0
C002588,7.7,60,south,agent,2850.99,4,1,0
C002589,2.91,27,south,direct,656.85,5,0,0
C002590,3.05,55,west,agent,2477.95,0,0,0
C002591,4.38,45,west,direct,14653.64,1,0,0
C002592,3.33,37,west,bank,4245.86,3,0,0
C002593,2.84,56,west,agent,3129.83,2,0,0
C002594,18.13,42,north,broker,3183.15,3,0,0
C002595,1.18,53,west,direct,3086.8,1,0,1
C002596,3.54,26,west,agent,2122.77,3,0,0
C002597,2.37,27,west,agent,3070.72,0,0,0
C002598,10.71,47,south,agent,2901.37,3,0,0
C002599,5.89,43,east,agent,2620.18,2,0,0
C002600,12.64,51,north,direct,2626.51,4,0,0
C002601,7.58,46,east,agent,3135.54,2,0,0
C002602,2.2,45,south,bank,2631.99,1,0,0
C002603,4.46,37,north,direct,4523.74,1,0,0
C002604,5.05,47,east,direct,937.11,0,0,0
C002605,7.16,44,east,agent,6435.61,1,1,0
C002606,1.18,38,east,agent,2937.43,1,0,0
C002607,4.82,36,east,direct,4837.76,3,0,0
C002608,6.27,52,west,direct,1169.28,2,1,0
C002609,18.46,46,west,agent,12588.37,3,0,1
C002610,7.71,54,north,agent,5943.62,5,0,0
C002611,1.27,49,east,broker,2837.26,2,0,0
C002612,2.17,69,east,agent,3175.38,2,1,0
C002613,4.43,34,west,direct,4392.18,1,0,0
C002614,5.68,35,north,bank,2875.99,0,0,0
C002615,1.24,60,south,bank,13412.03,4,0,0
C002616,15.32,46,south,agent,5184.68,3,1,0
C002617,4.73,32,west,bank,3609.94,3,0,0
C002618,15.06,55,south,bank,4953.41,2,0,0
C002619,0.91,54,east,bank,8252.71,2,0,1
C002620,6.6,33,south,direct,2766.02,3,0,0
C002621,3.83,27,south,direct,3804.22,0,0,1
C002622,4.57,45,east,direct,9306.39,1,0,0
C002623,5.95,35,north,agent,3485.17,3,0,0
C002624,19.82,39,north,direct,3370.47,3,0,0
C002625,5.27,37,west,bank,11010.89,2,0,0
C002626,3.36,45,west,agent,10051.6,2,0,0
C002627,10.98,43,south,direct,5134.7,4,1,0
C002628,6.8,44,east,bank,11621.5,0,0,0
C002629,5.87,21,north,bank,5507.61,0,0,0
C002630,3.26,57,south,bank,1946.62,2,0,0
C002631,2.22,18,south,agent,1854.05,1,0,0
C002632,6.64,48,north,bank,3059.08,2,0,0
C002633,5.47,21,east,direct,17139.07,1,0,0
C002634,2.04,64,east,bank,3367.24,3,1,0
C002635,23.21,41,south,agent,1313.88,1,0,0
C002636,5.49,28,south,agent,3932.46,1,0,0
C002637,2.93,51,south,broker,3657.53,0,0,0
C002638,8.2,43,north,bank,4476.41,0,0,0
C002639,1.4,50,east,agent,5571.84,1,1,0
C002640,1.37,61,south,bank,1668.2,0,0,0
C002641,8.91,48,south,agent,5111.55,5,1,0
C002642,0.93,51,south,bank,4329.57,0,0,0
C002643,5.05,42,north,broker,5156.31,2,1,0
C002644,4.4,54,east,bank,3147.82,1,0,0
C002645,4.67,37,south,bank,7111.56,2,0,0
C002646,3.56,24,west,bank,3325.04,0,0,0
C002647,7.38,30,west,broker,3172.66,2,0,0
C002648,1.24,48,east,broker,8948.65,1,0,0
C002649,6.41,59,east,direct,9524.85,0,0,0
C002650,5.21,80,north,agent,4833.96,3,0,0
C002651,4.05,75,north,bank,1437.45,1,0,0
C002652,3.77,47,north,agent,2342.96,1,0,1
C002653,8.79,46,north,agent,3095.44,0,1,0
C002654,6.1,32,north,direct,4389.23,3,1,0
C002655,1.29,61,east,direct,4730.44,2,0,0
C002656,15.33,27,west,direct,5555.07,1,1,0
C002657,7.35,38,north,agent,3372.54,2,0,1
C002658,9.44,36,east,agent,6934.79,1,0,0
C002659,1.36,35,east,agent,8120.02,2,1,0
C002660,6.93,52,west,agent,8758.96,1,0,0
C002661,9.32,46,north,agent,11811.37,1,0,0
C002662,6.13,38,east,agent,6005.99,1,0,0
C002663,5.88,31,south,broker,5303.5,3,1,0
C002664,6.84,30,east,agent,4956.46,2,1,1
C002665,7.0,43,east,direct,2026.42,1,0,0
C002666,3.82,38,east,bank,736.05,0,0,0
C002667,5.99,42,north,direct,9618.35,2,0,0
C002668,6.94,32,west,agent,3598.65,2,1,0
C002669,7.31,44,north,agent,2860.55,0,0,0
C002670,2.56,45,east,broker,4211.59,9,0,0
C002671,13.61,19,east,agent,5043.21,1,1,0
C002672,3.84,40,west,agent,2849.79,3,0,0
C002673,0.73,57,south,bank,3115.81,2,0,0
C002674,5.29,26,west,agent,3524.34,1,0,0
C002675,4.15,49,north,agent,3183.34,3,1,1
C002676,3.14,63,south,direct,5476.73,2,1,1
C002677,5.54,21,south,agent,4781.71,2,0,0
C002678,4.38,30,west,bank,8434.18,0,0,0
C002679,2.28,44,south,agent,3545.11,3,0,0
C002680,3.92,62,south,agent,2763.79,1,0,0
C002681,4.19,31,west,direct,2288.19,2,0,0
C002682,3.29,30,west,agent,4164.89,3,0,0
C002683,6.27,32,west,broker,1435.82,4,0,0
C002684,5.03,32,south,direct,4842.32,3,1,1
C002685,3.8,45,south,agent,2613.05,4,0,0
C002686,8.52,39,north,direct,1740.87,1,0,0
C002687,10.67,49,west,direct,7255.06,3,1,0
C002688,3.32,54,east,bank,8144.57,0,0,0
C002689,3.77,49,north,direct,4405.35,1,0,0
C002690,10.05,53,west,agent,2891.59,1,1,0
C002691,21.68,36,east,bank,3079.87,3,0,0
C002692,3.44,36,east,agent,8475.47,2,0,0
C002693,11.65,43,west,broker,1893.83,3,0,0
C002694,8.34,44,east,bank,2295.99,1,0,0
C002695,4.54,38,east,agent,2627.39,3,0,0
C002696,7.18,37,north,agent,4453.71,1,0,0
C002697,7.3,60,north,agent,5251.06,3,1,0
C002698,8.41,43,north,broker,4317.96,3,0,0
C002699,3.29,53,east,agent,3504.3,2,1,0
C002700,9.03,37,north,broker,4873.4,2,0,0
C002701,5.09,21,west,agent,7897.8,1,0,0
C002702,11.26,35,west,agent,14992.45,2,1,0
C002703,2.82,53,east,bank,1392.28,0,0,1
C002704,4.39,39,north,agent,9034.0,5,0,0
C002705,8.3,39,south,direct,5943.04,2,1,0
C002706,6.43,49,east,agent,6036.78,1,0,0
C002707,2.46,42,south,direct,2505.8,2,0,0
C002708,4.21,77,east,direct,4767.85,2,0,1
C002709,6.95,43,south,direct,8431.62,0,0,0
C002710,10.65,38,north,bank,3281.0,3,1,0
C002711,1.04,40,south,direct,6691.06,2,0,0
C002712,4.94,29,north,bank,4282.79,0,0,1
C002713,1.14,34,east,direct,4743.32,1,0,1
C002714,6.49,42,south,agent,4470.73,0,0,0
C002715,6.54,21,east,bank,3602.75,0,0,0
C002716,8.42,35,west,bank,1140.68,3,0,0
C002717,3.6,42,east,broker,3284.2,2,0,0
C002718,3.53,53,east,direct,3530.57,3,0,0
C002719,6.61,33,west,direct,1233.26,3,0,0
C002720,2.07,52,south,broker,5675.33,0,0,0
C002721,3.2,36,west,bank,5036.46,1,0,0
C002722,7.4,61,south,bank,3778.32,0,0,0
C002723,4.02,62,west,agent,1436.88,3,0,0
C002724,2.12,32,west,direct,1354.3,4,0,0
C002725,8.75,46,west,bank,6342.24,0,0,0
C002726,6.02,33,north,direct,3023.84,4,0,0
C002727,1.18,49,west,agent,4121.56,0,1,0
C002728,1.99,53,south,agent,2475.35,1,0,0
C002729,8.03,26,south,broker,2487.07,0,0,0
C002730,3.39,68,south,agent,2557.18,2,0,0
C002731,10.83,40,north,agent,1947.74,3,1,0
C002732,10.78,50,north,broker,4546.41,1,0,0
C002733,6.98,49,south,agent,7734.77,4,0,0
C002734,7.2,35,south,agent,2463.14,2,0,1
C002735,15.3,35,west,agent,3254.15,2,0,0
C002736,3.12,57,south,agent,3087.35,0,0,0
C002737,6.11,67,south,direct,3408.66,3,0,0
C002738,1.92,40,west,agent,706.54,3,0,0
C002739,2.67,18,south,bank,12542.39,6,0,0
C002740,5.62,58,north,broker,5241.47,4,0,1
C002741,4.76,34,west,agent,1928.97,1,1,0
C002742,14.97,70,north,agent,6161.49,3,1,0
C002743,5.69,39,south,bank,5962.69,0,0,0
C002744,5.93,29,west,agent,2635.85,2,1,0
C002745,1.13,38,east,direct,6710.98,3,0,1
C002746,7.89,50,east,agent,1937.49,0,1,0
C002747,9.25,50,west,agent,3576.59,4,1,0
C002748,5.22,42,west,bank,17774.21,3,0,0
C002749,4.87,33,east,agent,6834.58,2,1,0
C002750,4.75,46,east,agent,2353.06,3,0,0
C002751,5.99,27,south,agent,1250.71,4,1,0
C002752,5.98,49,south,bank,7821.6,4,0,0
C002753,3.58,46,east,broker,1510.93,2,0,1
C002754,0.25,61,east,agent,5268.45,3,0,0
C002755,1.6,47,west,agent,8946.38,2,0,0
C002756,4.66,30,east,direct,4281.89,7,0,0
C002757,3.36,30,east,bank,2092.66,4,0,0
C002758,1.08,59,west,bank,3459.02,2,0,0
C002759,2.65,53,east,bank,3361.64,2,0,0
C002760,3.24,52,west,agent,5437.43,0,0,0
C002761,10.18,45,north,bank,3140.24,2,0,0
C002762,3.77,36,south,agent,6762.9,0,0,0
C002763,3.61,36,east,agent,9007.58,2,0,0
C002764,2.43,48,west,agent,4138.88,4,0,1
C002765,13.62,55,north,bank,4340.89,0,0,0
C002766,5.93,18,west,bank,3681.38,4,0,1
C002767,3.65,51,west,broker,3001.04,3,0,0
C002768,1.29,57,south,direct,11705.79,1,0,0
C002769,4.15,56,east,bank,3740.37,3,0,0
C002770,4.01,40,south,broker,4027.41,1,1,0
C002771,4.16,22,south,direct,2350.98,2,0,0
C002772,8.23,63,east,direct,2383.71,2,0,0
C002773,3.92,55,north,direct,7301.91,2,0,1
C002774,4.46,46,west,direct,3616.47,1,0,0
C002775,5.78,76,south,direct,3510.45,1,0,0
C002776,5.33,49,north,agent,4217.13,1,0,0
C002777,4.67,49,south,agent,2670.31,4,1,0
C002778,6.5,56,north,agent,2774.57,0,1,0
C002779,2.24,51,west,direct,4914.02,1,0,1
C002780,3.76,40,south,agent,4739.69,5,0,0
C002781,12.54,21,south,agent,8123.55,2,0,0
C002782,8.22,56,west,bank,10355.49,1,0,0
C002783,3.85,61,south,direct,2410.37,2,0,0
C002784,7.67,40,west,agent,1734.05,1,0,0
C002785,10.21,68,west,bank,7559.46,1,0,0
C002786,7.09,42,east,agent,2251.94,2,0,0
C002787,6.2,35,north,agent,3579.89,2,0,1
C002788,0.82,47,west,agent,7746.73,1,0,0
C002789,8.65,41,west,direct,1647.38,3,0,0
C002790,5.08,67,south,agent,6305.43,2,1,0
C002791,2.81,52,east,agent,5989.28,4,1,0
C002792,0.32,65,west,broker,1420.64,0,0,0
C002793,5.12,48,south,agent,1833.49,2,0,0
C002794,7.79,19,north,direct,4664.69,3,1,0
C002795,3.14,50,east,direct,11469.12,2,0,0
C002796,4.78,54,north,agent,10124.91,3,0,0
C002797,9.12,30,north,direct,4523.47,0,0,0
C002798,7.69,36,east,bank,4250.12,0,1,0
C002799,4.86,51,east,broker,3765.37,3,0,0
C002800,5.16,51,east,direct,3360.8,2,0,0
C002801,3.3,31,south,agent,1621.56,2,0,0
C002802,3.84,18,west,direct,3403.79,2,0,1
C002803,0.96,28,west,agent,3819.33,1,0,0
C002804,2.5,39,south,agent,2499.1,2,0,0
C002805,2.48,32,east,agent,3646.88,3,0,0
C002806,0.32,46,east,bank,4508.11,2,0,0
C002807,11.81,26,west,broker,7212.7,0,1,0
C002808,9.89,35,south,agent,8606.74,3,1,0
C002809,3.94,40,north,agent,2275.83,1,1,0
C002810,3.53,24,east,bank,7363.87,2,0,0
C002811,6.02,41,east,agent,6345.26,3,1,1
C002812,4.15,27,north,agent,3013.41,1,0,0
C002813,2.33,43,east,direct,15639.61,2,0,1
C002814,3.32,37,south,agent,3039.16,1,0,0
C002815,5.69,57,west,bank,2172.44,1,0,0
C002816,2.1,79,east,broker,2875.58,0,1,0
C002817,0.45,18,west,broker,2117.16,2,0,0
C002818,1.9,45,west,agent,4139.5,3,0,0
C002819,3.17,53,south,bank,4218.97,0,0,0
C002820,5.88,49,east,agent,2377.45,0,0,0
C002821,7.03,43,north,agent,4405.09,2,0,0
C002822,4.27,48,south,direct,4322.48,3,1,0
C002823,6.82,41,west,bank,7268.64,1,0,0
C002824,4.39,57,south,broker,7644.14,0,0,0
C002825,3.23,56,south,direct,7413.88,3,0,0
C002826,2.72,52,east,direct,1291.71,1,0,0
C002827,4.05,37,east,agent,9701.53,4,0,0
C002828,9.23,55,west,bank,2904.41,0,0,0
C002829,2.27,36,west,agent,4381.9,2,0,0
C002830,5.16,26,north,bank,9134.93,1,0,0
C002831,10.07,53,north,bank,3849.83,2,0,0
C002832,2.6,55,east,bank,1262.0,0,0,0
C002833,10.45,48,west,bank,2213.31,2,0,0
C002834,5.04,61,south,bank,1678.93,1,1,0
C002835,8.77,38,north,broker,6994.41,4,0,0
C002836,6.6,43,north,agent,2873.12,1,0,0
C002837,3.22,43,south,agent,1898.39,1,1,0
C002838,1.01,47,south,broker,5133.91,0,0,0
C002839,6.88,45,north,direct,13490.93,3,0,0
C002840,3.68,44,east,agent,2379.74,1,1,1
C002841,6.59,38,east,agent,1657.02,1,1,0
C002842,1.9,40,south,agent,8640.43,1,0,1
C002843,3.43,34,east,broker,1893.44,0,0,0
C002844,9.68,46,west,direct,2717.39,1,1,0
C002845,3.37,39,west,broker,5574.79,4,0,1
C002846,3.33,61,east,agent,2957.39,4,1,0
C002847,4.17,45,south,direct,6182.34,0,0,0
C002848,3.15,32,east,direct,6980.91,4,0,1
C002849,3.71,46,north,agent,3407.55,2,0,0
C002850,17.44,60,west,agent,7644.34,1,0,0
C002851,3.0,46,west,agent,7116.74,3,0,0
C002852,3.42,35,south,direct,1661.35,0,0,0
C002853,5.54,40,north,direct,6301.25,3,0,1
C002854,4.01,23,north,direct,6039.37,3,0,0
C002855,4.82,41,north,agent,6644.91,3,0,1
C002856,1.98,57,south,agent,904.34,0,1,0
C002857,0.9,35,west,bank,3916.78,3,0,0
C002858,6.47,21,south,bank,2702.67,0,0,0
C002859,1.24,41,east,agent,7902.78,1,0,0
C002860,22.99,38,west,bank,2644.89,1,0,0
C002861,8.42,57,south,bank,2218.71,1,0,0
C002862,11.92,28,east,bank,2480.21,2,0,0
C002863,4.74,32,west,bank,6400.13,1,0,1
C002864,3.34,42,east,agent,3651.62,2,0,1
C002865,3.99,45,west,broker,586.38,0,0,0
C002866,3.99,42,south,direct,4373.16,1,0,0
C002867,3.22,40,east,broker,12532.26,1,0,0
C002868,2.0,18,west,bank,1586.96,3,0,0
C002869,7.34,34,north,broker,2848.98,1,0,0
C002870,4.27,61,east,agent,6764.65,3,0,0
C002871,7.09,40,south,bank,2739.83,0,0,0
C002872,1.52,37,east,direct,5251.33,2,0,0
C002873,8.25,47,north,direct,1696.84,3,0,0
C002874,5.83,47,south,bank,1769.37,3,0,0
C002875,5.78,63,north,bank,2577.01,2,0,0
C002876,2.15,40,east,bank,2976.87,1,0,0
C002877,5.29,33,west,broker,3498.62,2,0,0
C002878,1.56,60,west,agent,6009.33,3,0,0
C002879,6.65,40,north,bank,2655.46,2,0,0
C002880,1.78,59,west,agent,7250.88,1,0,0
C002881,9.89,48,east,agent,3749.48,0,1,0
C002882,0.78,35,east,agent,4410.57,3,0,0
C002883,2.79,22,east,agent,3815.57,2,0,0
C002884,1.36,41,east,broker,6633.6,2,0,0
C002885,3.12,43,east,agent,7093.49,3,0,0
C002886,5.95,29,east,bank,1368.26,1,0,0
C002887,3.54,72,west,broker,2902.74,2,0,0
C002888,11.11,48,north,bank,2494.43,3,1,0
C002889,6.56,29,north,agent,8011.93,4,0,0
C002890,4.57,47,west,bank,3669.45,2,0,0
C002891,11.04,41,east,direct,4481.85,0,1,0
C002892,10.62,57,north,agent,11965.82,5,0,0
C002893,6.04,41,north,agent,3024.52,0,0,0
C002894,12.04,46,east,broker,6872.33,1,0,0
C002895,9.5,49,north,direct,5584.39,2,0,0
C002896,2.81,18,south,agent,2541.25,0,0,0
C002897,5.12,74,north,direct,2198.93,1,0,0
C002898,6.15,35,east,direct,2898.6,3,0,0
C002899,3.69,63,south,bank,2503.71,0,0,0
C002900,11.34,41,north,bank,3151.47,3,1,1
C002901,2.19,45,south,agent,3572.52,1,0,0
C002902,7.43,49,north,direct,5006.43,1,0,0
C002903,2.09,45,south,bank,873.46,2,0,1
C002904,4.4,60,north,direct,2010.28,1,1,0
C002905,5.99,35,north,agent,7678.23,2,1,0
C002906,10.41,56,west,agent,3449.99,1,0,0
C002907,3.82,68,west,agent,7754.37,1,0,0
C002908,3.54,25,west,direct,6634.12,1,0,0
C002909,3.04,24,south,direct,6195.62,1,0,0
C002910,2.8,44,south,broker,3313.42,0,0,0
C002911,6.24,45,south,bank,6191.38,2,0,0
C002912,9.1,42,north,bank,5616.93,0,0,0
C002913,1.37,66,east,direct,2866.62,0,0,0
C002914,6.24,43,north,direct,5967.48,4,0,0
C002915,5.79,25,east,direct,3778.74,3,0,0
C002916,7.93,54,north,agent,13702.17,5,0,0
C002917,11.63,55,north,bank,3205.34,1,0,0
C002918,9.15,36,north,bank,7690.55,2,0,1
C002919,2.69,61,west,bank,6363.27,1,0,0
C002920,0.87,27,east,agent,1069.99,0,0,1
C002921,1.82,43,west,bank,5205.86,4,0,0
C002922,3.67,34,south,bank,7412.7,2,0,0
C002923,23.81,22,east,agent,2623.09,0,0,0
C002924,5.73,38,south,bank,18779.01,1,0,0
C002925,2.35,77,south,bank,3126.39,6,0,0
C002926,6.41,26,south,agent,3222.66,1,0,0
C002927,1.63,38,east,agent,2994.28,1,0,0
C002928,5.74,38,west,direct,1751.24,4,0,0
C002929,1.49,47,west,agent,2331.07,4,0,0
C002930,11.2,57,east,bank,6011.91,1,0,0
C002931,3.69,57,south,broker,5341.4,1,0,0
C002932,18.42,40,east,direct,1740.55,0,0,0
C002933,3.74,44,east,direct,1346.83,1,0,0
C002934,22.63,46,east,agent,2642.48,3,0,0
C002935,5.54,36,south,agent,8117.71,0,0,0
C002936,4.41,45,east,bank,2976.15,0,0,0
C002937,0.97,32,west,agent,3404.94,1,0,0
C002938,0.47,63,east,bank,7187.89,3,0,0
C002939,7.73,36,east,bank,2635.28,4,0,0
C002940,5.65,39,south,agent,5159.76,3,0,0
C002941,7.81,29,south,broker,4390.81,3,0,0
C002942,5.12,19,north,bank,6363.81,1,0,0
C002943,7.15,48,west,agent,6499.66,0,0,0
C002944,2.1,38,west,direct,2971.03,2,1,1
C002945,3.84,36,south,direct,5194.95,0,0,0
C002946,5.57,44,east,broker,3562.97,0,1,0
C002947,2.14,28,south,direct,2795.22,1,0,1
C002948,5.0,67,north,agent,4453.31,2,0,0
C002949,15.47,34,north,agent,11774.02,3,1,0
C002950,5.99,18,north,agent,4156.49,1,0,0
C002951,4.29,42,east,broker,4366.52,1,0,0
C002952,10.15,24,north,broker,6093.92,0,0,0
C002953,0.81,49,east,bank,6968.36,1,0,0
C002954,4.86,41,east,broker,2865.75,3,0,0
C002955,3.89,40,west,direct,1723.88,3,0,0
C002956,2.01,57,south,bank,6006.37,2,0,0
C002957,0.42,55,south,agent,3393.77,2,0,0
C002958,6.46,43,east,bank,3770.47,1,0,0
C002959,3.44,59,north,broker,5248.04,3,0,1
C002960,12.64,24,north,bank,5317.55,3,0,0
C002961,10.5,50,north,direct,4318.92,4,0,0
C002962,4.71,34,east,agent,7100.56,2,0,0
C002963,15.66,46,south,direct,3393.89,3,0,0
C002964,0.58,25,west,bank,8843.39,1,0,0
C002965,7.94,28,west,bank,10513.18,1,0,0
C002966,4.1,37,west,agent,3195.23,2,0,0
C002967,0.99,49,south,bank,2759.44,1,1,0
C002968,1.89,18,south,broker,3099.02,2,0,0
C002969,1.59,57,west,bank,1965.25,1,0,0
C002970,0.79,33,east,agent,6469.15,1,0,0
C002971,5.54,53,north,direct,4172.58,3,0,0
C002972,6.19,34,north,direct,6823.05,2,0,0
C002973,3.18,42,west,bank,8196.12,0,0,0
C002974,2.5,44,west,agent,1860.72,4,0,1
C002975,3.43,47,south,bank,6519.0,0,0,0
C002976,8.53,34,east,broker,1591.49,0,0,0
C002977,6.9,82,east,broker,3531.56,3,0,0
C002978,4.64,38,south,direct,3572.63,2,0,0
C002979,9.95,60,north,agent,1181.16,2,1,0
C002980,7.73,46,north,bank,5709.51,1,0,0
C002981,0.59,44,east,direct,4525.45,1,0,0
C002982,6.06,31,north,bank,4085.46,0,0,0
C002983,2.48,30,east,agent,2140.24,2,0,0
C002984,1.98,48,south,bank,1541.47,2,0,0
C002985,6.58,66,east,agent,2829.44,0,1,0
C002986,1.42,32,east,direct,4416.86,3,0,0
C002987,0.45,41,west,broker,11074.78,0,0,0
C002988,3.05,71,west,agent,1846.68,3,0,0
C002989,1.46,35,west,agent,5128.06,3,0,0
C002990,6.83,40,east,agent,1559.99,6,0,0
C002991,4.08,49,east,broker,3269.59,2,0,0
C002992,9.46,41,south,bank,1448.88,1,1,0
C002993,6.05,30,south,agent,6791.43,3,0,0
C002994,9.04,29,west,agent,6607.1,1,0,0
C002995,4.95,56,north,broker,3654.04,1,0,0
C002996,0.98,50,east,agent,2983.29,1,1,0
C002997,5.42,18,south,bank,1935.33,4,1,0
C002998,2.32,46,south,agent,2837.41,3,0,0
C002999,4.11,62,north,bank,1798.25,1,0,0
C003000,3.49,43,west,broker,3305.66,4,0,0
C003001,7.76,41,east,bank,8444.72,1,0,0
C003002,3.26,42,west,bank,1439.78,1,0,0
C003003,2.96,43,south,direct,1600.99,1,0,0
C003004,2.58,45,east,agent,3236.63,1,0,0
C003005,7.07,61,south,agent,4570.14,3,0,1
C003006,6.63,37,west,broker,4347.05,1,0,0
C003007,7.79,33,north,direct,3803.32,5,0,0
C003008,1.8,19,east,agent,3825.83,3,0,0
C003009,5.46,29,south,agent,7523.28,1,0,0
C003010,3.96,45,north,agent,6293.47,2,0,0
C003011,8.14,49,east,agent,1551.6,3,0,0
C003012,3.01,48,west,broker,4380.43,6,0,0
C003013,2.29,35,east,agent,3889.42,3,0,0
C003014,4.47,55,south,direct,3518.9,1,0,0
C003015,4.49,50,north,direct,4078.98,2,1,0
C003016,5.93,66,north,bank,3039.65,2,0,0
C003017,6.33,42,south,direct,3084.56,6,0,0
C003018,13.11,28,north,agent,1151.68,2,1,0
C003019,10.97,48,north,bank,6114.06,0,0,1
C003020,7.47,54,east,bank,2031.26,3,1,0
C003021,4.67,36,east,direct,6190.91,4,0,0
C003022,4.56,19,north,agent,6319.37,2,1,0
C003023,4.36,63,north,direct,1437.24,2,0,0
C003024,4.88,55,west,bank,5395.94,3,0,0
C003025,1.79,35,east,bank,3485.79,1,0,1
C003026,2.73,52,east,bank,2004.95,1,0,0
C003027,2.57,67,east,bank,844.54,3,0,0
C003028,4.3,55,north,direct,7526.71,5,0,0
C003029,5.19,46,east,direct,1657.91,2,1,1
C003030,8.53,32,north,bank,6551.59,4,0,0
C003031,7.23,28,east,agent,3883.05,1,0,1
C003032,8.84,58,north,agent,8560.24,1,0,0
C003033,5.02,49,south,agent,6329.81,5,0,0
C003034,2.6,29,south,bank,10483.29,2,0,0
C003035,8.01,55,east,bank,2281.14,2,0,0
C003036,9.35,43,west,agent,2008.94,2,1,0
C003037,9.05,32,north,agent,6587.77,2,1,0
C003038,8.93,59,east,agent,3776.02,2,0,0
C003039,5.97,57,west,direct,3730.49,1,0,0
C003040,6.17,58,south,broker,11690.96,4,0,0
C003041,10.51,44,east,direct,1502.64,4,0,0
C003042,10.24,44,north,agent,4837.55,2,0,0
C003043,6.31,48,north,agent,2866.7,2,0,1
C003044,1.03,46,west,agent,5747.24,2,1,0
C003045,10.23,65,south,agent,3431.33,1,1,0
C003046,1.27,57,south,agent,6159.35,2,0,0
C003047,2.4,50,west,agent,3812.2,1,0,0
C003048,3.86,62,north,agent,1577.21,3,1,0
C003049,2.96,44,west,bank,1727.47,2,0,0
C003050,4.5,44,west,bank,3329.33,1,0,0
C003051,16.47,28,north,direct,5419.03,4,0,0
C003052,3.94,44,east,agent,6283.83,0,1,0
C003053,0.33,50,south,direct,1366.82,2,0,0
C003054,4.17,32,east,bank,13663.65,6,0,0
C003055,8.07,57,north,agent,1942.25,0,0,0
C003056,6.37,45,south,agent,7509.44,1,0,0
C003057,7.17,65,north,broker,3382.44,2,0,0
C003058,4.75,46,east,agent,5147.54,2,0,0
C003059,5.2,35,south,broker,8226.6,2,0,0
C003060,5.5,46,south,agent,7447.66,3,0,0
C003061,4.62,37,north,agent,2445.29,1,1,0
C003062,2.97,67,south,direct,1530.65,4,0,0
C003063,2.67,61,south,agent,3176.81,0,0,0
C003064,9.3,47,north,bank,7931.63,1,0,0
C003065,2.62,33,south,broker,4114.21,2,0,0
C003066,8.57,28,east,bank,3819.12,1,0,0
C003067,3.43,41,south,broker,2634.63,2,0,0
C003068,10.35,57,south,broker,4266.73,3,0,0
C003069,5.1,52,west,agent,5134.65,3,0,0
C003070,9.4,52,west,agent,5198.36,2,1,0
C003071,1.87,43,west,agent,5570.2,0,0,0
C003072,3.07,47,south,broker,4644.15,0,1,0
C003073,4.05,33,south,bank,3761.26,1,1,0
C003074,6.07,60,east,bank,3373.31,1,0,0
C003075,4.21,45,west,bank,6817.71,1,0,0
C003076,4.74,38,north,agent,1808.93,4,0,0
C003077,5.04,37,east,broker,4633.12,2,0,1
C003078,8.55,53,north,direct,4777.9,4,1,0
C003079,2.91,54,south,direct,5573.01,2,1,0
C003080,4.64,30,north,bank,3551.5,0,0,0
C003081,2.02,51,west,broker,3286.18,0,0,0
C003082,4.97,21,north,agent,6769.83,1,0,0
C003083,5.8,55,west,direct,8347.2,1,0,0
C003084,1.4,46,east,broker,3900.27,0,0,0
C003085,4.52,62,east,direct,1542.48,1,1,0
C003086,7.42,61,south,direct,2313.16,4,0,0
C003087,7.3,56,north,agent,1049.72,3,0,0
C003088,7.28,43,east,agent,14547.81,1,0,0
C003089,3.75,52,south,agent,5413.64,4,0,1
C003090,1.45,47,west,direct,4360.2,2,0,0
C003091,2.83,50,west,bank,2130.42,2,1,0
C003092,1.24,34,east,broker,3039.12,1,0,0
C003093,4.33,28,west,agent,2117.3,2,0,0
C003094,7.61,62,north,agent,6218.15,1,1,0
C003095,4.13,39,west,bank,3225.31,2,0,0
C003096,0.4,55,west,direct,2180.66,2,0,0
C003097,4.29,47,south,direct,4611.75,1,0,0
C003098,9.43,68,north,direct,3547.19,1,1,1
C003099,5.31,41,south,agent,1393.88,1,0,0
C003100,3.98,50,north,bank,4337.11,2,0,0
C003101,7.74,27,north,direct,2919.51,3,0,0
C003102,3.81,49,west,agent,6179.94,1,1,0
C003103,6.16,52,north,agent,3651.16,3,0,0
C003104,6.06,33,west,broker,4131.44,6,0,0
C003105,7.14,43,east,broker,1585.56,2,0,0
C003106,10.16,56,north,bank,3083.1,0,0,0
C003107,8.72,61,north,bank,3851.36,2,0,0
C003108,3.94,53,east,direct,4195.5,1,0,0
C003109,3.73,35,east,direct,9506.73,2,0,0
C003110,3.15,19,south,bank,7521.56,4,0,0
C003111,3.15,56,south,bank,4879.32,2,0,0
C003112,2.47,18,east,agent,3599.49,5,0,0
C003113,0.55,48,west,agent,3632.19,2,1,0
C003114,4.0,38,west,agent,4260.05,2,0,1
C003115,5.83,55,west,agent,1980.99,1,0,0
C003116,3.19,23,east,agent,5856.88,3,1,0
C003117,1.86,40,south,broker,6056.76,3,0,0
C003118,7.05,47,north,agent,1272.71,1,1,0
C003119,3.86,40,south,agent,3041.66,2,0,1
C003120,8.17,73,west,agent,1819.09,4,1,0
C003121,3.89,47,west,bank,6805.71,1,0,1
C003122,7.81,53,south,direct,3622.27,2,1,0
C003123,3.03,46,west,agent,3449.24,2,0,0
C003124,3.68,38,west,agent,3914.49,1,0,0
C003125,7.12,35,south,broker,2091.41,4,0,0
C003126,9.87,60,east,direct,3570.58,1,1,0
C003127,4.13,18,south,direct,2556.24,3,0,0
C003128,2.72,42,east,bank,3974.51,3,0,0
C003129,3.01,35,east,direct,1882.63,0,0,0
C003130,11.54,33,north,direct,2991.69,5,0,0
C003131,3.94,52,west,broker,9016.14,2,0,0
C003132,7.59,46,south,agent,5856.1,3,1,0
C003133,1.54,76,south,broker,7191.27,0,0,0
C003134,18.47,63,west,broker,1472.12,2,1,0
C003135,5.47,55,west,agent,7726.51,3,0,0
C003136,7.33,61,east,broker,4868.23,4,1,0
C003137,1.79,50,south,bank,761.58,1,0,1
C003138,3.7,51,east,bank,3694.19,4,1,0
C003139,5.63,51,east,agent,4071.73,2,0,0
C003140,1.08,46,south,agent,5862.23,2,0,0
C003141,3.64,38,east,bank,2495.04,4,0,1
C003142,2.55,18,south,agent,3801.75,4,0,0
C003143,9.52,22,north,agent,1564.66,2,0,0
C003144,7.82,43,north,broker,1587.41,0,0,0
C003145,1.45,33,south,direct,5426.28,1,0,1
C003146,8.3,31,north,direct,6097.38,2,0,0
C003147,3.53,33,south,agent,10741.13,3,0,0
C003148,1.03,49,west,direct,2954.69,1,0,0
C003149,10.14,39,west,direct,8018.2,0,0,0
C003150,6.36,51,east,direct,1035.14,1,0,0
C003151,2.22,44,south,bank,10487.5,1,0,0
C003152,1.91,52,south,agent,2902.87,2,0,0
C003153,5.53,52,west,bank,2942.88,2,0,0
C003154,13.35,40,east,direct,3840.73,2,1,0
C003155,3.17,57,east,broker,5219.63,1,1,0
C003156,4.03,56,north,agent,3785.05,1,0,0
C003157,1.54,36,west,agent,6392.25,2,0,0
C003158,6.13,31,south,broker,4973.71,1,0,0
C003159,14.42,40,north,agent,5487.45,2,1,0
C003160,1.42,29,west,agent,3208.75,2,0,0
C003161,5.56,24,south,broker,12439.89,3,1,0
C003162,5.38,44,south,agent,2721.1,1,1,0
C003163,10.45,60,north,agent,4616.65,3,1,0
C003164,4.02,51,west,agent,2058.02,0,0,0
C003165,1.94,53,south,agent,2949.1,2,0,0
C003166,2.09,44,west,agent,2420.63,2,0,1
C003167,3.66,67,north,broker,2674.01,1,0,0
C003168,7.04,65,south,broker,3672.47,1,0,0
C003169,2.24,39,west,broker,2327.93,0,0,0
C003170,5.85,64,north,bank,3012.48,3,0,0
C003171,5.98,24,west,agent,9631.71,3,0,0
C003172,3.66,42,east,broker,5729.18,3,0,0
C003173,4.29,27,east,agent,3386.44,2,0,0
C003174,3.98,34,west,broker,2227.08,2,0,0
C003175,21.74,18,north,agent,5679.44,2,1,0
C003176,7.86,36,west,agent,7383.9,2,1,0
C003177,12.76,32,east,bank,4933.53,0,1,0
C003178,6.04,26,east,agent,2771.05,2,0,0
C003179,4.15,45,north,broker,1897.14,4,0,0
C003180,12.58,43,west,broker,1967.52,2,1,0
C003181,11.14,65,west,agent,5030.5,2,1,0
C003182,1.08,41,east,agent,1731.51,4,0,0
C003183,5.66,39,east,bank,6621.02,3,0,0
C003184,2.61,44,west,agent,10926.91,1,0,0
C003185,3.16,45,west,agent,3454.94,3,0,0
C003186,8.74,40,north,broker,5074.6,1,0,0
C003187,1.77,40,south,agent,801.71,2,0,0
C003188,0.67,60,south,direct,4814.99,3,0,1
C003189,5.29,48,east,agent,2736.37,4,0,0
C003190,8.89,48,east,bank,9762.83,2,0,0
C003191,2.77,18,east,direct,2816.73,1,0,0
C003192,13.27,29,north,bank,5447.6,5,0,0
C003193,9.95,38,east,agent,8222.54,5,0,0
C003194,5.98,43,north,agent,2236.18,1,1,0
C003195,8.99,36,west,direct,1807.18,2,0,0
C003196,4.13,64,east,agent,11519.72,6,0,0
C003197,1.35,18,east,broker,3368.44,5,0,0
C003198,4.34,62,south,bank,3898.75,4,0,1
C003199,4.32,45,south,direct,3764.61,1,1,0
C003200,5.55,44,north,direct,6750.59,3,0,1
C003201,9.69,41,south,agent,9172.1,3,0,0
C003202,3.89,34,west,direct,2995.64,3,0,1
C003203,3.47,38,south,agent,2950.53,2,0,0
C003204,2.99,40,west,agent,1262.62,0,0,0
C003205,6.1,46,south,agent,3890.17,2,0,0
C003206,11.48,39,east,agent,6394.93,0,0,0
C003207,10.2,59,north,direct,5386.61,7,1,0
C003208,0.47,51,west,agent,5802.53,0,1,0
C003209,0.66,61,west,bank,4425.68,2,0,0
C003210,1.13,44,south,agent,8369.8,2,0,0
C003211,8.37,27,north,agent,2689.66,0,1,1
C003212,4.16,48,west,broker,15188.55,2,0,0
C003213,3.33,43,south,direct,4863.17,3,0,0
C003214,5.34,54,south,agent,3888.57,0,0,0
C003215,17.21,48,north,bank,2636.87,1,1,0
C003216,7.15,58,north,agent,4243.59,1,0,0
C003217,4.56,54,south,agent,2330.38,2,0,0
C003218,6.9,57,north,direct,5848.08,4,0,0
C003219,4.64,49,east,agent,6946.27,1,0,0
C003220,4.81,36,south,direct,4596.17,4,0,0
C003221,4.48,64,west,bank,12278.57,2,1,0
C003222,5.8,32,north,bank,3535.39,2,0,0
C003223,5.03,55,north,agent,1295.72,2,0,0
C003224,1.5,49,east,agent,2296.05,3,0,0
C003225,3.24,51,south,bank,1025.97,4,0,0
C003226,1.19,46,south,direct,1627.39,1,0,0
C003227,3.8,34,north,agent,2714.56,1,1,0
C003228,18.33,61,west,agent,1380.31,1,1,0
C003229,7.52,34,south,bank,6447.0,2,0,0
C003230,0.85,54,east,bank,7241.96,4,0,1
C003231,0.57,64,south,agent,5112.33,1,0,0
C003232,3.91,28,north,broker,1282.49,1,0,0
C003233,5.48,63,south,direct,5290.69,1,1,0
C003234,9.19,38,north,agent,4734.49,3,1,0
C003235,6.93,18,north,agent,3999.16,3,1,0
C003236,6.31,54,south,direct,1143.48,4,0,0
C003237,5.64,18,west,broker,4103.48,2,0,0
C003238,6.43,59,south,agent,31510.23,0,1,0
C003239,3.71,59,west,agent,1790.5,0,1,0
C003240,1.76,45,south,agent,1273.1,1,0,0
C003241,11.07,36,north,direct,6490.03,1,1,0
C003242,6.86,38,north,bank,1595.45,1,0,1
C003243,2.94,32,west,direct,1839.43,2,0,0
C003244,8.47,43,west,agent,3308.69,2,0,0
C003245,9.65,59,north,direct,2365.58,0,0,0
C003246,2.97,67,west,broker,3304.2,3,0,0
C003247,7.52,18,south,broker,19245.77,4,0,0
C003248,3.2,48,east,direct,3243.93,2,0,0
C003249,0.65,40,east,agent,5999.89,3,0,0
C003250,9.04,31,north,bank,1993.7,2,0,0
C003251,3.83,49,north,bank,928.82,1,0,0
C003252,5.66,44,south,direct,1241.14,3,0,1
C003253,4.22,57,south,bank,6696.3,1,0,0
C003254,6.89,53,east,agent,2514.88,1,1,0
C003255,4.81,40,west,agent,10181.61,0,0,0
C003256,0.15,32,east,bank,2279.31,3,0,0
C003257,2.71,57,east,agent,7562.9,5,0,1
C003258,9.89,49,west,direct,3192.26,2,0,0
C003259,3.6,75,west,agent,3535.79,2,0,0
C003260,12.75,39,east,agent,1559.34,5,0,0
C003261,0.66,45,west,agent,1505.82,3,0,0
C003262,1.34,48,south,bank,2021.13,2,0,0
C003263,2.64,62,south,broker,2999.28,0,1,1
C003264,2.41,27,west,bank,7195.85,2,0,0
C003265,2.63,53,west,agent,3273.55,1,0,0
C003266,5.27,39,north,agent,2790.8,0,1,0
C003267,2.7,36,east,agent,5290.58,0,0,0
C003268,5.74,63,east,agent,1998.44,3,1,0
C003269,6.96,31,west,agent,5256.17,1,0,0
C003270,6.22,61,north,bank,7214.25,3,1,0
C003271,3.05,59,west,agent,1358.52,2,0,0
C003272,6.79,52,north,agent,1892.37,1,0,0
C003273,12.9,34,south,direct,4081.21,1,0,0
C003274,6.31,38,south,bank,3088.17,1,0,0
C003275,5.38,68,south,agent,4710.6,0,1,0
C003276,2.32,61,east,direct,3515.26,2,0,0
C003277,3.25,51,west,bank,5398.08,2,0,0
C003278,1.67,27,south,agent,885.24,4,0,1
C003279,5.43,48,west,bank,3318.22,2,1,0
C003280,7.79,64,west,agent,4625.11,4,0,0
C003281,12.53,36,south,agent,2359.57,1,0,0
C003282,2.81,52,west,agent,3338.57,1,0,0
C003283,3.53,56,west,direct,6654.37,2,0,0
C003284,1.93,26,west,direct,3989.13,4,0,1
C003285,3.56,59,east,agent,2702.0,0,1,0
C003286,8.78,38,south,agent,4730.8,1,1,0
C003287,1.22,31,east,direct,3290.63,4,0,0
C003288,8.71,45,west,bank,7894.97,4,1,0
C003289,6.17,40,north,agent,5212.96,3,0,0
C003290,7.59,33,east,bank,4135.81,1,0,0
C003291,8.28,31,south,bank,3275.16,0,0,0
C003292,3.48,61,west,bank,2849.22,5,0,0
C003293,8.16,82,east,broker,10957.19,2,1,0
C003294,3.37,61,east,direct,2584.24,0,0,0
C003295,1.42,35,south,broker,3999.65,0,0,0
C003296,9.13,42,north,agent,4671.32,2,0,0
C003297,5.51,67,east,agent,2006.63,0,1,0
C003298,23.85,67,north,bank,5674.6,0,1,0
C003299,6.47,27,east,agent,8522.52,1,1,1
C003300,8.4,72,east,agent,6463.45,1,1,0
C003301,5.07,57,east,bank,9387.64,2,1,0
C003302,2.97,60,east,bank,2640.46,2,0,0
C003303,2.78,39,south,direct,3290.29,3,0,0
C003304,1.23,22,west,direct,2474.96,3,0,0
C003305,2.59,35,east,direct,5374.0,2,0,0
C003306,1.24,18,east,agent,4304.58,0,0,0
C003307,12.06,44,north,agent,4929.84,4,1,0
C003308,13.35,63,north,direct,3277.98,3,0,0
C003309,5.84,45,west,broker,6471.13,2,0,1
C003310,8.94,48,north,agent,17042.85,1,1,0
C003311,6.18,64,south,agent,2876.03,2,0,0
C003312,3.48,50,north,bank,1423.87,3,0,0
C003313,1.41,41,west,broker,1113.04,3,0,0
C003314,2.94,40,east,bank,1426.42,0,1,0
C003315,3.22,55,south,agent,8447.83,0,0,1
C003316,11.51,26,south,agent,1010.71,0,0,0
C003317,7.62,51,north,agent,4412.56,5,0,0
C003318,15.86,46,west,direct,6619.12,1,0,0
C003319,3.28,48,west,bank,2309.54,3,1,0
C003320,3.43,56,east,bank,3298.94,2,0,0
C003321,1.1,54,west,broker,4394.73,0,0,0
C003322,6.3,50,north,bank,4058.76,1,0,0
C003323,7.78,40,north,agent,5417.66,1,0,0
C003324,10.62,40,north,agent,4956.57,2,0,0
C003325,5.85,37,east,direct,5430.94,2,0,0
C003326,4.08,47,east,broker,1210.94,2,0,0
C003327,4.94,52,west,bank,2750.92,6,0,0
C003328,0.55,37,east,agent,2355.28,3,0,0
C003329,2.91,48,west,agent,8625.35,2,0,0
C003330,6.61,30,west,direct,4234.97,1,0,0
C003331,4.43,28,north,agent,6116.8,2,1,0
C003332,5.39,57,north,agent,11937.35,2,0,0
C003333,3.34,43,south,agent,3339.47,3,1,1
C003334,10.55,42,north,agent,11124.04,2,0,1
C003335,10.42,24,north,agent,2631.57,3,1,0
C003336,5.35,30,west,broker,6569.38,2,0,0
C003337,2.43,47,south,direct,11814.06,0,0,0
C003338,7.03,51,west,bank,3658.97,0,0,0
C003339,6.3,18,south,broker,1432.71,3,1,0
C003340,9.58,41,west,direct,1461.91,1,1,0
C003341,2.36,32,east,bank,5655.59,2,0,0
C003342,8.24,28,north,direct,986.6,3,0,1
C003343,5.87,69,east,bank,9194.93,3,0,0
C003344,0.4,35,east,agent,3223.36,2,0,0
C003345,2.09,40,east,broker,1540.82,4,0,0
C003346,5.95,44,west,direct,1093.89,2,0,0
C003347,2.21,30,south,direct,4218.7,3,0,1
C003348,7.95,60,north,direct,11539.58,0,1,0
C003349,7.43,41,south,agent,2174.21,4,0,0
C003350,5.02,55,west,agent,2223.48,1,0,0
C003351,1.12,48,east,bank,1022.85,3,0,0
C003352,1.94,55,west,direct,13071.83,1,1,0
C003353,15.93,31,north,agent,4287.28,1,0,0
C003354,5.77,52,north,agent,7175.05,1,0,0
C003355,3.55,37,south,agent,2512.41,3,0,0
C003356,2.56,51,south,bank,8601.23,1,0,0
C003357,5.29,40,south,direct,1710.92,0,1,0
C003358,4.01,39,east,broker,2210.2,3,0,0
C003359,1.91,27,south,direct,1539.11,0,0,1
C003360,4.82,33,east,agent,5723.85,1,0,1
C003361,4.07,42,east,agent,3057.1,2,0,0
C003362,1.92,53,east,bank,4251.77,1,0,0
C003363,4.13,30,east,direct,2481.52,2,0,0
C003364,13.87,82,north,agent,2749.22,1,0,0
C003365,3.81,46,north,agent,1480.71,2,0,0
C003366,6.56,50,east,bank,4227.96,2,0,0
C003367,1.79,52,west,direct,5456.56,0,0,0
C003368,2.77,62,east,broker,3708.22,0,0,0
C003369,8.19,58,north,agent,3578.01,4,1,0
C003370,2.22,58,west,broker,2781.11,1,0,1
C003371,6.39,40,north,bank,2401.21,0,0,0
C003372,4.05,48,east,agent,4909.5,2,1,0
C003373,4.53,36,east,agent,3051.46,1,0,0
C003374,2.05,36,east,direct,2967.24,3,0,0
C003375,7.14,52,east,agent,2034.83,3,0,0
C003376,10.07,49,south,direct,2635.09,2,1,0
C003377,6.36,46,west,agent,2893.96,5,0,0
C003378,4.77,38,north,broker,1720.69,3,0,0
C003379,7.36,60,north,bank,6484.35,2,0,0
C003380,3.52,36,south,bank,2414.12,1,0,0
C003381,9.04,49,west,broker,3462.25,4,0,0
C003382,13.78,55,south,agent,3418.55,3,1,0
C003383,3.9,28,west,broker,1929.12,6,1,0
C003384,5.52,37,west,bank,1847.94,1,0,0
C003385,15.0,60,east,bank,3722.75,3,1,0
C003386,7.68,53,west,agent,5221.21,1,0,0
C003387,2.85,63,west,direct,4424.99,2,0,0
C003388,2.21,45,west,bank,1861.16,0,0,0
C003389,4.76,44,north,agent,2289.23,4,1,0
C003390,2.16,36,south,agent,4583.23,0,1,0
C003391,2.02,36,west,agent,1723.98,1,0,0
C003392,4.35,22,south,agent,5006.6,2,0,0
C003393,4.36,62,north,agent,11776.07,2,0,0
C003394,1.33,54,east,agent,498.2,2,0,0
C003395,8.23,53,south,bank,2734.71,0,0,0
C003396,5.96,33,west,bank,3606.14,4,0,0
C003397,10.02,66,south,bank,8799.99,1,0,0
C003398,20.91,35,north,direct,2730.11,0,1,0
C003399,2.49,23,west,agent,920.79,3,0,0
C003400,1.69,70,east,agent,5514.19,0,0,1
C003401,3.6,20,south,agent,1486.56,1,0,0
C003402,3.37,75,south,broker,2019.17,2,0,0
C003403,6.87,85,south,agent,13753.78,4,1,0
C003404,2.51,52,east,bank,3097.48,3,0,0
C003405,5.16,54,south,bank,10948.99,2,0,0
C003406,10.79,36,north,broker,1515.22,0,0,0
C003407,10.13,42,north,agent,1102.24,4,0,0
C003408,21.23,45,north,direct,4700.9,1,1,0
C003409,8.18,48,east,bank,11811.55,2,0,0
C003410,1.81,70,east,bank,3476.72,0,1,0
C003411,5.19,46,north,agent,3725.39,0,0,0
C003412,10.56,43,north,direct,6298.47,5,0,0
C003413,5.33,55,west,bank,7523.45,1,0,0
C003414,9.67,49,south,direct,1713.7,1,0,0
C003415,12.98,52,east,direct,1865.64,4,0,0
C003416,9.86,28,south,agent,4159.0,1,0,0
C003417,13.78,52,north,agent,5442.69,2,1,0
C003418,4.6,35,north,broker,2141.72,2,0,0
C003419,2.42,56,west,broker,3019.09,2,0,0
C003420,4.7,52,west,broker,1834.46,2,0,0
C003421,2.47,39,east,bank,4840.68,2,0,0
C003422,3.34,64,west,direct,10058.49,1,0,0
C003423,2.7,59,south,agent,3900.35,2,0,0
C003424,1.26,57,west,agent,1889.42,3,0,1
C003425,4.38,41,south,agent,1600.02,0,0,1
C003426,6.92,36,north,direct,2616.54,2,0,0
C003427,5.0,31,west,bank,4567.81,0,0,1
C003428,2.84,42,east,bank,8803.08,3,0,0
C003429,8.86,30,south,bank,4247.86,1,0,0
C003430,8.88,49,east,agent,6147.02,3,0,0
C003431,4.32,40,west,agent,7770.69,2,0,0
C003432,17.02,28,south,agent,4097.1,1,0,0
C003433,5.01,36,north,agent,6712.02,7,0,0
C003434,4.62,38,south,broker,4007.06,2,0,0
C003435,3.7,31,north,direct,2676.1,4,1,0
C003436,4.32,40,east,bank,4808.98,2,0,0
C003437,5.55,48,west,bank,2534.93,2,0,0
C003438,10.69,69,south,direct,1861.88,1,1,0
C003439,0.8,65,south,bank,4860.66,3,0,0
C003440,12.68,40,north,agent,4895.28,1,0,0
C003441,5.53,46,north,bank,2656.22,1,0,0
C003442,1.06,36,south,broker,14800.46,0,0,0
C003443,5.45,57,west,bank,4074.52,4,0,0
C003444,2.61,44,east,bank,7900.78,0,0,0
C003445,6.59,51,west,agent,6042.33,1,0,1
C003446,7.81,38,north,broker,2222.98,3,0,0
C003447,12.66,41,north,agent,5266.49,1,0,0
C003448,1.08,44,west,direct,2587.85,3,1,0
C003449,6.72,35,north,broker,2556.12,2,1,0
C003450,3.65,22,west,broker,2273.68,2,1,0
C003451,4.59,41,south,direct,3467.97,2,0,0
C003452,9.36,31,west,bank,3514.74,2,0,0
C003453,6.03,38,north,agent,6651.83,1,0,0
C003454,2.29,47,east,bank,4906.46,1,0,0
C003455,17.01,51,west,broker,3368.01,3,1,0
C003456,7.34,41,south,agent,4632.66,5,0,0
C003457,0.47,64,east,agent,7479.08,3,1,0
C003458,14.96,49,north,agent,6060.28,2,1,0
C003459,6.38,51,north,direct,7955.57,1,0,0
C003460,0.97,45,west,agent,4603.19,0,0,1
C003461,8.75,36,north,broker,2679.31,3,0,0
C003462,5.67,46,west,agent,4666.23,1,0,0
C003463,14.78,65,south,direct,1771.81,2,0,1
C003464,3.75,28,west,bank,3709.89,0,0,0
C003465,3.61,32,west,broker,7980.34,0,0,0
C003466,2.16,54,west,agent,1529.59,0,0,0
C003467,5.9,39,south,agent,1496.96,3,0,0
C003468,3.34,35,east,broker,5346.35,0,0,0
C003469,4.69,45,east,broker,4813.37,2,0,0
C003470,8.49,39,south,bank,5624.23,6,1,0
C003471,8.01,53,south,agent,3964.62,2,0,0
C003472,6.08,38,east,direct,2962.23,4,0,1
C003473,3.31,45,south,agent,5872.21,0,0,0
C003474,1.47,23,south,bank,4425.69,3,0,0
C003475,2.08,55,south,bank,7878.71,3,0,0
C003476,0.89,52,west,agent,4263.65,1,0,0
C003477,6.34,36,west,direct,1926.77,3,0,1
C003478,7.87,80,south,direct,3991.0,3,1,0
C003479,4.87,38,west,direct,3791.34,1,0,0
C003480,8.06,42,north,agent,2654.67,3,0,0
C003481,1.71,58,east,agent,7413.57,2,0,0
C003482,3.56,58,west,broker,1885.99,1,0,0
C003483,0.56,59,south,bank,6567.92,4,0,0
C003484,6.0,45,north,agent,3651.87,3,0,0
C003485,6.1,53,east,agent,7624.4,2,0,0
C003486,2.07,37,east,agent,7407.57,2,0,0
C003487,5.84,39,east,bank,4076.65,0,0,0
C003488,3.25,38,south,agent,3313.48,3,0,0
C003489,8.39,41,south,agent,2101.93,2,0,0
C003490,3.94,18,west,agent,3420.89,2,0,1
C003491,1.71,41,south,agent,15642.64,2,0,0
C003492,3.76,35,north,agent,2317.49,2,0,0
C003493,5.87,46,north,direct,3586.52,0,0,0
C003494,3.65,32,west,agent,4502.41,2,0,0
C003495,9.85,46,north,bank,1796.61,3,0,0
C003496,2.05,55,east,bank,4561.89,5,1,0
C003497,2.5,54,west,agent,1659.14,2,0,0
C003498,8.34,23,east,agent,2257.43,1,0,0
C003499,3.82,42,north,agent,2978.81,3,1,0
C003500,2.75,38,east,agent,1880.03,1,0,0
C003501,5.04,48,west,broker,2492.19,2,0,0
C003502,3.37,37,west,direct,1538.09,1,0,0
C003503,1.79,52,south,bank,9897.22,2,1,0
C003504,0.11,35,east,broker,3052.85,1,0,0
C003505,2.29,38,west,direct,2663.24,5,0,0
C003506,10.51,47,west,direct,4706.64,2,1,0
C003507,7.93,54,south,agent,3753.4,2,1,0
C003508,6.69,35,west,broker,2910.82,4,0,0
C003509,4.36,38,east,bank,2855.38,2,1,0
C003510,5.87,28,south,agent,4405.29,1,0,0
C003511,5.61,57,east,bank,5720.06,3,0,0
C003512,10.85,41,east,agent,3994.48,3,1,0
C003513,7.48,58,south,direct,1808.97,1,0,0
C003514,4.03,47,north,direct,2386.17,1,0,1
C003515,1.53,23,south,bank,4020.67,0,1,0
C003516,4.3,30,south,bank,7068.32,0,0,0
C003517,5.86,18,west,direct,2683.49,6,0,0
C003518,4.51,54,north,bank,1797.12,0,0,0
C003519,8.64,58,north,direct,5394.52,1,0,0
C003520,4.46,54,east,direct,5104.16,3,1,1
C003521,1.03,31,west,agent,4835.47,3,0,0
C003522,3.07,71,east,broker,3688.7,0,1,0
C003523,2.17,51,east,broker,1637.59,3,0,0
C003524,4.67,56,west,direct,8321.26,2,0,0
C003525,1.03,49,east,direct,2007.16,3,0,0
C003526,7.68,50,west,broker,2697.27,1,0,0
C003527,11.54,62,west,agent,1505.26,3,1,0
C003528,7.16,33,north,broker,2436.11,4,1,0
C003529,4.98,39,west,agent,2117.73,3,0,0
C003530,3.42,81,north,agent,7632.15,0,1,0
C003531,5.22,55,north,bank,8139.53,2,0,0
C003532,4.46,30,east,agent,11384.26,1,0,0
C003533,8.76,51,north,agent,5907.71,3,0,0
C003534,10.47,42,north,agent,14549.93,2,1,1
C003535,5.59,41,north,agent,4967.06,3,0,0
C003536,12.54,46,south,bank,3122.67,1,1,0
C003537,8.59,32,west,agent,1946.36,1,0,0
C003538,12.89,36,east,agent,7048.42,1,1,0
C003539,3.37,74,east,bank,2772.02,3,0,0
C003540,6.36,53,west,agent,3877.48,3,0,0
C003541,3.63,46,east,bank,1113.71,1,0,0
C003542,3.03,35,west,direct,6639.54,3,0,0
C003543,8.67,28,east,bank,7835.45,1,0,0
C003544,1.05,21,south,direct,3919.39,3,0,0
C003545,5.49,44,south,agent,6613.04,4,0,0
C003546,3.22,51,south,broker,2782.84,1,1,0
C003547,7.23,51,east,agent,1673.15,3,0,0
C003548,8.73,61,south,agent,8476.04,0,1,0
C003549,1.74,54,east,agent,4411.48,2,0,0
C003550,6.84,52,north,agent,4272.17,0,0,0
C003551,5.8,25,south,agent,4249.32,1,0,0
C003552,8.34,38,north,broker,3166.26,3,0,0
C003553,1.51,51,south,agent,6516.34,1,0,0
C003554,5.55,43,north,bank,4048.79,4,0,0
C003555,12.49,41,north,agent,2816.41,0,1,1
C003556,5.32,41,north,agent,3492.25,1,0,0
C003557,2.58,39,west,broker,1782.11,0,1,0
C003558,6.96,37,north,direct,4350.35,2,0,0
C003559,6.83,45,north,bank,5362.22,5,0,0
C003560,1.16,54,east,agent,2927.57,1,0,0
C003561,5.46,50,north,bank,6136.26,1,1,0
C003562,8.44,64,west,direct,898.09,5,0,0
C003563,5.81,31,east,broker,5936.2,1,1,0
C003564,4.09,30,west,agent,6768.95,2,0,0
C003565,4.12,46,west,bank,3302.45,4,0,0
C003566,3.47,51,west,agent,462.42,3,0,0
C003567,4.24,31,north,direct,1225.77,1,1,0
C003568,8.25,46,east,direct,3277.15,0,0,0
C003569,3.46,41,west,agent,1604.05,1,0,0
C003570,7.36,41,west,bank,6602.11,0,0,0
C003571,2.17,77,east,agent,3800.98,1,0,1
C003572,11.63,37,west,agent,5886.61,3,0,0
C003573,2.56,51,west,agent,3251.13,2,0,0
C003574,5.19,54,south,bank,2973.81,1,0,0
C003575,5.89,50,north,agent,6683.39,0,0,0
C003576,5.44,50,east,agent,2494.94,1,0,0
C003577,0.82,51,east,agent,5049.4,0,0,0
C003578,3.79,35,west,agent,4578.33,2,0,0
C003579,8.23,35,north,bank,1452.75,2,0,0
C003580,5.14,36,north,direct,5219.61,0,1,0
C003581,0.61,43,east,bank,3663.39,0,0,0
C003582,6.37,51,west,direct,1199.16,1,0,0
C003583,5.4,41,east,agent,2349.51,1,1,1
C003584,24.52,49,north,bank,3368.05,1,1,0
C003585,3.67,43,north,agent,4963.98,1,0,0
C003586,7.03,38,north,agent,3183.47,3,1,0
C003587,3.52,67,east,bank,3730.4,0,1,0
C003588,9.41,63,west,agent,11506.43,3,0,0
C003589,9.15,44,west,direct,4537.9,3,0,0
C003590,8.59,64,south,direct,1994.07,1,0,0
C003591,2.34,49,east,agent,5400.86,0,0,0
C003592,12.64,58,east,bank,2855.22,0,0,1
C003593,3.13,51,south,agent,4859.66,0,0,0
C003594,7.9,24,west,agent,4646.64,2,0,0
C003595,2.18,49,south,bank,4026.12,3,0,0
C003596,12.87,49,east,direct,4929.8,2,0,0
C003597,5.36,53,west,bank,3173.5,1,0,0
C003598,5.59,34,west,broker,4714.36,2,0,0
C003599,9.3,42,south,agent,4341.09,2,1,0
C003600,7.42,50,north,bank,4843.74,5,0,0
C003601,4.33,22,east,bank,2710.73,3,0,0
C003602,12.25,18,west,agent,2611.29,0,0,0
C003603,6.25,50,south,agent,9518.28,3,0,0
C003604,1.1,66,east,direct,1811.17,2,1,0
C003605,9.16,44,east,direct,3406.47,5,0,0
C003606,2.26,26,west,bank,1834.02,1,0,1
C003607,1.71,49,east,broker,6536.16,2,0,0
C003608,2.03,65,east,broker,12836.86,1,0,1
C003609,11.64,40,north,agent,3778.28,2,0,0
C003610,7.83,54,south,agent,2745.57,2,0,0
C003611,4.36,63,south,direct,4181.19,2,0,0
C003612,13.52,45,north,agent,8284.48,0,0,0
C003613,9.57,61,north,agent,7362.75,2,1,0
C003614,9.33,54,north,bank,2636.87,2,1,0
C003615,4.38,61,west,agent,5393.76,0,0,1
C003616,7.91,58,east,agent,6344.64,2,0,0
C003617,4.8,28,north,broker,2751.17,2,0,0
C003618,2.06,56,east,agent,5445.29,4,0,0
C003619,2.94,26,west,bank,4307.5,0,0,0
C003620,2.0,58,south,agent,909.64,0,0,0
C003621,17.42,34,north,agent,4637.71,0,1,0
C003622,4.52,42,south,bank,1849.13,0,0,0
C003623,0.43,26,west,bank,11757.33,3,0,1
C003624,2.04,51,south,bank,2473.97,2,0,0
C003625,11.82,39,north,agent,2277.21,2,0,0
C003626,2.33,38,west,bank,2652.74,2,0,1
C003627,4.29,45,south,bank,3676.49,2,0,0
C003628,6.78,53,north,bank,3568.78,0,0,0
C003629,7.92,52,south,bank,7222.27,3,0,0
C003630,0.67,54,east,bank,4885.75,2,0,0
C003631,8.64,18,west,agent,6026.23,2,0,0
C003632,5.9,59,west,direct,5446.32,5,0,0
C003633,2.98,46,west,agent,9091.83,2,0,0
C003634,7.66,53,east,broker,12164.47,1,0,1
C003635,7.4,52,north,agent,4870.84,3,0,0
C003636,4.96,30,east,agent,3751.89,1,0,0
C003637,15.06,32,west,bank,7966.97,0,0,0
C003638,3.37,42,south,agent,3058.39,3,0,0
C003639,2.71,59,west,agent,4003.36,0,0,0
C003640,4.21,52,south,bank,1709.22,3,0,0
C003641,7.25,22,north,bank,3881.43,2,0,0
C003642,13.91,21,south,bank,3992.12,1,1,0
C003643,8.94,73,north,broker,3130.61,1,0,1
C003644,6.83,52,north,broker,1377.56,3,1,0
C003645,4.95,64,south,agent,2406.52,1,0,0
C003646,10.46,64,south,direct,5331.81,0,0,0
C003647,4.94,43,west,direct,4315.87,2,0,0
C003648,9.03,49,east,broker,5091.79,1,0,0
C003649,11.79,32,north,agent,2964.64,1,1,0
C003650,8.7,42,east,direct,5695.45,1,0,0
C003651,5.86,81,south,agent,2848.78,3,0,0
C003652,3.64,28,south,agent,1909.33,0,0,0
C003653,19.32,47,west,agent,14346.81,0,0,1
C003654,4.08,21,west,bank,2596.15,2,0,1
C003655,6.87,44,east,agent,1963.51,3,1,0
C003656,2.57,59,east,agent,1974.43,3,0,0
C003657,3.64,37,north,agent,740.62,5,0,0
C003658,9.27,36,south,agent,2207.92,1,0,0
C003659,4.55,43,north,agent,1663.17,2,0,0
C003660,19.04,51,north,bank,4722.72,1,1,0
C003661,7.06,69,west,agent,6854.37,2,0,0
C003662,7.49,39,north,bank,10084.31,3,0,0
C003663,2.4,23,west,agent,2113.72,2,1,0
C003664,0.28,75,west,direct,2418.49,1,0,0
C003665,3.8,43,north,agent,6455.98,0,0,0
C003666,4.29,18,north,bank,4140.19,3,1,0
C003667,4.06,46,east,bank,3586.92,3,0,0
C003668,5.06,43,east,direct,8725.0,1,0,0
C003669,11.19,58,north,agent,4715.25,0,0,0
C003670,9.13,62,west,broker,1205.76,0,0,0
C003671,4.64,61,east,bank,7309.4,2,0,0
C003672,9.03,33,north,direct,2215.71,3,0,0
C003673,7.88,19,west,bank,1480.45,3,0,0
C003674,3.88,37,east,agent,2857.1,1,0,0
C003675,10.44,37,north,agent,6634.42,1,0,0
C003676,0.19,75,west,bank,1671.33,2,0,0
C003677,1.38,27,west,agent,2226.11,3,0,1
C003678,11.32,54,north,agent,6539.72,1,0,0
C003679,3.63,29,west,bank,987.79,3,0,0
C003680,4.48,30,east,agent,5877.27,4,0,0
C003681,5.6,41,south,broker,2681.29,4,0,0
C003682,3.88,56,south,direct,1345.76,0,1,0
C003683,4.12,28,west,bank,4977.66,2,0,0
C003684,12.82,39,north,broker,5619.2,2,0,0
C003685,7.96,67,north,agent,8414.91,2,0,0
C003686,6.23,51,north,agent,2465.5,2,1,0
C003687,6.54,27,west,bank,2913.86,2,0,0
C003688,5.14,36,west,agent,1717.61,1,1,0
C003689,5.76,22,east,agent,2983.45,0,1,0
C003690,3.09,60,east,agent,1329.0,4,0,0
C003691,6.82,49,north,direct,9946.75,1,0,0
C003692,17.67,22,east,agent,2893.89,0,0,0
C003693,5.01,53,west,bank,4731.16,3,0,0
C003694,3.16,57,south,bank,10527.13,3,0,0
C003695,6.33,53,north,direct,3144.24,0,0,0
C003696,11.66,40,north,direct,2430.31,4,0,0
C003697,2.7,41,south,agent,4373.41,4,0,0
C003698,3.1,43,west,direct,12066.43,1,0,1
C003699,10.69,54,west,direct,2106.59,1,0,0
C003700,2.54,42,east,direct,8151.62,0,0,0
C003701,10.72,49,east,agent,7208.47,1,0,0
C003702,2.55,61,west,broker,2464.47,3,0,0
C003703,7.1,28,south,bank,2244.04,1,0,0
C003704,4.35,20,south,agent,1635.36,1,0,0
C003705,5.8,43,west,bank,3487.77,2,1,0
C003706,3.76,41,east,direct,5725.4,4,0,1
C003707,9.35,60,south,agent,2558.81,2,0,0
C003708,5.81,41,west,direct,1848.71,0,1,0
C003709,5.87,45,east,agent,4771.9,6,0,0
C003710,0.84,49,west,bank,10217.52,2,0,0
C003711,2.88,66,east,agent,5501.34,3,0,0
C003712,7.12,19,west,direct,16392.81,3,0,0
C003713,1.16,40,south,bank,2229.41,1,1,1
C003714,2.83,37,west,direct,1539.1,1,0,1
C003715,4.21,50,south,broker,4365.06,2,0,0
C003716,5.0,52,west,bank,4765.4,1,0,1
C003717,10.02,30,east,agent,5551.22,0,1,1
C003718,16.14,59,north,direct,7495.76,1,0,0
C003719,2.16,49,south,bank,6877.73,3,0,0
C003720,1.69,29,west,agent,5712.25,1,0,1
C003721,2.55,43,south,agent,4429.69,5,0,0
C003722,6.62,36,east,agent,2860.95,2,0,0
C003723,1.31,31,south,direct,10514.37,0,0,0
C003724,4.03,45,west,agent,2896.87,2,1,0
C003725,6.72,56,south,bank,3059.28,3,0,0
C003726,6.5,39,east,agent,1913.61,2,0,0
C003727,1.19,38,west,bank,5093.19,1,0,0
C003728,3.17,53,west,direct,4602.17,1,0,1
C003729,6.65,27,south,direct,7198.93,2,0,0
C003730,4.72,50,west,direct,6938.27,1,0,0
C003731,2.61,27,south,direct,4153.57,3,0,0
C003732,2.45,35,south,direct,1412.1,4,0,0
C003733,7.77,67,south,agent,5667.1,3,0,0
C003734,10.1,52,north,agent,2743.26,2,1,1
C003735,7.52,34,east,direct,2043.43,4,0,0
C003736,6.25,46,south,bank,5551.83,2,0,0
C003737,3.41,19,south,agent,4147.76,0,0,0
C003738,1.79,63,south,bank,3032.35,5,0,0
C003739,2.07,49,east,agent,5951.06,2,0,0
C003740,8.79,35,north,agent,13306.52,1,0,0
C003741,4.4,73,north,direct,8092.16,1,0,1
C003742,10.68,39,north,agent,4106.84,1,1,0
C003743,2.48,39,west,bank,4910.71,2,1,0
C003744,2.78,55,south,direct,16370.93,1,0,0
C003745,2.76,74,east,agent,4057.65,4,0,0
C003746,1.98,38,south,bank,1957.89,2,1,0
C003747,3.27,47,east,agent,1796.62,2,0,0
C003748,2.21,72,west,agent,4541.27,5,0,0
C003749,0.65,18,east,direct,2030.84,1,0,0
C003750,12.35,55,west,direct,4795.74,3,0,0
C003751,11.1,26,north,agent,2705.56,0,0,0
C003752,4.25,52,north,bank,5588.95,0,0,1
C003753,20.22,48,north,agent,4703.62,1,0,0
C003754,11.04,35,north,broker,3095.72,2,0,0
C003755,7.68,57,east,broker,3833.46,3,0,0
C003756,17.78,62,north,agent,3903.28,1,1,0
C003757,3.35,54,east,agent,6190.13,2,1,0
C003758,11.85,56,south,agent,6301.46,0,0,0
C003759,15.57,29,east,agent,2356.26,0,0,0
C003760,8.63,51,north,bank,6910.69,2,0,0
C003761,7.06,32,east,bank,8020.76,1,0,0
C003762,2.23,43,south,agent,2176.06,2,0,0
C003763,6.12,23,north,agent,3533.45,2,0,0
C003764,0.73,31,east,agent,4388.54,0,0,0
C003765,1.55,59,south,bank,5036.18,3,0,0
C003766,2.6,34,south,bank,3457.35,1,0,0
C003767,7.27,37,east,broker,5058.84,2,0,0
C003768,9.92,52,north,bank,11693.71,1,0,0
C003769,7.17,65,north,direct,5670.62,5,1,0
C003770,5.53,44,south,direct,6821.96,0,1,0
C003771,2.71,62,west,direct,8201.37,2,0,0
C003772,9.87,29,north,broker,4277.1,3,0,0
C003773,3.27,32,south,direct,4962.91,4,0,1
C003774,6.46,54,south,direct,1329.8,0,1,0
C003775,1.04,42,south,agent,1823.97,0,0,0
C003776,5.16,18,west,broker,12409.93,3,0,0
C003777,2.03,30,south,agent,5529.26,1,1,0
C003778,2.89,34,east,broker,4597.83,0,0,0
C003779,7.79,41,north,agent,5467.63,1,0,0
C003780,5.43,44,south,broker,5520.71,2,0,0
C003781,1.04,65,south,agent,9618.06,2,0,0
C003782,16.42,30,north,broker,4729.67,1,1,0
C003783,5.97,40,east,broker,4973.33,1,0,0
C003784,12.26,42,north,agent,3475.8,1,0,0
C003785,16.21,47,east,agent,11365.63,3,0,1
C003786,11.24,44,north,agent,11656.47,2,0,0
C003787,2.22,65,west,bank,13660.21,1,0,0
C003788,9.11,56,east,agent,10840.48,0,0,0
C003789,2.18,34,east,agent,4839.54,2,0,0
C003790,6.38,25,north,agent,3643.82,3,0,0
C003791,6.91,56,north,agent,2140.25,1,1,0
C003792,5.08,49,east,broker,4307.62,3,0,0
C003793,14.49,49,west,agent,3640.58,1,1,0
C003794,2.01,39,east,bank,4895.94,3,0,0
C003795,3.05,69,west,agent,3825.15,4,0,0
C003796,1.55,56,south,agent,5140.6,2,0,0
C003797,11.73,40,north,agent,9983.26,2,0,0
C003798,0.66,58,east,agent,5219.95,2,0,0
C003799,10.0,32,south,broker,4669.42,0,0,0
C003800,3.32,45,east,broker,2143.58,2,0,0
C003801,0.75,47,east,agent,2807.93,4,0,0
C003802,1.41,52,east,bank,6996.57,1,1,0
C003803,9.99,48,south,bank,1770.08,4,1,0
C003804,12.83,18,west,bank,4358.27,4,0,0
C003805,3.49,33,east,broker,4570.92,2,0,0
C003806,1.01,66,west,bank,2759.16,1,0,0
C003807,8.96,40,south,agent,2114.52,2,0,0
C003808,4.24,31,south,agent,6793.21,2,0,0
C003809,4.72,37,north,bank,6321.02,2,1,0
C003810,3.79,29,north,agent,2931.05,0,0,0
C003811,4.36,18,west,direct,3773.93,0,0,0
C003812,9.68,38,south,bank,2621.28,3,1,0
C003813,16.09,48,south,bank,2902.74,0,0,0
C003814,4.84,68,north,direct,2687.26,1,1,0
C003815,3.97,53,west,direct,2493.49,4,0,1
C003816,0.95,34,west,direct,5242.83,0,0,0
C003817,1.93,20,east,agent,1271.43,0,1,0
C003818,10.96,54,east,agent,2089.04,4,0,0
C003819,8.37,18,south,agent,4869.76,3,0,0
C003820,4.78,51,south,bank,5600.13,0,0,0
C003821,4.96,29,west,direct,6506.07,4,0,1
C003822,5.09,29,east,agent,2635.72,2,0,0
C003823,7.92,33,west,agent,2301.8,5,1,0
C003824,1.24,57,south,broker,3158.23,2,0,0
C003825,15.58,39,north,bank,2403.86,3,0,0
C003826,3.61,39,south,bank,1414.92,1,0,0
C003827,11.55,41,south,bank,3266.7,1,0,0
C003828,4.54,25,north,bank,3876.84,1,0,0
C003829,5.78,31,west,direct,8657.51,2,0,0
C003830,1.66,22,east,agent,3720.98,3,0,0
C003831,1.64,45,south,direct,6252.9,3,0,0
C003832,3.84,60,south,agent,2845.29,1,0,0
C003833,4.17,47,south,direct,2577.94,0,0,1
C003834,8.53,52,north,direct,4172.96,2,0,0
C003835,7.17,63,east,agent,5377.63,1,0,0
C003836,4.55,33,north,bank,3238.35,2,0,0
C003837,7.25,30,east,agent,907.4,3,0,0
C003838,0.41,45,east,bank,4738.11,3,0,0
C003839,0.5,52,south,direct,6877.87,1,0,0
C003840,5.71,47,north,agent,885.67,1,0,0
C003841,8.49,51,north,broker,3549.33,1,1,0
C003842,1.92,23,west,agent,2733.53,2,1,1
C003843,4.77,57,west,direct,4995.64,1,0,0
C003844,0.82,52,east,agent,2883.28,2,0,0
C003845,5.37,46,south,bank,11170.06,4,0,0
C003846,5.91,43,east,broker,2891.05,3,0,0
C003847,3.86,30,north,agent,1774.62,2,0,0
C003848,5.51,33,south,agent,3615.3,2,0,1
C003849,3.57,36,north,bank,1886.94,2,0,0
C003850,7.71,64,north,bank,3101.31,3,0,0
C003851,3.73,33,north,bank,5816.52,1,0,1
C003852,14.15,21,north,direct,5893.15,2,0,0
C003853,2.24,32,west,agent,5639.11,3,0,0
C003854,7.09,35,south,agent,2359.97,2,0,0
C003855,5.27,18,west,agent,6251.4,2,0,0
C003856,11.95,54,east,agent,3621.94,3,0,0
C003857,5.0,39,south,bank,1161.08,2,0,1
C003858,7.91,40,south,direct,2242.95,2,0,0
C003859,3.98,74,north,broker,2131.51,4,0,0
C003860,7.29,35,south,direct,6286.71,1,0,0
C003861,0.82,27,east,bank,5570.22,2,0,0
C003862,16.55,62,east,agent,4244.78,1,1,0
C003863,7.03,40,west,direct,2584.25,1,1,0
C003864,4.74,45,south,broker,2702.38,1,1,0
C003865,5.0,24,east,direct,1213.92,0,0,0
C003866,10.26,31,south,bank,7670.88,2,0,0
C003867,4.87,30,north,broker,4127.15,3,0,0
C003868,8.51,46,south,agent,2825.4,2,1,0
C003869,4.63,33,north,bank,3326.36,4,0,0
C003870,5.19,40,west,broker,3881.23,4,1,0
C003871,5.3,69,west,agent,1780.66,3,0,1
C003872,14.91,19,east,agent,10009.97,4,0,0
C003873,8.18,45,west,broker,1992.45,4,0,0
C003874,8.03,33,north,bank,4515.89,3,0,0
C003875,4.6,23,east,broker,5026.71,3,0,0
C003876,6.08,48,north,broker,1796.33,2,0,0
C003877,5.99,53,south,direct,2335.91,3,0,0
C003878,15.64,43,north,agent,5892.59,2,0,0
C003879,3.41,38,south,agent,4024.3,2,1,0
C003880,0.72,37,south,bank,3889.52,2,0,1
C003881,2.8,38,west,agent,9669.32,1,0,0
C003882,12.48,36,east,agent,11061.65,3,0,0
C003883,0.79,34,east,bank,3119.39,3,0,0
C003884,2.04,39,east,direct,1779.61,3,0,0
C003885,5.82,62,south,broker,1479.91,1,0,0
C003886,10.68,41,east,agent,5328.51,2,0,0
C003887,6.31,42,north,agent,3655.24,2,0,0
C003888,4.75,59,north,bank,8725.17,3,0,0
C003889,9.02,48,north,bank,1893.45,4,0,1
C003890,3.89,61,east,agent,21206.91,1,0,1
C003891,6.95,36,north,agent,2732.05,2,0,0
C003892,5.78,28,north,direct,4934.97,0,0,0
C003893,5.74,51,north,bank,1648.86,1,0,0
C003894,0.45,37,west,agent,2165.31,2,1,0
C003895,5.58,51,north,bank,2381.15,1,0,0
C003896,3.08,44,south,broker,10146.04,6,0,0
C003897,14.84,29,west,direct,4047.58,4,0,0
C003898,8.79,39,west,agent,2326.6,2,1,0
C003899,5.77,39,south,bank,3389.35,2,0,0
C003900,8.35,69,east,bank,1170.13,1,0,0
C003901,6.72,53,west,broker,1898.77,1,0,0
C003902,6.85,57,north,broker,1105.05,0,0,0
C003903,2.49,34,west,bank,3032.9,0,0,0
C003904,2.87,18,east,bank,2181.57,2,0,0
C003905,2.89,47,west,direct,1640.81,1,0,0
C003906,5.48,54,north,bank,2288.31,4,0,0
C003907,5.51,61,west,agent,1414.56,3,0,0
C003908,12.7,43,north,agent,8607.07,1,0,0
C003909,7.44,36,east,broker,3531.89,0,0,0
C003910,6.37,67,west,agent,5965.09,3,0,0
C003911,4.24,53,east,bank,1655.47,0,0,0
C003912,5.19,56,east,broker,3780.81,1,0,1
C003913,4.21,46,west,broker,7451.1,2,0,0
C003914,3.71,45,south,bank,3341.24,2,0,0
C003915,3.72,24,north,agent,3127.92,4,0,0
C003916,1.76,56,west,direct,4821.69,2,0,1
C003917,2.19,46,east,agent,6572.54,3,0,0
C003918,2.78,47,south,bank,4062.25,3,0,0
C003919,6.44,66,north,bank,1227.51,1,0,0
C003920,0.6,49,east,direct,6893.24,2,0,0
C003921,7.71,42,north,agent,3145.06,3,0,0
C003922,6.19,50,east,direct,5137.06,1,0,0
C003923,1.11,45,south,bank,1689.68,4,0,1
C003924,7.3,56,north,direct,2147.77,0,0,1
C003925,4.21,41,east,broker,4725.31,0,0,0
C003926,0.78,31,east,bank,1002.73,1,0,0
C003927,1.42,30,south,bank,5247.32,3,0,0
C003928,3.98,27,south,agent,3132.23,0,1,0
C003929,6.21,38,north,agent,5706.07,1,0,0
C003930,4.95,41,east,agent,2215.48,2,0,0
C003931,7.26,18,south,agent,3981.22,3,0,0
C003932,17.31,51,north,broker,5012.09,3,1,0
C003933,2.35,33,south,agent,4118.1,2,0,0
C003934,6.91,27,south,bank,2770.43,0,0,1
C003935,2.56,58,south,agent,3839.44,3,0,0
C003936,7.55,47,west,bank,1605.07,3,0,0
C003937,5.16,37,north,agent,4272.99,2,0,0
C003938,7.15,36,east,agent,1533.84,1,0,0
C003939,0.3,48,east,bank,4852.35,5,0,0
C003940,4.32,36,east,bank,5971.41,2,1,0
C003941,3.52,52,east,bank,2882.71,7,0,0
C003942,4.05,61,east,broker,4034.15,3,0,0
C003943,11.96,58,north,bank,3788.03,2,0,0
C003944,8.44,37,east,direct,4239.02,0,0,0
C003945,2.67,31,south,direct,3572.59,4,0,0
C003946,3.25,43,north,agent,7495.93,0,0,0
C003947,2.54,46,east,agent,2982.66,2,0,0
C003948,5.65,49,north,bank,4158.8,2,0,0
C003949,5.59,38,north,direct,1112.5,2,1,0
C003950,15.48,43,north,bank,1985.47,2,0,0
C003951,5.48,64,north,bank,1577.29,1,0,0
C003952,4.5,35,east,direct,3367.97,1,0,0
C003953,1.95,43,east,agent,1683.5,4,0,0
C003954,8.86,43,south,agent,4472.22,2,0,0
C003955,8.16,34,south,agent,2024.85,2,0,0
C003956,23.7,42,north,agent,2268.72,2,0,0
C003957,3.27,31,east,direct,4585.51,3,0,0
C003958,8.37,56,north,bank,1592.41,3,0,0
C003959,7.43,49,east,direct,851.27,3,0,0
C003960,3.92,46,west,bank,6626.45,6,0,0
C003961,12.28,49,east,agent,2513.56,3,1,1
C003962,6.8,34,east,agent,4104.01,2,0,0
C003963,12.33,58,east,direct,1905.84,2,0,0
C003964,5.3,63,south,agent,1453.16,2,0,0
C003965,5.84,57,east,agent,10640.89,2,0,0
C003966,9.83,43,west,direct,4970.67,2,0,0
C003967,0.49,49,west,direct,1353.71,3,0,0
C003968,10.09,36,south,agent,3942.72,3,0,0
C003969,7.66,46,east,bank,7145.25,2,1,1
C003970,3.78,27,west,agent,2804.19,7,0,0
C003971,0.74,46,west,broker,3685.5,4,0,1
C003972,11.64,37,east,direct,22419.22,2,0,0
C003973,6.46,33,north,agent,2706.32,2,0,0
C003974,6.28,57,east,bank,6685.6,1,1,0
C003975,1.54,47,south,bank,4633.68,3,0,0
C003976,11.54,73,east,bank,2783.56,1,1,0
C003977,1.72,27,east,agent,6551.28,1,0,0
C003978,8.74,54,north,broker,8194.18,6,0,0
C003979,8.0,32,south,bank,4140.09,2,1,0
C003980,1.23,35,west,agent,2618.95,0,0,0
C003981,0.92,50,south,broker,6903.05,0,0,0
C003982,8.78,32,south,direct,989.22,3,0,0
C003983,19.29,63,west,bank,3705.71,2,1,0
C003984,3.07,54,west,agent,2347.44,1,0,0
C003985,4.36,50,south,bank,2543.78,1,1,0
C003986,0.78,39,east,agent,20024.46,0,0,1
C003987,3.06,44,south,direct,782.61,1,0,0
C003988,7.48,47,north,bank,3657.22,1,0,0
C003989,8.86,34,north,bank,2966.16,3,0,0
C003990,2.09,46,east,agent,1973.17,1,1,0
C003991,7.32,46,west,direct,8495.32,2,0,0
C003992,0.4,20,east,bank,3105.35,3,0,0
C003993,6.01,18,north,bank,3698.65,1,0,0
C003994,10.59,24,north,bank,3292.71,3,0,0
C003995,16.79,81,west,bank,6904.31,5,1,0
C003996,3.7,44,south,direct,2663.29,1,0,0
C003997,6.7,52,north,broker,5227.68,4,0,0
C003998,2.87,57,east,agent,2922.73,2,1,0
C003999,0.95,34,west,agent,3831.86,3,0,1
C004000,4.66,38,north,agent,1124.66,3,1,0
C004001,1.06,52,east,broker,4275.18,1,1,0
C004002,3.03,35,south,agent,2018.85,2,1,0
C004003,0.6,30,west,agent,2824.24,2,0,0
C004004,6.79,38,east,agent,2010.98,2,1,0
C004005,2.16,29,west,direct,3535.21,3,0,0
C004006,2.68,18,west,bank,3928.66,3,0,0
C004007,1.78,20,east,agent,9358.42,2,0,0
C004008,2.32,36,east,bank,1861.23,0,0,0
C004009,4.0,41,west,broker,4878.0,2,0,1
C004010,5.4,42,east,bank,2176.21,1,0,0
C004011,8.27,55,south,bank,3410.85,1,0,0
C004012,6.44,40,east,agent,1115.66,1,1,0
C004013,7.24,50,east,direct,5067.43,2,0,0
C004014,1.34,49,east,bank,3808.76,3,0,0
C004015,5.97,39,south,broker,3656.8,3,0,0
C004016,2.07,34,east,bank,3084.23,0,0,0
C004017,14.56,62,east,direct,7012.97,1,0,0
C004018,6.75,35,south,direct,6986.38,2,0,1
C004019,5.15,32,north,direct,5427.95,1,0,0
C004020,5.33,48,east,broker,4262.25,0,0,0
C004021,2.59,36,south,direct,12426.3,1,0,1
C004022,20.62,71,north,broker,2644.03,2,0,0
C004023,5.07,24,east,bank,1622.76,2,0,0
C004024,3.91,50,north,agent,3886.41,2,0,0
C004025,5.04,23,south,agent,3115.52,4,0,0
C004026,4.3,30,north,bank,5694.4,5,0,0
C004027,3.19,18,south,direct,3118.99,2,0,0
C004028,7.06,53,south,broker,1341.69,1,1,0
C004029,5.33,41,east,bank,2831.56,4,0,0
C004030,6.15,26,north,bank,2635.83,0,0,0
C004031,1.91,60,east,direct,3633.9,1,0,0
C004032,15.1,37,north,bank,3114.76,1,0,0
C004033,7.71,41,west,agent,2854.08,3,1,0
C004034,0.78,40,south,agent,6712.67,0,1,0
C004035,3.03,33,east,broker,3035.23,1,0,0
C004036,8.63,63,south,agent,2791.22,3,0,0
C004037,4.1,30,east,bank,6000.73,2,0,1
C004038,5.69,39,west,direct,4192.87,1,0,0
C004039,14.86,55,north,agent,5885.05,1,1,0
C004040,5.11,20,north,direct,2687.89,1,0,1
C004041,3.98,42,south,broker,2748.05,2,0,0
C004042,4.26,49,north,broker,2171.7,2,0,1
C004043,0.63,50,west,agent,1459.72,0,0,0
C004044,15.44,57,north,agent,13294.15,3,1,0
C004045,2.27,66,west,agent,5874.99,0,0,1
C004046,10.22,68,south,broker,2083.39,2,1,0
C004047,5.65,40,west,agent,7201.02,3,0,1
C004048,6.68,46,west,bank,2574.76,1,0,0
C004049,2.9,18,south,agent,8680.8,2,1,0
C004050,4.62,33,south,agent,2739.63,2,0,0
C004051,4.97,27,south,bank,3939.96,1,1,0
C004052,3.23,38,west,broker,3773.57,1,0,0
C004053,3.32,34,east,agent,2731.7,4,0,0
C004054,4.73,53,west,agent,1697.31,2,0,0
C004055,1.34,48,south,agent,5322.92,1,0,0
C004056,4.88,52,west,agent,5802.75,2,0,1
C004057,5.06,60,north,agent,999.18,6,0,0
C004058,8.91,24,north,agent,2038.11,1,0,0
C004059,6.76,41,south,direct,1717.23,2,1,0
C004060,8.62,48,east,bank,2685.32,1,0,0
C004061,1.89,47,east,broker,1280.97,3,0,0
C004062,26.36,57,south,direct,7299.56,1,1,0
C004063,3.97,47,west,bank,2225.21,2,0,0
C004064,9.12,42,south,agent,3213.79,3,0,0
C004065,9.56,44,east,agent,3056.94,1,1,0
C004066,7.86,27,north,agent,2062.46,1,0,0
C004067,1.8,37,south,agent,1536.78,5,0,0
C004068,5.48,69,north,bank,2545.26,1,0,0
C004069,14.74,55,south,agent,4693.95,2,1,0
C004070,2.48,56,east,bank,9650.03,1,1,0
C004071,4.67,33,west,agent,2797.57,5,0,0
C004072,8.22,40,north,broker,3176.12,0,0,0
C004073,6.9,48,east,agent,4663.71,0,0,0
C004074,4.87,53,west,bank,1381.65,1,1,0
C004075,2.05,57,west,bank,2774.99,1,0,0
C004076,2.01,37,south,bank,1729.52,1,0,0
C004077,2.4,49,west,broker,3633.06,3,0,1
C004078,4.27,55,west,broker,1668.48,0,0,0
C004079,3.91,47,east,agent,6044.64,2,0,0
C004080,2.1,39,east,agent,1619.17,3,0,0
C004081,8.55,40,west,agent,2978.56,1,1,1
C004082,1.98,47,east,direct,4641.98,4,0,0
C004083,8.18,42,north,broker,2129.78,1,1,0
C004084,0.6,40,east,agent,3782.84,4,0,0
C004085,7.22,35,west,direct,3541.28,3,0,0
C004086,8.65,35,east,bank,2071.38,0,1,0
C004087,5.21,38,west,agent,2202.58,3,0,0
C004088,6.11,27,west,broker,7035.67,3,0,0
C004089,7.37,56,north,broker,1921.16,3,0,0
C004090,2.49,51,west,agent,3580.91,3,1,1
C004091,2.14,33,south,direct,1859.16,2,0,1
C004092,6.52,27,south,broker,8061.95,3,0,0
C004093,6.02,62,west,broker,4479.93,1,0,0
C004094,3.16,64,west,agent,7514.77,1,1,0
C004095,2.41,42,south,broker,5794.38,3,0,0
C004096,6.74,32,east,agent,4219.59,3,0,0
C004097,12.32,66,west,broker,3673.67,1,1,0
C004098,3.08,45,west,agent,13437.62,1,0,0
C004099,5.5,43,east,agent,4197.68,2,0,0
C004100,21.84,35,east,broker,3927.79,2,1,0
C004101,3.6,45,west,agent,776.67,3,0,0
C004102,0.9,50,south,broker,2211.17,1,0,1
C004103,5.69,56,south,direct,4347.52,1,1,0
C004104,0.9,52,east,direct,4407.26,4,0,0
C004105,2.79,58,east,agent,2155.19,2,0,0
C004106,5.73,39,east,agent,3164.05,2,0,1
C004107,1.98,37,east,agent,3078.91,1,0,0
C004108,1.1,60,west,bank,2657.81,0,0,0
C004109,9.52,65,north,direct,1117.07,2,0,0
C004110,5.97,67,east,direct,7385.59,2,0,0
C004111,6.72,40,north,agent,2199.44,1,0,0
C004112,3.92,44,south,agent,2634.13,0,1,0
C004113,2.56,56,east,bank,4298.27,3,0,0
C004114,0.93,43,south,broker,4708.5,2,0,0
C004115,1.47,56,south,broker,2883.41,1,0,0
C004116,4.01,46,west,bank,3223.55,3,1,0
C004117,5.35,40,north,broker,3286.65,0,0,0
C004118,6.55,44,east,bank,10497.43,0,0,0
C004119,6.06,45,north,direct,2922.8,2,0,0
C004120,6.63,58,south,agent,2221.54,2,0,0
C004121,5.37,53,north,direct,5555.05,4,0,0
C004122,7.22,43,west,bank,2295.82,2,0,0
C004123,4.42,42,north,broker,5334.06,1,0,0
C004124,4.3,27,south,bank,3064.92,1,0,0
C004125,6.18,41,east,agent,3665.8,3,1,0
C004126,4.62,37,north,agent,2866.43,2,0,0
C004127,7.72,71,north,direct,2714.74,0,1,0
C004128,4.48,64,south,bank,3824.52,2,0,0
C004129,0.43,44,east,direct,4858.43,1,0,0
C004130,2.28,59,south,agent,2282.51,1,0,0
C004131,8.77,41,west,direct,19734.54,2,0,0
C004132,2.5,35,west,broker,6972.39,2,0,1
C004133,1.26,51,west,agent,2948.01,0,0,0
C004134,3.16,65,west,agent,3743.44,0,0,0
C004135,8.8,34,west,direct,1978.17,2,0,0
C004136,15.21,39,south,direct,4293.47,4,0,0
C004137,2.91,35,south,bank,3022.44,3,0,0
C004138,6.75,38,east,bank,7698.25,6,0,0
C004139,5.26,54,west,bank,3397.28,2,1,0
C004140,2.77,41,south,direct,4950.73,3,0,0
C004141,6.79,22,north,agent,4058.0,1,0,0
C004142,5.9,44,north,bank,2030.67,1,0,0
C004143,1.97,75,west,bank,3695.69,1,0,0
C004144,5.41,49,west,agent,1167.98,2,1,0
C004145,3.97,49,west,agent,6338.45,1,0,0
C004146,1.8,30,south,agent,1944.35,1,0,0
C004147,4.84,55,north,bank,2415.9,1,0,0
C004148,3.79,46,west,broker,11190.72,2,0,0
C004149,3.98,21,north,direct,6980.55,2,0,0
C004150,5.12,61,west,direct,3844.51,0,0,0
C004151,9.02,41,north,agent,1873.27,0,1,0
C004152,7.82,38,north,direct,4139.14,1,0,0
C004153,4.37,48,west,direct,1813.24,0,1,0
C004154,5.43,48,south,agent,3325.55,6,0,1
C004155,5.22,44,north,agent,5985.67,2,0,0
C004156,5.27,48,north,direct,5836.09,3,0,0
C004157,7.06,51,east,direct,2725.14,3,0,0
C004158,1.87,48,south,broker,4236.39,1,0,0
C004159,14.64,59,south,direct,4284.49,0,0,0
C004160,5.04,41,south,agent,3197.49,0,0,0
C004161,3.53,46,north,bank,6205.48,3,0,0
C004162,17.6,34,west,direct,2466.38,4,0,0
C004163,5.04,42,south,broker,3876.53,2,0,0
C004164,7.03,42,east,direct,16642.89,0,0,0
C004165,8.71,20,west,direct,3807.75,3,0,0
C004166,2.17,26,west,bank,1876.25,2,0,0
C004167,4.51,28,south,agent,4566.2,1,0,0
C004168,6.39,56,west,direct,4698.45,1,0,0
C004169,1.42,64,east,agent,4065.5,2,1,0
C004170,4.99,43,north,bank,4238.81,2,0,0
C004171,5.52,35,north,broker,1644.15,2,0,0
C004172,1.71,32,south,agent,7714.0,2,0,0
C004173,2.73,22,west,bank,3751.69,1,0,1
C004174,16.12,60,south,agent,2649.14,2,0,0
C004175,3.19,44,east,direct,6582.35,1,0,0
C004176,3.45,46,south,bank,4311.95,2,0,0
C004177,7.95,57,north,agent,2882.27,2,0,0
C004178,6.21,60,south,direct,9125.6,0,0,0
C004179,1.9,31,south,bank,1672.8,2,0,0
C004180,4.29,37,west,direct,5209.61,4,1,1
C004181,4.74,23,west,agent,5241.81,2,0,0
C004182,7.63,29,north,bank,2745.85,2,1,0
C004183,5.51,63,south,bank,5429.04,2,0,0
C004184,7.06,37,north,bank,4072.14,2,0,0
C004185,1.56,61,west,agent,4533.86,0,0,0
C004186,7.29,43,east,agent,1304.45,0,0,1
C004187,4.45,37,south,agent,7993.76,1,1,0
C004188,4.2,40,west,bank,407.56,0,0,0
C004189,2.33,47,west,bank,1268.73,3,0,0
C004190,2.59,24,west,bank,3297.35,3,0,0
C004191,2.16,30,south,agent,1887.68,3,0,0
C004192,0.34,54,west,broker,1552.05,4,1,0
C004193,5.53,56,west,direct,2445.53,0,1,1
C004194,4.66,59,west,agent,2698.0,0,0,1
C004195,2.0,51,east,direct,1660.13,1,0,0
C004196,5.37,35,north,bank,6757.39,2,0,0
C004197,1.48,37,south,agent,5204.47,2,0,0
C004198,10.56,26,north,agent,3607.56,4,1,0
C004199,1.89,32,south,agent,1425.48,2,0,0
C004200,2.16,46,south,bank,3401.88,2,0,0
C004201,2.11,74,south,direct,2603.61,0,0,0
C004202,9.46,63,east,agent,2153.27,3,0,0
C004203,8.32,18,east,bank,5910.1,1,0,0
C004204,1.99,46,south,broker,7922.48,2,0,0
C004205,10.46,47,south,broker,2577.82,1,0,0
C004206,13.43,62,west,agent,2457.06,1,0,0
C004207,1.33,26,east,agent,4379.26,3,0,0
C004208,2.44,32,south,bank,3940.63,3,0,0
C004209,4.04,43,north,broker,7129.54,1,0,0
C004210,4.62,49,east,bank,6768.75,2,0,0
C004211,4.09,40,east,agent,11408.6,1,0,0
C004212,4.75,61,south,agent,6878.19,1,0,0
C004213,1.27,33,east,broker,6005.71,4,0,0
C004214,6.43,38,north,broker,8181.18,3,0,0
C004215,7.95,61,west,broker,3060.15,1,0,0
C004216,4.98,37,east,direct,7188.79,3,0,1
C004217,3.29,44,south,agent,2159.16,5,0,0
C004218,1.27,37,west,direct,5940.09,4,0,0
C004219,5.08,43,south,direct,6003.56,1,0,1
C004220,10.18,35,north,agent,2506.52,4,0,0
C004221,11.31,65,east,agent,12894.26,1,0,0
C004222,2.91,64,south,direct,5108.92,1,0,0
C004223,1.01,47,south,broker,1641.96,7,0,0
C004224,2.95,35,east,direct,2551.14,1,0,0
C004225,6.68,61,east,agent,6519.31,1,0,0
C004226,4.47,36,west,bank,2549.43,0,0,0
C004227,2.61,50,west,broker,2461.4,2,1,0
C004228,0.31,62,east,agent,4892.87,1,0,0
C004229,5.9,71,north,agent,5602.69,3,1,0
C004230,10.47,63,west,agent,4631.3,5,1,0
C004231,4.12,48,north,direct,3101.33,2,0,1
C004232,6.65,45,east,agent,4105.95,2,0,0
C004233,7.77,49,north,bank,4779.33,2,0,0
C004234,4.53,28,west,agent,3236.45,1,0,0
C004235,10.39,28,north,direct,10367.76,2,0,0
C004236,2.54,29,east,agent,1940.46,3,0,0
C004237,8.25,34,west,bank,1174.27,2,0,0
C004238,6.29,45,south,agent,4053.97,2,0,0
C004239,10.86,48,west,agent,4885.67,2,1,0
C004240,3.84,36,south,bank,2449.82,0,0,0
C004241,6.93,34,east,bank,5713.83,1,0,0
C004242,8.25,62,east,agent,1710.39,1,0,0
C004243,3.76,62,east,bank,3064.17,4,0,0
C004244,6.49,40,north,agent,1705.88,2,1,0
C004245,2.56,60,east,agent,4687.36,1,0,0
C004246,2.04,43,west,direct,1211.91,1,0,0
C004247,6.51,63,west,bank,1857.23,2,0,0
C004248,11.26,22,west,agent,5803.48,0,0,0
C004249,5.2,34,west,agent,1601.53,4,1,0
C004250,6.0,18,east,bank,1173.41,1,0,0
C004251,7.38,32,west,bank,3515.53,3,0,0
C004252,4.19,52,west,broker,1969.38,5,0,1
C004253,7.8,47,west,agent,2777.23,2,1,0
C004254,4.04,38,south,direct,6458.95,2,0,0
C004255,7.18,51,north,broker,5639.31,4,1,0
C004256,10.37,27,north,agent,7910.7,5,1,0
C004257,4.07,33,north,agent,1916.58,0,0,0
C004258,6.73,55,east,direct,1347.71,1,0,1
C004259,2.23,52,east,direct,2850.36,1,1,1
C004260,6.56,33,west,broker,3749.35,0,1,0
C004261,3.91,48,west,broker,3714.79,4,0,0
C004262,2.96,49,south,direct,3557.03,3,1,0
C004263,19.73,39,north,bank,4796.2,3,0,1
C004264,9.54,54,west,agent,4148.71,6,1,0
C004265,5.29,40,east,agent,5546.21,0,0,0
C004266,11.88,28,north,agent,6885.83,2,0,0
C004267,6.54,30,south,bank,4534.92,1,0,0
C004268,6.01,22,north,agent,2335.48,3,0,0
C004269,11.55,33,west,bank,1233.31,1,0,0
C004270,3.21,62,east,bank,3053.33,0,0,0
C004271,5.72,33,east,bank,1409.62,1,0,0
C004272,5.65,57,south,agent,4215.71,4,1,0
C004273,2.79,55,west,bank,1815.3,1,1,0
C004274,1.85,39,west,broker,4120.69,2,0,0
C004275,8.16,49,east,agent,5209.27,4,0,0
C004276,6.04,19,north,broker,1593.54,1,0,0
C004277,2.6,41,west,bank,4700.92,3,0,1
C004278,5.4,63,south,bank,1993.99,1,1,0
C004279,0.42,55,west,bank,7220.41,1,0,0
C004280,6.84,43,west,broker,5625.75,1,0,0
C004281,4.16,56,east,bank,5331.3,2,0,0
C004282,13.39,49,west,agent,2011.81,2,0,0
C004283,2.14,68,east,agent,9426.42,1,0,1
C004284,1.74,34,south,agent,3002.08,1,0,0
C004285,7.62,46,east,agent,4821.8,2,0,0
C004286,3.97,41,east,direct,7931.0,2,0,1
C004287,10.11,31,east,direct,2682.71,0,0,0
C004288,4.87,33,north,agent,4776.77,0,0,0
C004289,2.84,72,west,agent,2631.37,2,1,0
C004290,5.03,31,east,agent,5634.88,2,0,0
C004291,6.1,34,south,agent,4153.95,2,0,0
C004292,6.5,36,south,agent,3272.64,2,1,0
C004293,5.43,50,north,broker,2059.78,3,0,0
C004294,2.64,40,west,agent,1148.37,1,0,0
C004295,5.4,48,north,agent,1784.04,0,0,1
C004296,6.81,56,west,broker,3948.1,2,1,0
C004297,8.51,50,south,broker,6506.62,0,0,0
C004298,2.6,31,west,agent,2099.92,1,0,0
C004299,4.99,60,north,agent,1210.77,1,0,0
C004300,1.27,75,east,broker,9161.4,2,0,0
C004301,5.96,56,east,agent,6981.66,1,0,0
C004302,8.98,39,west,agent,2996.56,5,0,0
C004303,3.37,58,south,agent,4181.88,2,0,0
C004304,5.22,45,south,bank,7530.55,2,0,0
C004305,12.71,36,west,bank,9012.41,3,0,0
C004306,3.35,47,west,agent,2994.86,3,1,0
C004307,6.26,48,east,agent,1242.33,4,1,0
C004308,16.28,35,north,agent,5356.51,5,1,0
C004309,7.59,37,north,bank,2626.98,1,0,0
C004310,5.67,56,west,broker,3376.16,1,1,1
C004311,4.41,56,west,agent,6113.91,1,0,1
C004312,5.22,43,north,agent,7761.94,4,0,0
C004313,3.63,49,south,bank,3204.1,0,1,0
C004314,1.85,40,west,agent,5972.26,0,0,0
C004315,1.1,56,south,broker,5241.92,2,0,1
C004316,4.56,39,west,agent,2977.86,2,0,0
C004317,7.86,53,north,broker,11016.53,1,1,0
C004318,7.12,43,east,agent,3613.18,1,0,0
C004319,8.98,50,north,bank,2648.45,0,1,0
C004320,7.95,47,west,agent,2447.47,2,0,0
C004321,15.18,26,north,bank,2639.44,4,0,0
C004322,1.97,47,west,direct,1073.62,2,0,0
C004323,3.5,49,north,agent,2573.73,1,1,0
C004324,6.04,37,east,broker,1430.09,2,0,0
C004325,8.68,32,east,broker,6263.18,0,0,0
C004326,6.16,40,north,agent,3749.25,1,1,0
C004327,5.8,34,west,agent,3308.48,2,0,0
C004328,14.33,50,north,direct,10936.32,2,0,0
C004329,10.66,45,south,agent,2875.97,3,0,0
C004330,3.95,61,south,bank,927.17,2,0,0
C004331,5.97,18,north,bank,5509.31,1,0,0
C004332,1.43,40,west,direct,3832.83,1,0,0
C004333,0.52,18,west,agent,14566.85,4,0,0
C004334,5.64,36,north,direct,2186.59,3,0,0
C004335,1.64,45,south,bank,3416.79,2,0,0
C004336,2.93,52,east,agent,1091.69,4,0,0
C004337,4.89,23,south,bank,5251.61,4,0,0
C004338,1.94,26,south,agent,7342.98,4,0,1
C004339,1.76,28,east,agent,8169.6,0,0,1
C004340,2.32,64,west,direct,5538.01,6,0,1
C004341,2.03,35,south,bank,2228.14,1,0,1
C004342,2.5,21,west,broker,2353.03,0,0,0
C004343,2.67,40,east,direct,1507.75,0,0,0
C004344,8.28,24,north,bank,3815.1,0,1,0
C004345,4.25,50,south,broker,4267.46,3,0,1
C004346,6.84,54,north,broker,10780.31,5,0,0
C004347,13.28,32,east,bank,1839.27,1,0,0
C004348,9.13,56,east,agent,3997.03,2,1,1
C004349,2.48,18,south,agent,6487.56,1,0,0
C004350,1.21,46,west,agent,5801.71,3,0,0
C004351,0.61,19,east,direct,3221.2,2,0,0
C004352,3.61,80,south,bank,6912.47,4,0,0
C004353,3.89,51,south,bank,7600.82,4,0,0
C004354,12.22,34,west,bank,4174.69,3,1,0
C004355,6.24,18,west,bank,2552.01,2,0,0
C004356,1.87,54,south,agent,2186.38,2,0,0
C004357,1.95,60,south,agent,6779.01,0,1,0
C004358,2.31,56,west,agent,5594.83,2,0,0
C004359,4.6,39,south,agent,5401.73,2,0,0
C004360,2.03,45,east,direct,9905.0,3,0,0
C004361,6.19,52,west,agent,1286.32,0,1,0
C004362,5.82,38,east,agent,4521.68,3,0,0
C004363,3.18,54,west,direct,3542.97,5,0,0
C004364,2.2,38,south,broker,6233.77,2,0,0
C004365,5.33,24,east,bank,7550.64,4,0,0
C004366,1.66,51,west,agent,3302.07,3,0,1
C004367,9.74,51,north,agent,2461.01,2,0,0
C004368,0.62,50,east,agent,3750.28,5,0,0
C004369,1.93,34,east,agent,1857.51,3,0,0
C004370,5.88,48,west,bank,2590.07,5,0,0
C004371,4.42,47,south,direct,8741.6,0,1,0
C004372,10.22,23,north,agent,4144.58,3,0,0
C004373,1.19,27,west,agent,1841.14,0,0,0
C004374,16.92,36,south,bank,6293.97,4,0,0
C004375,4.99,49,south,bank,4367.17,1,0,0
C004376,13.55,42,north,agent,1595.39,2,1,0
C004377,6.05,36,west,bank,7166.38,0,0,0
C004378,10.7,58,west,broker,2032.19,3,0,0
C004379,7.84,43,east,bank,6274.97,3,1,0
C004380,4.0,32,west,direct,5526.24,0,0,0
C004381,1.95,63,west,bank,6829.6,0,1,0
C004382,5.24,44,north,agent,7508.92,2,0,0
C004383,1.54,60,east,agent,2060.34,1,0,0
C004384,3.59,49,south,bank,2730.29,4,1,0
C004385,9.3,52,north,bank,3204.56,2,0,0
C004386,5.74,35,north,agent,3045.39,1,1,0
C004387,3.36,48,south,agent,2163.09,3,0,0
C004388,11.94,65,north,broker,6079.37,0,0,0
C004389,4.03,44,west,direct,3589.88,3,0,0
C004390,8.29,53,east,bank,3951.03,1,0,0
C004391,9.85,62,west,agent,4236.78,1,1,0
C004392,1.16,49,east,agent,5816.61,1,0,0
C004393,3.36,45,west,bank,2347.01,2,0,0
C004394,1.13,42,east,agent,3146.62,2,0,0
C004395,2.66,61,south,bank,7670.45,3,0,0
C004396,11.06,23,north,agent,1642.34,0,0,0
C004397,3.95,34,east,direct,9221.05,0,1,1
C004398,2.19,64,east,agent,5501.24,0,1,0
C004399,1.79,25,west,agent,2137.49,1,0,0
C004400,16.44,40,north,bank,3433.48,1,0,0
C004401,14.76,32,south,bank,2746.96,2,0,0
C004402,10.32,51,south,broker,6869.24,3,0,0
C004403,5.55,38,east,bank,4032.51,2,0,0
C004404,4.98,38,south,direct,5333.44,1,0,0
C004405,6.89,57,south,bank,6986.25,3,0,0
C004406,4.32,49,north,bank,8426.6,0,0,0
C004407,4.29,40,north,agent,3984.96,0,0,0
C004408,8.56,58,north,bank,4028.25,4,0,0
C004409,3.61,56,west,agent,3562.29,4,1,0
C004410,5.26,53,north,broker,6040.97,2,0,0
C004411,5.07,43,south,direct,6523.13,2,0,1
C004412,5.61,31,west,broker,1424.44,1,0,0
C004413,5.31,53,west,broker,3242.17,3,0,0
C004414,3.82,48,south,bank,2990.23,0,0,0
C004415,3.26,49,south,agent,5117.96,3,0,1
C004416,6.44,40,south,agent,1037.72,2,0,1
C004417,1.0,46,west,direct,2786.06,3,0,0
C004418,5.71,46,north,agent,2317.36,3,0,0
C004419,5.07,57,west,broker,2265.67,1,0,1
C004420,4.13,59,west,agent,6098.72,2,0,0
C004421,5.49,18,north,agent,3215.2,1,1,0
C004422,11.96,18,west,agent,3368.48,1,0,0
C004423,2.49,45,east,direct,8449.26,1,0,0
C004424,3.5,48,west,agent,5215.47,1,0,0
C004425,2.55,22,east,agent,1929.21,1,1,0
C004426,4.8,47,west,agent,5903.02,3,0,0
C004427,3.19,36,south,direct,4688.12,1,0,0
C004428,2.93,41,south,bank,14637.13,2,0,0
C004429,4.31,61,west,agent,1830.15,0,0,0
C004430,2.79,45,east,bank,1919.96,1,1,0
C004431,4.26,39,north,bank,1859.46,0,0,0
C004432,4.49,49,east,broker,9798.39,2,0,0
C004433,11.74,52,north,broker,4756.32,3,0,0
C004434,6.74,53,north,bank,1614.91,3,0,0
C004435,5.34,37,east,direct,4293.77,3,0,0
C004436,4.57,49,north,bank,1397.38,1,0,0
C004437,1.96,51,south,agent,7044.72,2,0,1
C004438,3.49,66,north,broker,2697.5,6,0,0
C004439,7.65,44,north,agent,8026.49,0,0,1
C004440,10.29,32,south,bank,3162.79,2,1,0
C004441,2.95,39,south,direct,1203.74,2,1,0
C004442,5.14,41,south,agent,2797.03,3,0,0
C004443,14.94,25,north,bank,2914.78,2,0,0
C004444,4.31,47,east,bank,2420.07,6,0,0
C004445,2.12,27,east,agent,5225.55,3,1,0
C004446,0.6,45,east,agent,3668.79,2,0,0
C004447,2.92,35,east,agent,4288.66,0,1,0
C004448,0.34,26,east,agent,1352.42,3,0,1
C004449,4.43,39,west,agent,6629.18,4,1,0
C004450,4.81,41,east,broker,6836.7,3,0,0
C004451,13.59,44,west,direct,8502.78,3,1,0
C004452,10.73,39,north,agent,6751.95,2,0,0
C004453,1.32,45,west,agent,1419.06,2,1,0
C004454,5.49,51,east,agent,3421.16,2,0,0
C004455,8.13,44,north,bank,7150.66,0,0,0
C004456,2.76,38,south,agent,3206.43,3,0,0
C004457,12.9,71,north,direct,1174.44,2,1,0
C004458,0.94,56,west,agent,2519.56,2,0,0
C004459,8.72,44,east,agent,2467.88,3,1,0
C004460,14.1,69,south,agent,4174.43,0,1,0
C004461,8.63,53,south,broker,982.21,2,0,0
C004462,7.82,55,west,direct,3084.24,3,0,0
C004463,4.55,57,south,bank,4294.56,1,0,1
C004464,3.5,26,west,direct,1570.06,1,0,1
C004465,10.47,39,west,direct,1660.08,2,0,1
C004466,2.78,52,west,broker,3910.55,1,0,0
C004467,1.15,56,south,agent,4120.14,0,0,0
C004468,7.34,18,north,direct,6704.39,0,0,0
C004469,2.5,62,east,bank,6306.22,2,0,0
C004470,4.5,31,east,direct,9631.9,0,0,0
C004471,10.45,69,west,direct,7161.04,4,0,0
C004472,4.98,18,north,direct,4242.06,3,0,1
C004473,5.2,32,north,agent,2834.84,4,0,0
C004474,3.45,49,east,agent,7770.01,1,0,0
C004475,0.29,37,south,agent,1810.23,4,0,0
C004476,3.64,48,west,direct,3797.32,2,0,0
C004477,6.14,39,west,direct,2573.96,2,0,0
C004478,7.01,18,south,agent,9177.69,2,0,0
C004479,3.62,31,south,broker,2968.21,3,0,0
C004480,6.83,42,west,direct,2478.72,0,0,0
C004481,11.22,42,west,bank,9658.57,1,0,0
C004482,4.06,53,west,agent,2896.31,3,0,0
C004483,7.8,85,west,bank,2165.65,3,0,0
C004484,2.01,59,west,direct,5125.67,2,0,0
C004485,14.79,41,east,broker,8546.84,1,1,0
C004486,8.95,24,north,agent,9261.59,3,1,0
C004487,5.04,30,north,agent,1651.42,2,1,0
C004488,1.93,40,east,agent,7526.9,3,0,0
C004489,5.79,71,south,broker,2503.41,3,0,1
C004490,14.13,31,north,bank,1390.15,0,0,0
C004491,8.94,53,north,broker,8379.27,4,0,0
C004492,3.76,32,west,bank,2917.16,2,1,0
C004493,7.17,67,east,broker,1918.5,1,0,0
C004494,3.18,44,west,agent,8093.48,2,0,0
C004495,8.47,38,south,agent,6899.08,0,1,0
C004496,11.82,51,south,broker,10558.33,3,1,0
C004497,5.01,51,south,agent,2562.86,2,0,0
C004498,6.49,42,north,bank,3359.22,2,0,0
C004499,5.54,53,north,agent,8410.58,1,1,0
C004500,5.87,47,north,broker,4333.84,2,0,0
C004501,1.84,45,west,broker,2856.47,0,0,0
C004502,6.55,34,north,direct,4401.91,4,1,0
C004503,14.83,61,west,agent,6010.05,3,0,0
C004504,5.39,62,north,direct,1523.04,3,0,0
C004505,2.64,62,south,broker,7480.83,2,1,0
C004506,11.76,33,west,direct,2199.77,0,0,0
C004507,9.3,38,north,bank,1657.01,2,0,0
C004508,3.66,58,west,agent,6328.67,0,0,1
C004509,6.86,31,south,broker,3455.99,3,0,0
C004510,13.52,50,north,agent,8329.22,1,1,0
C004511,6.37,30,west,bank,2984.35,2,0,0
C004512,8.97,45,north,bank,1854.65,2,0,0
C004513,7.36,48,south,bank,3453.64,6,1,0
C004514,11.26,23,west,agent,4083.1,2,1,0
C004515,5.37,33,west,bank,4182.78,6,0,0
C004516,1.66,57,south,bank,2403.19,2,0,1
C004517,4.77,48,west,direct,2599.66,2,0,0
C004518,2.49,59,west,agent,2122.33,4,0,0
C004519,6.42,39,south,broker,1545.54,1,1,0
C004520,3.49,44,south,bank,3907.72,3,0,1
C004521,2.48,49,west,broker,3958.5,2,0,0
C004522,3.42,56,east,agent,11241.08,2,0,0
C004523,1.98,58,south,agent,3112.79,1,0,1
C004524,3.91,71,west,direct,1928.86,0,0,0
C004525,5.26,47,south,bank,1434.29,2,1,0
C004526,2.43,33,south,direct,1385.36,2,0,0
C004527,4.43,44,east,bank,3701.82,2,0,0
C004528,1.63,49,south,agent,8291.83,3,0,0
C004529,9.16,58,west,bank,6592.0,1,1,0
C004530,5.17,38,east,direct,7065.5,3,1,0
C004531,7.4,25,north,bank,4095.92,2,0,0
C004532,8.55,59,west,agent,7344.71,1,0,0
C004533,3.72,42,east,broker,3825.85,0,0,0
C004534,4.57,72,north,bank,2741.31,2,0,0
C004535,7.35,45,east,bank,5103.28,3,1,0
C004536,7.36,36,west,agent,2620.19,0,0,0
C004537,2.65,37,west,broker,3894.52,2,1,0
C004538,6.9,37,west,bank,3048.95,2,0,0
C004539,5.91,74,west,bank,3502.79,1,1,0
C004540,6.93,41,north,direct,4686.9,2,0,0
C004541,4.03,57,south,agent,5507.69,2,0,0
C004542,8.29,34,north,agent,3407.44,3,1,0
C004543,7.42,62,north,direct,1139.78,1,0,1
C004544,2.03,29,east,direct,3209.6,2,0,0
C004545,2.33,63,east,direct,4378.43,5,0,0
C004546,4.23,54,north,agent,4521.22,3,1,0
C004547,11.16,48,east,broker,6889.44,3,0,0
C004548,3.48,53,south,agent,7087.16,3,1,0
C004549,3.58,45,west,bank,5788.4,5,0,0
C004550,9.23,73,north,direct,4297.48,1,1,0
C004551,5.96,43,west,broker,7084.49,8,0,0
C004552,7.82,27,west,agent,3084.15,2,0,0
C004553,7.89,31,north,broker,5315.33,3,1,0
C004554,3.32,20,east,agent,2653.17,1,0,0
C004555,5.58,31,south,agent,2865.61,0,0,0
C004556,5.78,61,west,agent,7173.54,2,1,0
C004557,3.31,58,south,agent,3029.73,4,0,0
C004558,9.69,39,west,broker,1122.93,0,0,0
C004559,7.21,31,east,direct,8483.62,3,0,0
C004560,8.12,57,east,broker,3095.16,1,0,0
C004561,7.29,57,east,agent,4044.86,3,0,1
C004562,10.29,32,east,bank,3614.34,1,0,0
C004563,1.64,31,south,bank,1288.33,2,0,0
C004564,5.8,67,east,agent,6960.69,2,0,0
C004565,6.28,40,west,direct,2081.57,2,1,0
C004566,4.24,62,south,broker,2452.61,3,0,0
C004567,5.13,41,north,agent,3081.62,1,0,0
C004568,5.14,46,south,direct,1862.04,2,1,0
C004569,5.62,57,south,broker,2660.56,1,0,0
C004570,10.56,31,east,direct,5528.3,1,0,0
C004571,1.59,45,east,agent,5478.6,1,0,0
C004572,3.64,52,east,agent,2118.98,3,1,0
C004573,1.63,51,south,broker,9377.86,3,0,0
C004574,3.5,36,west,agent,3340.86,2,0,0
C004575,7.78,40,north,bank,3219.85,3,0,0
C004576,7.0,45,south,agent,4795.8,1,0,0
C004577,4.07,61,east,direct,1334.32,2,0,0
C004578,1.8,52,west,agent,8022.87,1,0,0
C004579,8.21,54,north,agent,5695.51,2,0,0
C004580,6.05,57,north,direct,5446.66,2,0,0
C004581,11.55,42,east,direct,4444.54,2,0,0
C004582,12.13,44,north,agent,3018.55,1,1,0
C004583,1.95,58,east,agent,4095.31,3,0,0
C004584,4.06,35,south,direct,4098.19,3,0,0
C004585,1.33,68,east,bank,3435.39,1,0,0
C004586,2.7,72,east,broker,3906.54,0,0,0
C004587,7.57,51,south,direct,3367.83,2,0,0
C004588,5.39,43,south,agent,3200.07,4,1,0
C004589,4.98,56,south,agent,1103.65,3,0,0
C004590,1.39,59,east,agent,2813.15,0,1,0
C004591,1.03,29,west,bank,2511.94,4,1,0
C004592,6.05,42,north,broker,3266.17,0,0,0
C004593,5.53,41,west,broker,1706.4,2,0,1
C004594,9.71,42,north,agent,3656.76,2,0,0
C004595,16.34,37,east,bank,3723.32,7,0,0
C004596,2.24,43,south,direct,1953.11,5,0,0
C004597,1.66,46,south,agent,2416.73,3,1,0
C004598,5.57,42,north,agent,4007.16,1,1,0
C004599,5.05,49,east,bank,1633.97,3,0,0
C004600,14.06,32,north,agent,4233.67,1,1,0
C004601,16.02,25,north,agent,8921.25,2,1,0
C004602,2.19,41,south,agent,3071.04,1,0,0
C004603,11.91,74,east,bank,4691.07,3,1,0
C004604,10.48,32,west,direct,1783.56,3,0,0
C004605,10.94,46,south,broker,7035.65,2,0,0
C004606,1.21,30,south,agent,2941.38,1,0,0
C004607,2.3,36,east,bank,4421.13,3,0,0
C004608,5.53,66,north,agent,3145.0,2,0,0
C004609,6.4,21,north,bank,2735.36,1,0,1
C004610,0.93,42,west,agent,2916.58,1,0,0
C004611,2.14,50,east,bank,2754.63,3,0,0
C004612,2.25,48,south,bank,10278.42,2,0,0
C004613,0.43,46,south,broker,1931.27,2,0,0
C004614,5.15,54,north,bank,1784.15,1,0,0
C004615,13.89,54,north,broker,3322.26,2,0,0
C004616,7.88,37,north,bank,3014.14,1,0,0
C004617,12.62,59,west,direct,1417.0,1,1,0
C004618,5.79,53,west,agent,7933.95,0,0,0
C004619,2.01,38,west,broker,1472.83,0,0,0
C004620,10.54,48,west,bank,9440.76,0,0,0
C004621,9.63,46,east,bank,3603.9,3,1,0
C004622,0.79,26,east,direct,2240.52,3,0,0
C004623,2.41,64,west,agent,1850.59,1,1,0
C004624,6.31,42,east,direct,7017.4,2,0,0
C004625,2.55,54,east,bank,5765.18,0,0,0
C004626,7.92,63,west,agent,3142.54,3,0,0
C004627,6.54,33,south,agent,13715.32,1,0,0
C004628,9.08,59,south,agent,3396.87,0,0,0
C004629,3.82,40,south,bank,2783.62,4,0,0
C004630,6.7,32,north,direct,6107.18,2,0,0
C004631,7.96,45,north,agent,1348.63,2,0,0
C004632,2.11,67,west,agent,3295.29,2,0,1
C004633,7.14,38,east,agent,2461.39,1,0,0
C004634,6.25,37,west,agent,3164.31,1,0,0
C004635,4.81,47,west,agent,3896.83,3,1,0
C004636,1.15,47,west,bank,2104.39,2,0,0
C004637,2.9,43,west,bank,2840.66,0,0,1
C004638,4.36,30,west,agent,5807.84,0,0,0
C004639,7.01,44,north,agent,4608.86,2,0,0
C004640,2.23,38,west,agent,4716.28,1,1,0
C004641,4.05,41,east,direct,4423.09,0,1,0
C004642,2.96,34,south,direct,4527.04,3,1,0
C004643,4.28,47,north,direct,2564.13,1,0,0
C004644,2.48,41,west,broker,3649.35,2,0,0
C004645,6.9,39,east,broker,9532.08,3,0,0
C004646,8.58,60,east,broker,3713.77,1,1,0
C004647,13.74,37,south,agent,15365.56,3,1,0
C004648,4.23,25,east,direct,4364.32,2,0,0
C004649,12.26,60,south,broker,2473.8,1,0,0
C004650,4.77,39,south,agent,4007.93,0,0,0
C004651,2.85,18,east,agent,4237.33,2,0,0
C004652,9.09,57,east,direct,1890.38,0,0,0
C004653,8.4,40,east,bank,5421.19,4,1,0
C004654,6.52,41,east,direct,2550.18,2,0,0
C004655,20.27,41,west,agent,3194.65,5,1,0
C004656,8.11,57,south,agent,4014.95,6,1,0
C004657,0.72,46,south,agent,2965.52,3,0,0
C004658,7.3,62,west,agent,3614.85,1,0,0
C004659,5.16,45,south,bank,3117.77,1,0,0
C004660,0.8,62,south,broker,3514.97,1,0,0
C004661,0.77,59,east,agent,6892.49,1,1,0
C004662,0.22,41,east,agent,2618.67,1,0,0
C004663,3.65,47,east,agent,4251.29,2,0,0
C004664,6.25,36,south,agent,9043.08,3,0,0
C004665,6.4,49,south,broker,3772.97,1,0,0
C004666,0.32,33,south,bank,2900.14,4,0,0
C004667,1.79,60,south,broker,2593.22,0,0,0
C004668,2.4,26,south,bank,1455.88,6,0,0
C004669,4.87,42,east,direct,4780.63,4,1,0
C004670,8.87,41,south,agent,3146.58,2,0,0
C004671,7.14,31,north,agent,8228.12,2,1,0
C004672,3.43,30,east,agent,2494.67,2,0,0
C004673,1.73,46,west,agent,2255.63,2,0,0
C004674,10.97,24,east,agent,1337.96,4,0,0
C004675,7.2,38,east,bank,2738.15,0,0,0
C004676,5.5,34,north,bank,4059.2,1,1,0
C004677,8.47,45,east,direct,3209.36,4,0,0
C004678,5.23,28,north,bank,2452.82,4,0,0
C004679,5.62,55,south,bank,1316.89,3,1,0
C004680,2.04,30,west,broker,3174.19,3,0,1
C004681,9.63,58,south,broker,6296.2,1,0,0
C004682,15.57,50,north,bank,1300.53,1,1,0
C004683,10.21,42,west,bank,8624.82,3,1,0
C004684,8.24,37,south,agent,2753.15,1,0,0
C004685,10.14,47,north,agent,25507.86,2,1,0
C004686,7.56,75,west,bank,2850.48,1,0,0
C004687,13.49,66,west,direct,3242.65,0,1,0
C004688,9.89,45,east,broker,3357.05,1,1,0
C004689,7.48,63,west,agent,2995.39,4,1,0
C004690,4.78,32,south,direct,2833.02,3,0,0
C004691,3.12,61,north,agent,2286.43,2,0,1
C004692,8.5,49,north,bank,1840.76,2,0,0
C004693,7.11,22,east,bank,9920.83,1,0,0
C004694,7.83,34,west,broker,2594.88,3,0,0
C004695,3.95,69,east,agent,14427.09,0,0,0
C004696,5.97,53,north,direct,4867.53,1,0,1
C004697,1.25,55,west,direct,2097.17,1,0,0
C004698,3.93,60,north,agent,1943.93,1,1,0
C004699,2.16,28,east,agent,1657.75,2,0,1
C004700,4.24,37,north,bank,3958.42,1,0,0
C004701,10.01,49,north,agent,2170.47,2,0,0
C004702,8.25,50,south,bank,3050.2,0,0,0
C004703,10.22,29,north,direct,3919.25,1,1,0
C004704,6.46,40,east,direct,2816.32,3,0,0
C004705,3.18,33,east,direct,2857.53,0,0,1
C004706,13.34,38,north,agent,2180.34,0,0,0
C004707,0.66,20,south,direct,3428.6,2,0,0
C004708,5.8,42,north,agent,2143.05,2,0,0
C004709,1.07,32,east,agent,2639.97,0,1,0
C004710,4.09,18,south,broker,1579.38,1,0,0
C004711,7.66,56,west,bank,4911.52,0,0,0
C004712,3.53,65,west,broker,12359.11,2,1,0
C004713,1.03,66,south,direct,4586.78,2,0,0
C004714,3.55,49,south,bank,999.84,0,0,0
C004715,6.45,71,west,bank,7351.49,0,0,0
C004716,3.11,49,west,agent,1496.91,2,0,0
C004717,6.61,51,north,agent,2570.86,3,1,0
C004718,4.78,46,north,bank,12630.53,2,0,0
C004719,4.17,54,south,broker,5671.38,2,1,0
C004720,4.17,29,east,broker,1086.71,3,0,0
C004721,3.43,41,west,agent,2594.35,3,0,1
C004722,9.09,42,west,bank,2670.21,1,0,0
C004723,2.32,57,south,direct,2278.33,4,1,0
C004724,3.38,42,south,agent,3998.83,1,0,0
C004725,2.38,32,east,broker,3353.31,1,0,0
C004726,13.35,38,north,broker,5378.46,2,0,0
C004727,9.36,45,west,bank,4423.14,1,0,0
C004728,0.77,62,south,bank,3121.44,4,0,0
C004729,3.33,18,south,agent,6371.6,1,1,0
C004730,7.48,48,east,agent,7882.82,2,1,0
C004731,7.36,38,north,direct,6690.01,1,0,0
C004732,17.04,37,north,agent,2827.53,1,0,0
C004733,13.07,45,south,agent,1584.94,4,1,0
C004734,3.88,24,west,bank,1011.49,2,0,0
C004735,16.91,43,south,agent,5043.17,3,1,0
C004736,5.33,40,north,direct,1972.59,2,0,0
C004737,8.61,46,east,direct,4622.75,3,1,0
C004738,4.66,29,west,direct,1078.13,3,0,1
C004739,7.24,53,west,agent,2763.75,0,1,0
C004740,2.63,18,west,bank,1395.04,4,0,0
C004741,1.72,28,west,bank,7981.5,6,0,0
C004742,4.92,20,north,agent,2733.47,1,0,0
C004743,5.92,41,west,agent,5485.66,3,0,0
C004744,3.06,54,east,agent,4832.02,2,0,0
C004745,4.46,42,north,agent,1146.04,1,0,1
C004746,2.27,45,south,direct,1717.46,1,1,0
C004747,7.41,20,west,bank,6395.68,1,0,0
C004748,3.13,35,west,broker,4002.17,1,0,0
C004749,9.9,41,north,bank,3177.32,2,0,0
C004750,4.19,62,west,bank,4004.76,0,1,0
C004751,2.55,48,south,bank,3802.44,0,0,0
C004752,1.63,64,south,broker,3851.93,2,1,0
C004753,6.13,33,east,agent,2701.31,4,1,0
C004754,3.2,51,east,agent,3671.07,1,0,0
C004755,3.24,34,west,agent,3810.87,2,0,0
C004756,4.23,40,west,broker,2826.09,2,0,0
C004757,1.53,46,east,agent,2146.93,3,1,0
C004758,1.84,60,west,direct,1561.04,2,0,0
C004759,8.96,46,north,direct,4371.57,0,0,0
C004760,4.37,32,east,agent,6570.26,1,1,0
C004761,5.45,35,west,broker,2136.21,1,0,0
C004762,5.34,59,west,agent,5654.21,1,0,0
C004763,4.32,48,north,agent,5602.77,1,0,0
C004764,0.25,53,east,direct,3547.06,5,0,1
C004765,8.58,43,east,agent,2707.38,1,1,0
C004766,6.81,32,east,direct,8206.75,0,0,0
C004767,5.02,37,east,broker,2170.09,1,0,0
C004768,0.49,41,east,direct,5456.03,4,0,1
C004769,8.25,36,north,direct,1881.34,2,1,1
C004770,3.93,62,north,broker,3409.64,1,0,0
C004771,1.82,52,east,agent,4548.3,3,1,0
C004772,1.32,30,south,bank,5044.33,1,0,0
C004773,4.35,54,east,bank,1211.58,6,0,0
C004774,2.98,43,west,bank,3132.58,2,1,0
C004775,11.58,45,north,broker,2819.67,0,1,0
C004776,5.55,39,east,broker,3489.41,0,0,0
C004777,8.78,47,north,bank,1372.05,4,0,0
C004778,8.49,35,east,agent,3631.42,1,0,0
C004779,9.09,31,west,direct,5396.64,4,0,0
C004780,7.42,55,south,broker,5047.16,1,0,0
C004781,4.88,55,west,bank,1749.6,4,0,0
C004782,2.6,57,west,agent,2158.45,1,1,0
C004783,6.1,23,south,bank,1259.48,3,0,0
C004784,4.13,47,west,agent,9371.89,2,1,0
C004785,2.94,48,east,bank,5787.41,3,0,0
C004786,6.8,55,east,bank,4456.18,5,1,0
C004787,4.14,81,east,agent,4406.93,3,0,0
C004788,3.77,64,north,direct,3401.16,2,0,1
C004789,1.15,63,west,agent,3254.9,0,0,0
C004790,1.52,48,south,direct,2725.05,1,0,1
C004791,2.75,42,west,broker,7547.56,2,0,0
C004792,5.81,54,south,direct,1842.65,8,0,0
C004793,6.31,61,south,bank,15834.19,1,0,0
C004794,4.89,40,south,broker,2426.32,3,0,0
C004795,3.76,36,south,agent,2984.78,3,0,0
C004796,17.88,47,south,bank,6142.29,2,0,0
C004797,0.38,52,east,broker,6093.28,2,1,0
C004798,5.21,53,south,bank,1660.31,0,0,0
C004799,1.1,50,south,direct,1355.97,1,0,1
C004800,5.16,37,south,broker,5775.85,0,1,0
C004801,2.06,54,west,direct,2072.54,1,1,0
C004802,3.98,57,west,direct,4090.11,2,1,0
C004803,3.48,60,east,bank,2923.86,2,0,0
C004804,7.64,30,west,agent,3149.63,2,0,0
C004805,7.32,35,east,broker,1919.27,4,0,0
C004806,6.23,54,east,agent,1363.45,0,1,0
C004807,6.29,40,south,agent,2385.83,2,0,0
C004808,4.66,32,east,bank,6156.3,2,0,1
C004809,5.31,55,west,bank,2980.89,0,0,0
C004810,7.93,40,east,agent,2015.58,3,0,0
C004811,5.22,60,east,agent,2223.97,4,0,0
C004812,8.53,42,south,bank,1672.52,3,0,1
C004813,1.1,57,west,bank,1612.47,2,0,0
C004814,11.79,44,south,broker,1699.52,3,0,0
C004815,17.61,47,south,direct,5282.09,3,1,0
C004816,5.77,60,north,bank,1400.96,2,0,0
C004817,5.0,31,west,direct,940.14,3,0,0
C004818,1.85,31,south,direct,4070.83,3,1,0
C004819,2.38,45,east,bank,3315.73,1,0,0
C004820,6.19,34,north,agent,711.26,1,0,0
C004821,4.48,32,west,agent,5849.28,3,0,0
C004822,1.29,52,east,bank,1225.64,0,0,0
C004823,8.6,60,north,broker,3767.13,2,0,0
C004824,4.95,35,south,agent,1741.79,1,0,0
C004825,0.48,39,west,agent,2841.01,2,0,0
C004826,5.95,23,north,bank,2230.39,0,0,0
C004827,5.31,45,north,direct,2640.87,1,0,0
C004828,4.25,57,east,broker,3143.23,2,0,0
C004829,2.28,44,east,agent,3805.95,1,0,0
C004830,4.96,28,north,agent,3653.68,4,1,0
C004831,6.67,29,north,agent,4218.2,2,1,1
C004832,5.94,37,east,direct,3026.63,4,0,1
C004833,6.21,26,west,bank,8302.56,2,0,0
C004834,5.18,46,west,agent,3895.06,3,0,0
C004835,1.23,63,south,bank,3686.67,2,1,0
C004836,16.18,45,east,agent,899.08,4,1,0
C004837,2.86,38,east,direct,2319.77,0,0,0
C004838,14.35,66,north,agent,4290.2,2,0,0
C004839,4.75,65,south,agent,2642.58,2,0,0
C004840,0.09,49,east,bank,6194.49,0,0,0
C004841,5.91,49,north,agent,11684.72,3,0,0
C004842,12.98,36,west,agent,8012.49,2,1,0
C004843,0.68,52,south,bank,3257.48,1,1,0
C004844,4.2,46,north,bank,4319.14,0,0,0
C004845,8.6,72,north,agent,3443.81,2,0,0
C004846,5.63,44,north,broker,2215.03,2,0,0
C004847,7.56,30,north,agent,5732.8,2,0,0
C004848,3.38,18,west,agent,6727.56,2,1,0
C004849,1.97,55,west,broker,3929.18,2,0,0
C004850,2.0,43,south,agent,11639.76,2,0,0
C004851,8.65,33,west,direct,2824.21,5,0,0
C004852,5.32,25,south,direct,3997.94,2,0,0
C004853,8.11,67,south,bank,4319.36,2,1,0
C004854,10.2,68,south,direct,5873.5,2,0,1
C004855,8.27,65,east,direct,6522.24,6,0,0
C004856,10.55,52,west,broker,3448.69,1,0,0
C004857,7.81,56,north,agent,3070.92,2,1,1
C004858,5.58,68,north,direct,5707.28,0,1,0
C004859,9.66,35,north,direct,3283.84,5,1,0
C004860,9.31,40,south,agent,2354.39,3,1,0
C004861,6.88,47,west,agent,9682.68,2,0,0
C004862,5.92,18,east,direct,12089.25,3,0,0
C004863,4.11,47,east,bank,1984.26,2,0,1
C004864,1.93,59,south,broker,5792.75,1,0,0
C004865,11.78,39,west,bank,2174.91,0,0,0
C004866,2.08,52,east,agent,5170.04,1,1,0
C004867,2.31,48,east,direct,5317.78,0,0,0
C004868,16.98,24,east,bank,6025.47,0,0,0
C004869,0.68,42,east,direct,4293.48,3,0,1
C004870,0.84,52,east,agent,3209.01,1,1,0
C004871,4.69,33,north,broker,2590.1,1,0,0
C004872,3.93,59,west,bank,6056.4,2,0,0
C004873,9.76,49,west,agent,2504.94,2,0,0
C004874,4.66,34,east,agent,1323.96,1,0,0
C004875,7.65,45,east,agent,3099.5,2,1,1
C004876,6.68,49,south,bank,4387.69,2,0,1
C004877,7.98,45,north,agent,2367.13,2,0,0
C004878,8.32,34,west,agent,12144.78,4,0,0
C004879,2.14,60,south,direct,3220.97,1,0,0
C004880,5.5,18,south,bank,1975.58,1,0,1
C004881,7.55,28,north,agent,1476.12,1,0,0
C004882,3.25,50,east,agent,2377.02,2,0,0
C004883,1.72,33,west,bank,5913.49,1,0,0
C004884,1.88,43,east,direct,4507.88,4,0,1
C004885,7.01,18,west,agent,2850.48,5,0,0
C004886,4.42,51,east,direct,3088.61,2,0,0
C004887,7.04,65,north,agent,6680.75,2,0,0
C004888,1.72,52,south,agent,3921.15,3,0,1
C004889,8.81,67,north,agent,3677.91,0,0,0
C004890,5.67,29,south,bank,1677.61,0,0,0
C004891,4.11,61,west,agent,2592.95,2,0,0
C004892,3.8,52,west,broker,2388.76,2,1,0
C004893,9.89,47,north,bank,10647.39,0,0,0
C004894,8.37,59,north,broker,2551.34,0,1,0
C004895,1.16,54,west,bank,11452.29,0,0,0
C004896,7.64,33,east,agent,9387.55,3,0,0
C004897,1.28,44,south,broker,8804.82,2,0,0
C004898,1.07,54,south,agent,8816.08,0,0,1
C004899,6.7,28,south,broker,5685.37,4,0,0
C004900,13.65,52,east,direct,6685.81,0,0,0
C004901,3.61,54,east,broker,2041.4,2,0,1
C004902,6.16,45,west,agent,6598.22,0,1,0
C004903,8.74,40,north,bank,2000.29,2,0,0
C004904,11.37,48,north,broker,5810.98,5,0,0
C004905,6.36,73,east,agent,1504.67,3,0,0
C004906,6.55,37,south,bank,4960.27,2,1,0
C004907,1.6,41,west,bank,824.78,1,0,0
C004908,6.46,58,south,agent,3456.75,2,0,0
C004909,13.01,55,south,agent,2761.4,2,1,0
C004910,3.78,46,east,bank,4872.47,3,0,0
C004911,4.32,55,north,direct,2712.67,1,0,0
C004912,1.82,28,west,bank,5436.07,2,0,0
C004913,6.65,68,north,agent,5271.02,1,0,0
C004914,10.92,54,east,agent,3511.76,2,0,0
C004915,4.77,57,west,direct,3392.95,0,1,0
C004916,6.34,39,south,direct,3016.03,3,0,0
C004917,11.04,34,north,bank,2529.2,1,1,0
C004918,5.21,51,west,direct,1922.62,1,1,0
C004919,4.79,60,south,direct,9944.75,1,0,0
C004920,9.16,40,south,broker,2595.78,2,0,0
C004921,2.14,50,east,bank,5760.62,2,0,0
C004922,1.35,38,east,agent,2994.85,2,1,0
C004923,3.01,48,west,agent,2468.99,3,1,0
C004924,9.13,58,west,bank,4176.18,2,1,0
C004925,5.78,60,south,direct,6958.75,0,0,1
C004926,5.28,51,east,direct,5092.41,1,0,0
C004927,6.74,52,north,agent,3320.64,3,0,0
C004928,7.45,55,north,bank,3071.34,3,0,0
C004929,5.27,28,north,direct,7421.15,1,0,0
C004930,2.2,42,south,agent,4019.49,2,1,1
C004931,12.01,64,north,broker,4791.94,3,1,0
C004932,7.0,52,north,bank,1260.39,3,0,0
C004933,4.4,57,east,bank,4397.37,1,0,0
C004934,2.07,38,east,direct,5642.32,3,0,0
C004935,4.69,36,south,broker,6798.24,1,0,0
C004936,2.76,59,east,agent,4142.77,2,0,0
C004937,1.69,39,east,agent,1313.83,3,1,0
C004938,14.04,29,west,broker,3981.12,2,1,0
C004939,4.42,56,north,agent,6786.96,1,0,0
C004940,4.95,30,east,direct,9618.63,5,0,1
C004941,6.91,41,south,agent,2659.75,1,0,0
C004942,8.19,44,south,bank,1899.23,2,0,0
C004943,14.78,41,south,bank,8235.27,4,1,0
C004944,1.58,33,south,agent,1830.01,1,1,0
C004945,2.8,56,south,broker,2268.72,2,0,0
C004946,5.13,41,south,direct,3827.13,4,0,0
C004947,5.27,58,south,broker,2676.69,2,0,1
C004948,5.41,21,north,agent,4759.37,2,0,0
C004949,7.69,49,east,direct,6081.9,3,0,0
C004950,1.58,26,south,bank,2870.38,4,0,0
C004951,1.7,41,west,agent,2886.7,4,0,1
C004952,8.41,46,north,bank,2836.76,4,0,0
C004953,10.8,51,north,direct,4426.84,2,1,0
C004954,1.21,43,west,agent,3351.28,5,0,0
C004955,12.83,33,south,broker,1478.36,2,1,0
C004956,1.26,49,west,bank,5013.34,2,0,0
C004957,3.45,46,south,broker,5921.02,3,0,0
C004958,1.25,28,south,broker,2454.27,0,0,0
C004959,3.58,64,east,agent,9569.69,2,0,0
C004960,8.61,38,south,agent,12158.03,6,0,0
C004961,9.24,41,north,agent,6924.84,0,0,0
C004962,4.66,18,north,bank,4024.46,2,0,0
C004963,2.17,33,east,broker,3853.9,1,0,0
C004964,0.61,54,west,bank,1507.38,3,0,0
C004965,9.85,60,east,broker,2480.27,0,1,0
C004966,5.3,37,north,bank,7214.84,1,0,0
C004967,2.89,56,west,direct,12384.55,1,0,0
C004968,9.93,63,east,direct,1678.97,1,0,0
C004969,4.39,53,west,bank,7714.7,1,1,0
C004970,3.03,40,south,bank,1948.67,4,0,0
C004971,5.63,49,south,agent,2784.91,1,1,0
C004972,1.88,38,south,direct,2196.85,4,0,0
C004973,6.59,44,west,agent,2444.96,1,1,0
C004974,8.28,59,north,broker,2969.77,1,1,0
C004975,4.74,58,north,bank,2016.24,1,1,0
C004976,6.68,46,north,agent,9325.51,4,0,0
C004977,6.63,43,north,direct,3690.73,4,0,0
C004978,4.68,31,west,broker,4016.89,5,1,0
C004979,1.1,56,west,agent,4064.25,2,0,0
C004980,6.96,54,north,bank,2397.43,2,1,0
C004981,3.65,29,north,agent,1809.41,1,0,0
C004982,3.57,36,west,direct,4723.64,1,0,1
C004983,2.62,25,west,broker,5161.47,2,0,0
C004984,14.77,37,north,bank,4594.06,0,0,0
C004985,5.37,49,south,broker,2115.52,1,1,0
C004986,7.17,38,west,bank,3328.57,1,0,0
C004987,5.47,39,south,direct,4296.88,2,0,0
C004988,2.72,39,east,broker,2932.11,1,0,0
C004989,2.4,37,west,direct,2322.28,0,0,0
C004990,1.55,26,east,agent,5357.82,5,0,0
C004991,2.09,35,west,agent,5584.78,1,0,0
C004992,0.21,18,west,direct,2280.02,0,0,0
C004993,10.44,30,east,bank,12919.81,0,0,0
C004994,10.74,48,north,direct,3678.95,0,0,0
C004995,10.28,44,west,direct,2888.29,3,0,0
C004996,3.58,52,west,bank,2843.88,1,0,1
C004997,8.41,42,west,direct,4724.6,3,0,0
C004998,2.95,44,south,bank,2621.58,1,0,0
C004999,4.6,67,south,bank,4673.89,1,0,0
C005000,4.23,39,south,bank,1839.4,2,0,0
C005001,12.84,22,south,direct,3251.75,0,0,0
C005002,0.62,60,west,agent,2913.12,2,0,0
C005003,7.13,45,east,direct,6810.14,4,0,0
C005004,3.89,47,north,agent,1541.69,3,0,0
C005005,2.18,34,east,direct,8997.5,1,0,0
C005006,9.37,43,west,bank,6267.52,4,0,0
C005007,10.87,46,north,agent,4605.03,2,1,0
C005008,3.94,19,west,broker,4938.65,2,0,0
C005009,2.19,43,south,direct,2429.0,1,0,1
C005010,2.68,47,south,agent,1990.74,4,0,0
C005011,1.3,46,west,direct,2549.25,0,0,0
C005012,2.39,47,west,agent,3609.41,1,0,1
C005013,2.75,48,east,broker,2184.81,4,1,0
C005014,1.46,48,east,direct,2755.62,2,0,0
C005015,4.88,42,west,agent,4113.16,4,0,0
C005016,10.08,62,east,direct,3513.04,2,0,0
C005017,8.86,43,north,bank,1389.39,2,0,0
C005018,8.53,30,east,direct,2037.53,3,0,0
C005019,6.76,32,west,bank,1771.58,5,0,0
C005020,7.11,50,west,agent,2140.52,3,1,0
C005021,1.91,18,south,agent,2850.98,2,0,0
C005022,9.25,50,north,agent,3750.04,4,0,0
C005023,5.56,55,east,direct,12010.9,2,0,0
C005024,6.29,45,west,agent,3542.25,1,0,0
C005025,13.26,25,north,agent,1692.25,0,1,0
C005026,6.9,61,east,direct,4255.4,4,0,0
C005027,5.78,18,north,direct,2024.02,3,0,0
C005028,9.79,34,west,agent,1798.69,2,0,0
C005029,4.71,48,south,agent,2581.21,3,0,0
C005030,8.22,45,north,broker,2116.63,2,0,0
C005031,3.22,34,north,bank,4069.47,1,0,0
C005032,7.59,27,north,agent,3966.76,0,0,0
C005033,3.25,43,south,bank,5220.41,3,0,0
C005034,5.57,44,east,bank,3681.79,2,0,0
C005035,4.96,50,west,agent,3352.64,2,1,0
C005036,5.82,66,west,bank,1797.72,1,0,0
C005037,3.15,36,west,direct,5196.47,2,0,0
C005038,1.57,53,east,bank,1608.24,0,0,0
C005039,2.88,23,east,agent,3340.71,3,0,0
C005040,4.49,74,south,bank,1960.77,6,1,1
C005041,12.15,39,north,broker,2390.53,2,0,0
C005042,6.24,62,east,agent,4282.36,1,0,0
C005043,5.74,29,north,bank,2126.34,5,1,0
C005044,3.07,52,east,bank,4726.47,3,0,0
C005045,2.06,36,south,agent,3156.04,2,1,1
C005046,3.5,34,south,direct,8936.59,4,0,0
C005047,2.17,74,west,bank,2963.93,0,0,0
C005048,5.86,18,south,agent,2654.45,2,0,0
C005049,3.74,48,south,bank,764.31,2,0,0
C005050,13.8,52,west,direct,1307.89,0,1,0
C005051,10.79,63,north,broker,3257.89,1,1,0
C005052,3.89,52,east,direct,5017.2,7,0,1
C005053,12.12,53,north,bank,4263.5,1,0,0
C005054,13.25,59,west,direct,3901.19,2,0,0
C005055,5.91,43,south,direct,8756.45,1,0,0
C005056,7.9,47,north,agent,2935.13,3,0,0
C005057,7.41,40,east,direct,11117.72,1,1,1
C005058,3.61,52,south,bank,1941.8,3,1,1
C005059,8.52,48,east,direct,3190.6,2,0,0
C005060,2.87,32,south,bank,1657.89,1,0,0
C005061,0.52,44,west,agent,3389.44,1,0,0
C005062,6.88,18,north,bank,3664.05,3,1,0
C005063,7.92,52,north,agent,2214.33,2,0,1
C005064,2.34,44,east,agent,4077.7,1,1,1
C005065,13.94,63,north,agent,3560.55,2,1,0
C005066,13.69,59,north,broker,3314.85,5,0,0
C005067,7.22,40,north,bank,2274.93,5,0,0
C005068,4.7,43,north,agent,2592.34,0,1,0
C005069,5.63,36,east,bank,6433.3,4,0,0
C005070,6.08,57,north,agent,6263.38,3,0,0
C005071,10.26,38,west,agent,5369.55,3,0,0
C005072,8.9,46,north,agent,1496.92,1,1,0
C005073,6.83,43,north,direct,4507.69,0,0,0
C005074,3.01,24,west,agent,7287.95,1,0,0
C005075,3.32,25,east,bank,6618.47,2,0,1
C005076,8.56,55,east,agent,2676.29,3,0,0
C005077,6.53,30,north,broker,5478.18,3,0,0
C005078,2.24,18,east,bank,7293.47,1,0,0
C005079,1.05,31,south,direct,6634.17,4,0,1
C005080,9.26,47,north,direct,4407.96,3,0,0
C005081,7.71,60,south,broker,18571.44,1,0,1
C005082,6.68,62,south,broker,3542.79,5,0,0
C005083,6.57,32,north,agent,3037.26,1,0,0
C005084,12.26,45,west,direct,709.22,0,1,1
C005085,3.08,57,east,direct,6001.66,4,0,0
C005086,2.45,58,south,agent,1859.86,3,1,0
C005087,6.59,32,west,direct,7051.1,2,0,0
C005088,10.94,28,north,direct,3446.03,1,1,0
C005089,2.3,35,south,agent,5293.54,2,0,0
C005090,9.81,35,north,bank,3167.8,1,1,0
C005091,13.94,45,north,broker,7213.35,2,1,0
C005092,4.65,60,north,agent,3168.3,1,0,0
C005093,3.53,19,east,bank,1763.94,2,0,0
C005094,4.72,50,south,agent,2465.48,2,1,1
C005095,6.79,25,east,agent,3866.73,1,0,0
C005096,14.54,47,north,direct,10019.37,0,1,0
C005097,14.53,67,west,agent,1085.32,2,1,0
C005098,8.66,44,north,agent,1229.79,2,0,0
C005099,7.41,33,north,direct,847.49,0,0,1
C005100,1.13,44,west,agent,1323.41,0,0,0
C005101,1.72,40,south,direct,10551.84,3,0,0
C005102,1.2,18,west,agent,8212.83,0,0,1
C005103,2.78,41,west,agent,4349.96,1,0,0
C005104,2.11,65,south,agent,4238.34,4,1,0
C005105,6.84,45,east,broker,6728.98,1,0,0
C005106,1.72,39,east,bank,1830.09,2,0,0
C005107,3.25,41,east,agent,9129.13,1,0,0
C005108,9.02,41,north,direct,6620.68,4,0,0
C005109,3.06,52,south,broker,3734.48,1,1,0
C005110,4.98,53,south,agent,5344.65,2,1,0
C005111,4.86,53,south,agent,7790.82,0,1,1
C005112,6.14,54,south,broker,8949.07,4,1,0
C005113,8.05,31,east,broker,7073.22,2,0,0
C005114,9.57,36,north,bank,6648.72,4,0,0
C005115,9.34,32,north,broker,1310.35,1,0,0
C005116,4.65,51,east,broker,1977.49,0,0,0
C005117,13.68,40,south,direct,5070.61,0,1,0
C005118,3.79,20,south,direct,2313.75,2,0,0
C005119,4.08,40,west,agent,4068.37,2,0,0
C005120,6.98,24,south,broker,3994.43,3,0,0
C005121,1.29,23,south,broker,2834.52,1,0,1
C005122,3.03,39,east,broker,2555.96,3,0,0
C005123,14.47,40,south,broker,11337.39,2,0,0
C005124,2.32,18,east,bank,1909.93,1,1,0
C005125,6.83,62,north,bank,7688.71,2,1,0
C005126,5.68,41,west,direct,4306.46,3,0,0
C005127,4.78,60,east,bank,2669.86,0,0,0
C005128,1.03,28,east,agent,5397.35,4,0,0
C005129,7.44,26,south,agent,1673.78,2,0,0
C005130,9.17,39,north,direct,7393.5,1,1,0
C005131,2.87,44,east,direct,4677.68,3,1,0
C005132,7.2,34,north,bank,3030.83,5,0,0
C005133,0.38,52,east,agent,8971.42,1,0,0
C005134,7.94,65,west,broker,5054.51,0,0,1
C005135,2.38,28,west,direct,4188.49,1,0,0
C005136,4.9,54,south,direct,4430.31,3,0,0
C005137,0.35,48,west,direct,3486.4,3,1,0
C005138,3.36,45,east,agent,1382.03,3,0,0
C005139,3.3,58,west,bank,5705.12,1,0,0
C005140,5.9,36,south,bank,4507.12,4,0,0
C005141,4.31,33,east,direct,1774.41,2,0,0
C005142,4.17,67,east,agent,4773.93,5,0,0
C005143,2.11,52,south,broker,6780.3,4,0,0
C005144,7.88,51,south,direct,1264.75,0,0,0
C005145,6.92,50,north,direct,3599.33,1,0,0
C005146,5.69,23,south,bank,3483.7,1,0,0
C005147,0.93,45,east,agent,1547.23,0,1,0
C005148,5.81,35,north,agent,2899.32,1,1,1
C005149,6.71,56,east,broker,2743.12,2,0,0
C005150,10.78,42,west,agent,3093.69,1,0,0
C005151,3.19,64,south,bank,1650.68,0,0,0
C005152,15.44,62,north,direct,2256.61,5,1,0
C005153,8.06,59,east,agent,3703.06,5,0,0
C005154,12.35,34,north,direct,3105.88,2,1,0
C005155,0.93,25,west,direct,2895.92,2,0,1
C005156,4.33,58,west,agent,7911.27,1,0,0
C005157,6.99,44,east,agent,7606.27,1,0,0
C005158,1.08,26,south,direct,4432.93,1,0,0
C005159,4.68,64,east,direct,5270.38,4,0,0
C005160,6.42,67,west,bank,8504.79,1,0,0
C005161,8.45,39,south,agent,2276.86,2,0,0
C005162,8.3,27,east,agent,5063.54,4,0,0
C005163,2.69,52,west,agent,4294.27,0,0,0
C005164,0.82,53,west,direct,4538.43,3,0,0
C005165,3.76,39,south,agent,6729.33,6,1,0
C005166,6.75,43,east,direct,2460.55,1,0,1
C005167,3.1,36,west,broker,2791.79,5,0,1
C005168,3.5,44,east,agent,9368.95,2,0,0
C005169,7.86,30,north,bank,2540.24,1,0,0
C005170,13.97,39,east,direct,2447.68,1,1,0
C005171,5.8,49,north,bank,9646.76,0,1,0
C005172,7.2,29,west,direct,2378.46,2,0,0
C005173,2.27,47,south,bank,1403.78,0,0,0
C005174,2.45,43,west,direct,8002.12,1,1,0
C005175,7.1,36,north,direct,2755.03,0,0,0
C005176,2.43,47,west,agent,13189.03,1,1,0
C005177,2.24,49,west,agent,11302.28,2,0,0
C005178,4.09,37,west,broker,7638.72,2,0,0
C005179,3.58,48,south,bank,7409.23,1,0,0
C005180,5.12,19,south,bank,8903.39,1,0,0
C005181,6.96,52,north,broker,1965.16,1,0,0
C005182,5.25,60,west,agent,4896.84,4,1,0
C005183,5.22,35,west,bank,5203.05,3,0,0
C005184,7.06,29,west,bank,4418.17,1,0,0
C005185,7.08,55,north,agent,3120.95,1,1,0
C005186,4.36,60,north,agent,5270.21,1,0,1
C005187,7.26,29,north,agent,3142.5,2,0,0
C005188,1.27,62,west,broker,7982.68,2,0,0
C005189,8.92,27,south,agent,1906.22,0,0,0
C005190,7.29,18,north,direct,22206.1,3,0,0
C005191,12.39,43,east,broker,4884.02,1,0,0
C005192,6.13,35,north,bank,5138.42,0,0,0
C005193,4.59,50,west,broker,4003.71,4,0,0
C005194,15.7,61,west,agent,3416.95,2,0,0
C005195,5.32,38,west,agent,6508.08,1,1,0
C005196,3.42,56,east,agent,4080.57,5,0,0
C005197,2.73,23,south,bank,4587.21,2,0,1
C005198,4.57,56,east,bank,1965.91,5,0,0
C005199,3.67,18,south,direct,8194.86,1,0,0
C005200,2.33,50,south,direct,6962.7,0,0,1
C005201,9.04,44,west,broker,3167.42,3,0,0
C005202,1.76,25,south,direct,1289.43,1,0,0
C005203,8.35,31,east,direct,3007.48,2,0,0
C005204,4.15,39,east,agent,4559.42,0,1,0
C005205,5.22,47,north,direct,6107.92,1,0,0
C005206,1.02,59,east,direct,1475.0,2,0,1
C005207,12.12,56,west,direct,2183.26,3,0,0
C005208,10.54,40,north,agent,9002.43,2,1,0
C005209,10.43,32,north,agent,3047.87,2,1,0
C005210,9.84,70,north,bank,10578.29,2,0,0
C005211,0.47,27,east,direct,2728.18,1,0,0
C005212,7.77,53,south,bank,7143.89,1,0,0
C005213,5.21,45,south,bank,2884.71,0,1,1
C005214,4.3,43,north,bank,2470.61,4,0,0
C005215,5.82,39,west,agent,1901.01,2,0,0
C005216,10.05,21,south,bank,6480.62,1,0,0
C005217,5.9,25,east,agent,5022.66,1,0,1
C005218,1.58,45,west,agent,5368.79,2,0,0
C005219,6.73,63,east,agent,3907.55,2,0,0
C005220,4.35,57,west,direct,5746.87,3,0,0
C005221,6.49,42,north,bank,3725.22,0,0,0
C005222,21.12,36,north,agent,2854.36,1,0,0
C005223,17.64,38,west,agent,3165.82,6,1,0
C005224,13.32,26,north,broker,8044.68,4,0,0
C005225,1.83,30,west,agent,3178.45,2,0,1
C005226,2.86,48,south,bank,1541.23,3,0,0
C005227,8.9,57,north,direct,8098.14,1,0,0
C005228,1.45,50,south,direct,3781.29,1,1,0
C005229,3.11,55,south,broker,4543.49,3,0,0
C005230,1.71,63,south,bank,4830.85,5,0,0
C005231,4.08,37,east,agent,6146.11,2,0,0
C005232,5.42,42,west,bank,8996.44,0,0,0
C005233,18.59,45,south,bank,6893.82,4,1,0
C005234,6.37,29,south,agent,6702.59,0,0,0
C005235,4.46,51,east,agent,2774.02,1,0,0
C005236,0.83,40,west,agent,993.48,0,0,0
C005237,4.31,53,east,direct,13657.82,4,0,0
C005238,6.65,51,south,bank,7581.85,0,0,0
C005239,6.22,29,north,direct,4059.82,2,0,0
C005240,7.32,71,north,direct,4961.67,2,1,0
C005241,10.64,30,west,agent,2057.5,2,0,0
C005242,1.69,49,south,agent,6640.17,2,0,0
C005243,10.78,49,south,agent,17984.77,0,0,0
C005244,2.36,36,west,direct,2918.77,2,0,1
C005245,1.63,34,east,agent,4176.13,2,0,0
C005246,1.16,33,east,agent,3325.55,2,0,0
C005247,3.16,37,west,bank,1674.94,1,0,0
C005248,6.94,57,south,agent,1923.93,3,0,0
C005249,6.26,36,east,bank,6235.18,0,0,0
C005250,7.81,18,east,bank,2674.37,1,0,0
C005251,3.8,55,east,bank,6665.19,1,1,1
C005252,2.46,64,south,direct,2742.99,0,0,0
C005253,4.89,56,west,agent,9452.91,1,1,0
C005254,4.73,29,south,direct,4296.5,2,0,0
C005255,14.82,67,south,agent,2691.72,4,1,0
C005256,9.76,38,east,direct,2817.05,0,1,0
C005257,8.0,55,south,agent,6161.54,0,1,0
C005258,5.65,47,east,bank,3116.3,3,0,0
C005259,8.9,54,west,direct,2550.86,2,0,0
C005260,5.81,46,north,broker,7017.66,1,0,0
C005261,8.68,69,south,bank,3219.72,0,0,0
C005262,2.86,53,west,broker,15035.2,2,0,0
C005263,4.32,21,south,agent,2595.62,2,0,0
C005264,1.59,53,south,bank,3229.46,0,0,0
C005265,1.07,39,east,broker,3925.11,1,0,0
C005266,1.63,59,south,agent,5156.83,2,0,0
C005267,1.15,30,east,agent,6198.59,2,0,0
C005268,7.79,66,east,bank,4758.89,1,0,0
C005269,9.42,48,south,direct,4703.13,3,1,0
C005270,0.73,53,west,broker,4357.21,0,0,0
C005271,0.42,48,east,bank,5815.84,3,0,0
C005272,2.71,34,south,direct,3598.38,1,0,0
C005273,8.36,43,south,broker,1765.46,2,0,0
C005274,16.9,43,north,agent,2719.99,5,0,0
C005275,8.86,43,east,agent,4475.52,0,0,0
C005276,11.52,36,east,broker,1537.56,3,1,0
C005277,5.26,38,west,agent,2297.97,1,0,0
C005278,3.33,37,west,agent,1879.55,2,0,0
C005279,10.8,50,east,agent,8186.26,2,0,0
C005280,4.89,18,west,agent,6146.29,4,0,0
C005281,13.93,23,east,broker,4359.93,2,0,0
C005282,11.94,29,west,bank,5844.22,2,0,0
C005283,5.13,46,north,bank,6435.67,1,0,0
C005284,4.24,37,west,bank,3313.17,3,0,0
C005285,2.89,41,east,agent,2693.42,2,1,0
C005286,1.28,43,east,bank,3708.93,1,0,0
C005287,4.46,34,east,bank,1792.21,3,1,0
C005288,1.11,55,east,direct,2166.27,2,0,1
C005289,4.22,39,north,agent,2145.48,1,0,0
C005290,4.2,52,north,bank,1971.87,1,0,0
C005291,3.47,63,south,agent,10527.08,1,0,0
C005292,1.81,51,west,broker,2653.94,1,0,0
C005293,3.65,46,west,agent,2554.25,0,0,0
C005294,7.81,39,north,bank,3598.95,1,0,0
C005295,8.14,45,north,direct,3455.98,1,1,0
C005296,5.03,42,south,broker,3862.75,1,0,0
C005297,5.15,52,south,direct,9842.09,2,0,0
C005298,5.26,51,south,broker,2056.04,3,0,0
C005299,3.48,43,east,broker,2762.72,2,0,0
C005300,3.37,43,south,broker,5025.59,2,0,0
C005301,6.74,55,south,direct,1436.25,4,0,0
C005302,7.11,43,north,direct,3372.21,1,0,0
C005303,7.5,74,east,broker,5084.01,2,0,0
C005304,4.55,50,north,broker,4584.92,2,1,0
C005305,5.3,28,south,direct,4406.38,1,1,0
C005306,3.58,47,west,broker,2577.36,0,0,1
C005307,1.75,40,west,agent,3686.03,1,0,0
C005308,2.47,49,west,agent,5207.01,3,0,0
C005309,2.99,51,south,broker,1619.11,4,0,0
C005310,2.25,46,south,direct,2775.46,3,0,0
C005311,6.62,42,south,agent,3233.75,2,1,0
C005312,5.12,40,east,bank,6020.56,3,0,0
C005313,8.97,62,west,agent,10020.83,6,0,1
C005314,4.36,20,east,bank,4343.75,2,0,1
C005315,3.92,41,east,agent,4668.1,1,0,0
C005316,2.66,63,east,bank,5193.94,0,0,0
C005317,3.94,84,east,agent,4138.21,1,0,0
C005318,9.82,59,north,agent,1936.97,2,1,0
C005319,1.5,50,east,bank,2151.92,1,1,0
C005320,4.68,54,south,direct,811.07,4,0,0
C005321,6.21,53,south,broker,4266.37,0,0,0
C005322,9.56,18,north,agent,2569.29,1,0,0
C005323,8.18,55,north,broker,3801.72,1,0,0
C005324,7.72,48,north,agent,5924.01,2,0,0
C005325,10.49,55,north,direct,7892.67,0,0,0
C005326,6.75,53,west,broker,3080.41,3,0,0
C005327,8.4,51,east,bank,4405.66,4,0,0
C005328,6.6,41,south,agent,9091.81,0,1,1
C005329,6.97,48,east,agent,7997.47,3,1,0
C005330,6.09,18,east,agent,5166.29,4,0,1
C005331,5.14,38,north,agent,2583.86,1,0,1
C005332,4.58,46,east,direct,1994.38,1,0,0
C005333,12.55,58,south,agent,5574.43,3,0,0
C005334,5.12,28,east,bank,4322.61,1,0,0
C005335,7.19,18,south,bank,2638.18,0,0,1
C005336,1.57,47,west,bank,3832.07,1,0,0
C005337,6.97,48,west,bank,4941.75,2,1,0
C005338,4.46,31,south,broker,2219.18,1,0,1
C005339,4.6,44,north,bank,2145.55,2,1,0
C005340,7.26,54,west,agent,2810.48,2,1,0
C005341,5.63,29,east,agent,3942.75,1,0,1
C005342,0.81,35,east,bank,3518.28,4,0,0
C005343,8.25,43,south,agent,2810.65,3,0,0
C005344,5.83,25,east,agent,4935.55,0,0,0
C005345,2.1,56,south,direct,1226.24,0,0,0
C005346,1.47,55,west,bank,1588.5,1,1,0
C005347,2.8,55,south,bank,10999.7,3,0,0
C005348,1.92,31,west,direct,1549.07,3,0,0
C005349,5.73,22,north,agent,7147.88,2,0,0
C005350,3.11,57,east,agent,1047.37,3,0,0
C005351,3.66,33,south,broker,2779.3,2,0,0
C005352,3.49,40,west,agent,2391.79,2,0,1
C005353,11.23,46,east,bank,6314.59,2,0,0
C005354,4.89,43,east,broker,3392.7,3,1,0
C005355,2.62,35,west,direct,6953.68,3,1,0
C005356,2.4,57,west,agent,2365.58,2,0,0
C005357,6.39,50,north,agent,4002.71,3,0,0
C005358,7.55,45,south,bank,3652.01,2,0,0
C005359,0.66,40,west,bank,2233.07,0,0,1
C005360,4.73,52,east,direct,1100.22,0,0,1
C005361,4.71,35,north,broker,4677.29,2,0,0
C005362,5.56,27,east,agent,5299.28,4,0,0
C005363,6.34,39,south,direct,4891.43,2,0,0
C005364,6.04,39,east,bank,1381.43,1,0,0
C005365,5.11,24,east,direct,4243.47,2,1,0
C005366,3.63,52,south,broker,4629.08,3,0,0
C005367,1.67,46,south,bank,2815.05,2,0,0
C005368,4.78,33,east,broker,4312.95,3,0,0
C005369,16.79,48,north,agent,750.46,3,0,0
C005370,7.31,46,north,broker,3433.47,3,0,1
C005371,3.95,59,west,bank,7173.11,2,0,0
C005372,1.25,51,east,bank,5444.51,1,1,0
C005373,7.63,62,east,agent,6988.37,1,1,0
C005374,11.56,49,north,direct,7809.57,5,0,0
C005375,5.31,34,south,bank,1723.53,2,0,0
C005376,4.78,28,north,direct,1917.67,4,0,0
C005377,3.76,33,west,agent,6263.89,2,0,0
C005378,11.25,30,east,bank,1406.26,0,1,0
C005379,10.19,57,east,broker,5582.2,3,1,0
C005380,9.05,71,south,direct,3293.97,6,0,1
C005381,15.42,37,south,bank,2851.66,0,1,0
C005382,0.62,35,east,agent,5469.43,1,0,0
C005383,3.15,21,east,agent,7562.78,5,0,0
C005384,4.88,29,west,bank,1544.26,2,0,0
C005385,0.89,46,east,bank,1836.94,4,0,0
C005386,5.92,46,west,agent,2647.12,1,1,0
C005387,7.67,41,east,broker,2472.72,1,0,0
C005388,5.69,56,south,agent,4184.28,2,0,0
C005389,1.17,30,south,agent,1632.05,4,0,0
C005390,6.95,69,south,agent,2445.21,1,0,0
C005391,4.18,43,north,agent,3885.24,0,0,0
C005392,1.38,45,east,agent,3139.46,2,0,0
C005393,11.71,50,north,agent,3634.84,6,1,0
C005394,4.79,39,north,bank,6429.34,0,0,0
C005395,3.7,24,south,agent,2567.66,0,0,0
C005396,6.12,32,east,agent,5044.26,1,0,0
C005397,8.89,48,north,agent,7536.21,1,0,0
C005398,4.18,77,west,bank,2402.08,3,0,0
C005399,2.98,67,south,direct,4940.83,1,0,1
C005400,5.04,27,east,bank,4952.63,1,1,0
C005401,5.17,31,north,agent,3589.79,2,1,0
C005402,7.08,42,west,broker,11370.48,3,0,0
C005403,4.63,45,north,direct,1774.01,2,0,0
C005404,10.94,40,north,agent,3955.44,3,0,0
C005405,2.05,44,west,agent,991.62,0,0,1
C005406,4.96,65,north,agent,5125.86,0,1,0
C005407,12.06,40,north,bank,2723.68,1,1,0
C005408,1.84,27,east,direct,2856.83,6,1,1
C005409,3.68,40,west,agent,1734.23,3,1,0
C005410,3.98,31,west,agent,3284.01,5,0,0
C005411,7.99,44,east,broker,2233.98,4,0,0
C005412,12.14,48,east,direct,788.53,1,0,0
C005413,3.29,45,west,broker,5282.93,2,0,0
C005414,12.81,35,north,direct,1875.01,2,1,0
C005415,1.51,45,east,bank,1721.24,2,0,0
C005416,2.78,30,west,bank,4330.09,0,0,0
C005417,3.84,48,south,direct,2246.93,1,0,0
C005418,8.41,19,south,agent,7013.83,3,0,0
C005419,3.51,38,west,broker,4463.67,3,0,0
C005420,5.33,30,south,agent,3916.22,0,0,0
C005421,6.16,52,east,bank,11507.37,4,1,0
C005422,4.19,46,south,agent,4300.37,5,0,0
C005423,6.85,45,north,bank,4889.12,3,0,0
C005424,3.73,47,south,broker,1501.07,2,0,0
C005425,5.17,69,west,agent,7303.76,2,0,0
C005426,2.84,28,west,direct,4241.8,2,0,0
C005427,7.07,46,north,bank,2033.71,1,1,0
C005428,13.96,47,north,agent,8505.56,4,0,0
C005429,5.01,58,west,agent,6359.04,0,1,0
C005430,3.01,55,west,direct,3091.73,4,0,0
C005431,9.33,38,north,bank,4211.72,2,0,0
C005432,5.74,74,north,direct,2223.24,3,1,0
C005433,8.07,29,north,broker,5414.44,2,0,0
C005434,7.87,45,west,agent,4412.65,2,0,0
C005435,1.2,57,west,agent,1459.7,3,0,0
C005436,11.55,35,north,direct,16646.91,1,0,0
C005437,2.24,62,west,agent,7063.1,0,0,0
C005438,1.67,53,west,broker,3296.62,0,0,0
C005439,6.38,31,east,bank,3751.37,1,0,0
C005440,9.51,49,north,agent,6330.54,4,1,0
C005441,10.95,31,south,direct,1170.24,4,0,0
C005442,11.49,57,west,agent,4554.23,2,0,0
C005443,2.92,18,south,direct,6961.72,4,0,0
C005444,2.54,36,south,broker,13343.26,3,1,0
C005445,3.19,45,east,bank,4662.61,2,0,0
C005446,12.59,54,north,bank,11202.68,1,1,0
C005447,5.81,38,south,bank,4285.04,0,0,0
C005448,11.95,24,west,direct,6296.45,1,0,0
C005449,5.13,57,west,agent,6817.46,2,0,0
C005450,6.95,59,west,bank,1287.64,2,0,0
C005451,3.02,35,west,agent,2281.32,0,0,0
C005452,4.85,64,west,direct,4322.27,2,1,0
C005453,5.51,41,east,broker,1726.71,4,0,0
C005454,21.07,29,north,bank,5694.56,2,0,0
C005455,5.26,41,east,direct,10410.4,0,0,0
C005456,4.47,66,north,direct,3936.47,4,0,0
C005457,5.39,63,east,agent,3995.07,1,1,0
C005458,5.18,33,south,direct,2352.83,1,0,0
C005459,2.98,34,west,agent,2256.67,4,1,0
C005460,7.69,58,south,direct,5783.91,3,0,0
C005461,5.04,46,east,agent,9419.09,4,0,1
C005462,1.76,65,east,bank,2411.09,3,0,1
C005463,3.26,47,west,agent,9800.21,4,0,0
C005464,3.37,38,west,bank,3124.67,2,0,0
C005465,10.4,64,south,agent,3133.67,3,1,0
C005466,4.93,49,south,agent,2771.22,4,0,0
C005467,10.23,48,east,direct,4775.74,2,0,0
C005468,8.09,54,north,agent,571.13,2,1,0
C005469,4.14,57,east,direct,23315.15,2,0,0
C005470,6.19,33,south,agent,1877.44,2,0,0
C005471,7.99,45,north,broker,4157.61,4,0,0
C005472,10.46,39,south,agent,9361.35,0,0,0
C005473,13.48,38,north,agent,9563.88,2,0,0
C005474,5.89,38,south,agent,1486.06,2,0,0
C005475,4.43,56,east,agent,10770.76,2,0,0
C005476,0.22,37,west,bank,4644.69,2,0,0
C005477,5.22,40,south,agent,2401.93,0,1,0
C005478,3.66,53,east,agent,1933.29,5,0,0
C005479,5.78,43,south,broker,11479.13,1,0,0
C005480,3.82,47,south,agent,3374.47,2,0,0
C005481,6.25,45,north,agent,3601.77,3,0,0
C005482,2.77,62,east,agent,6288.27,3,0,0
C005483,6.26,21,north,direct,2784.28,3,0,0
C005484,11.13,44,north,agent,5764.65,1,0,0
C005485,1.02,53,east,direct,3763.28,3,1,0
C005486,2.16,46,east,agent,4895.74,2,0,0
C005487,2.72,43,south,agent,5194.85,1,0,0
C005488,7.38,46,south,agent,7379.53,0,0,0
C005489,0.86,33,east,broker,1540.94,1,0,0
C005490,2.59,40,south,agent,1920.97,1,0,1
C005491,11.93,18,north,direct,3055.1,3,0,0
C005492,4.51,53,east,agent,3919.65,1,0,0
C005493,2.35,57,south,bank,3735.97,0,0,0
C005494,5.98,36,north,agent,3100.85,0,1,0
C005495,6.02,36,north,agent,8290.11,2,0,0
C005496,3.56,19,east,broker,8629.14,4,0,0
C005497,3.86,46,north,agent,4711.81,2,0,0
C005498,4.93,83,south,broker,5473.36,1,1,0
C005499,9.47,47,north,agent,3322.13,2,0,0
C005500,2.89,23,south,bank,4098.71,1,0,1
C005501,3.12,57,south,bank,5492.4,1,0,0
C005502,4.88,61,north,direct,3438.27,1,0,0
C005503,6.24,49,north,bank,1879.93,1,0,0
C005504,4.29,43,east,direct,11978.14,5,0,0
C005505,1.29,35,west,agent,2485.62,1,0,0
C005506,2.79,24,west,agent,3507.26,0,0,0
C005507,12.84,40,north,agent,3766.19,1,0,0
C005508,2.51,41,east,agent,10838.06,3,0,0
C005509,9.36,41,west,bank,1631.68,4,0,0
C005510,4.52,49,north,broker,5060.79,4,0,0
C005511,2.09,42,west,agent,1464.07,4,0,0
C005512,5.84,58,south,direct,3113.39,3,1,1
C005513,1.59,57,south,agent,3477.12,2,0,0
C005514,2.0,40,west,direct,5107.34,1,0,1
C005515,11.05,63,south,agent,4015.99,6,0,1
C005516,4.79,37,east,agent,1600.23,2,1,0
C005517,5.5,42,north,agent,3209.04,3,0,1
C005518,5.43,36,south,broker,2359.12,3,0,0
C005519,14.71,39,north,bank,2952.27,2,0,0
C005520,8.6,18,east,bank,4696.1,3,0,0
C005521,1.0,25,south,bank,5723.54,2,0,0
C005522,4.62,48,north,bank,6104.72,2,0,0
C005523,17.01,42,east,bank,3851.23,3,1,0
C005524,4.05,45,north,broker,10095.44,2,0,0
C005525,4.49,41,south,bank,10305.32,4,0,0
C005526,1.61,40,south,agent,1356.56,6,0,0
C005527,0.92,38,west,agent,1707.88,2,0,0
C005528,5.93,29,north,direct,8212.88,1,0,0
C005529,3.24,64,south,agent,3452.55,2,1,0
C005530,12.47,21,north,direct,9140.38,2,0,0
C005531,4.61,54,east,agent,2857.05,0,0,0
C005532,13.43,48,south,broker,3722.22,4,0,0
C005533,3.84,58,south,bank,2953.74,2,0,0
C005534,3.46,34,south,bank,5528.99,2,0,1
C005535,6.41,44,south,agent,4059.65,2,0,0
C005536,4.62,73,east,broker,5136.01,3,0,0
C005537,2.62,39,south,bank,1913.3,1,0,0
C005538,8.94,33,west,bank,1769.86,3,1,0
C005539,0.24,39,south,broker,1871.42,0,0,1
C005540,2.81,25,south,agent,5169.58,2,0,0
C005541,2.87,70,south,agent,5217.68,1,1,0
C005542,4.15,48,south,agent,6331.64,1,0,0
C005543,2.47,62,east,direct,1390.86,0,0,0
C005544,1.73,39,west,bank,2274.89,2,0,0
C005545,3.02,18,west,bank,3980.63,3,0,0
C005546,5.35,24,east,bank,4576.75,0,0,0
C005547,2.81,29,west,bank,6061.73,2,0,1
C005548,10.49,51,north,direct,9091.63,0,0,0
C005549,1.91,18,south,broker,6419.84,1,0,0
C005550,9.6,51,east,broker,5849.44,4,0,0
C005551,4.79,47,south,agent,1733.66,3,0,0
C005552,2.19,50,south,direct,9293.71,2,0,0
C005553,6.95,40,south,bank,4517.39,1,0,0
C005554,11.0,33,north,direct,1439.5,1,1,0
C005555,6.79,31,north,agent,1250.79,0,1,0
C005556,6.96,40,north,agent,7613.3,4,0,0
C005557,0.32,37,south,agent,3003.25,1,0,0
C005558,3.42,34,west,direct,2490.69,2,0,1
C005559,2.05,69,west,broker,6308.7,2,0,0
C005560,16.69,38,east,direct,3053.4,2,0,0
C005561,4.37,43,north,agent,1445.62,2,1,0
C005562,2.74,58,south,broker,4146.05,2,0,0
C005563,11.53,31,west,agent,3644.58,3,0,0
C005564,2.04,46,west,agent,7595.25,0,0,0
C005565,8.18,55,east,bank,4510.25,1,0,0
C005566,0.95,70,south,broker,1040.84,1,0,0
C005567,3.4,70,south,direct,4697.77,1,0,0
C005568,7.27,59,north,broker,1741.72,2,0,0
C005569,7.66,43,east,agent,3542.13,2,0,0
C005570,1.98,52,east,agent,3555.42,0,0,0
C005571,1.5,56,east,direct,3477.41,2,0,0
C005572,2.86,52,east,direct,3746.8,3,0,0
C005573,3.41,22,west,broker,5837.11,3,1,0
C005574,5.18,35,south,bank,3344.56,2,0,0
C005575,8.7,60,south,agent,1616.82,1,0,0
C005576,0.88,71,west,agent,10072.9,2,0,0
C005577,2.64,25,east,agent,4408.13,4,0,0
C005578,11.74,19,east,agent,1715.98,0,1,0
C005579,0.55,24,east,broker,3538.86,2,0,0
C005580,5.26,54,north,agent,1626.39,1,0,1
C005581,2.87,28,east,agent,3865.19,4,1,0
C005582,8.93,43,south,broker,3107.54,1,0,0
C005583,1.79,56,south,agent,2370.87,4,0,0
C005584,2.11,21,east,bank,5402.4,1,0,0
C005585,6.78,18,north,bank,6772.75,6,0,0
C005586,17.19,51,north,direct,2277.14,2,1,0
C005587,7.44,55,south,direct,5729.53,2,0,1
C005588,10.96,36,west,broker,5902.1,4,0,0
C005589,6.93,57,west,bank,7399.23,4,0,0
C005590,1.3,59,south,bank,1851.02,3,0,0
C005591,1.82,56,south,agent,2120.55,0,0,0
C005592,10.7,18,west,agent,3820.64,1,0,0
C005593,10.33,50,north,broker,9562.68,1,0,0
C005594,10.59,45,east,broker,1091.43,4,0,0
C005595,5.91,64,north,bank,5811.45,2,0,0
C005596,3.57,39,west,bank,13908.35,3,0,0
C005597,2.59,49,west,broker,1728.5,0,0,0
C005598,12.12,41,west,bank,2421.05,3,0,0
C005599,2.41,60,east,agent,9109.46,0,0,0
C005600,11.7,71,west,bank,6778.41,3,0,0
C005601,7.35,42,south,agent,3107.57,1,0,0
C005602,8.68,66,south,broker,3251.54,1,0,0
C005603,12.96,43,east,agent,2828.77,3,0,0
C005604,1.24,34,west,agent,2159.78,1,0,0
C005605,5.88,78,north,agent,5612.09,1,0,0
C005606,9.08,43,south,agent,1493.65,3,0,0
C005607,4.03,42,west,direct,5871.66,4,0,1
C005608,1.08,47,east,direct,2260.91,0,0,0
C005609,9.44,47,west,agent,4056.02,2,0,0
C005610,3.4,39,west,agent,766.03,2,0,0
C005611,0.52,37,south,bank,7580.57,3,0,0
C005612,5.37,56,south,agent,1962.79,4,0,1
C005613,3.99,35,north,direct,4518.46,1,0,0
C005614,9.85,64,north,agent,1471.26,1,1,1
C005615,6.05,60,north,bank,5202.37,3,1,0
C005616,3.87,52,south,agent,6775.58,1,0,0
C005617,1.47,42,south,broker,7426.39,3,0,0
C005618,6.34,60,east,broker,6526.54,2,0,0
C005619,3.68,44,west,broker,5016.3,5,0,0
C005620,3.62,51,south,broker,4313.57,1,0,0
C005621,14.68,41,east,direct,8358.02,1,1,0
C005622,6.35,40,south,bank,6691.07,4,0,0
C005623,2.42,35,east,broker,3521.1,5,0,0
C005624,17.67,34,west,broker,2466.93,3,0,0
C005625,2.73,45,south,agent,4423.39,2,1,0
C005626,2.77,34,south,direct,4256.58,0,0,1
C005627,10.32,56,west,bank,2143.95,3,0,1
C005628,8.33,53,south,agent,2601.76,1,1,0
C005629,7.51,51,south,direct,2115.36,3,0,1
C005630,1.72,53,west,direct,5739.89,3,1,1
C005631,0.97,27,west,bank,1035.52,4,0,0
C005632,2.52,66,east,agent,3206.08,2,0,0
C005633,4.49,53,south,direct,4917.99,0,0,0
C005634,4.3,49,south,bank,3806.6,0,0,0
C005635,1.7,30,west,agent,4041.71,2,0,0
C005636,5.3,36,north,bank,12543.06,4,0,0
C005637,2.28,35,south,agent,1757.41,2,0,0
C005638,1.17,57,east,agent,1285.41,2,1,0
C005639,11.03,53,north,direct,8276.88,1,0,1
C005640,8.68,53,west,agent,2510.53,2,0,0
C005641,1.61,58,south,agent,9121.55,1,0,0
C005642,7.73,45,south,direct,1863.0,1,0,0
C005643,6.84,59,south,broker,1851.63,2,0,1
C005644,14.02,56,north,bank,3942.42,3,1,0
C005645,2.32,42,west,broker,1673.85,1,0,0
C005646,13.39,50,south,broker,5081.3,3,0,0
C005647,4.19,42,east,bank,2918.55,3,0,0
C005648,1.96,39,south,direct,1518.78,2,0,0
C005649,2.34,34,east,direct,2842.23,1,0,0
C005650,2.18,32,east,agent,7318.16,9,0,0
C005651,5.11,33,east,direct,2732.4,2,0,0
C005652,10.42,18,south,agent,2986.75,3,0,0
C005653,4.68,61,south,broker,5820.9,2,0,0
C005654,9.94,43,north,direct,1799.86,1,0,0
C005655,6.77,39,north,bank,4165.84,1,0,0
C005656,5.59,51,east,bank,2718.42,2,1,0
C005657,4.04,38,south,agent,4216.91,1,0,0
C005658,7.0,55,west,bank,17074.23,2,0,0
C005659,14.18,40,north,agent,3255.71,2,1,0
C005660,7.89,54,north,bank,4265.18,1,0,0
C005661,2.48,55,west,bank,888.42,3,0,1
C005662,16.72,35,south,agent,1926.8,1,1,0
C005663,9.06,27,east,bank,9398.5,1,0,0
C005664,4.27,32,east,broker,2232.3,3,1,0
C005665,1.7,21,south,bank,7770.78,1,0,0
C005666,5.92,53,west,direct,6040.93,2,1,0
C005667,2.7,45,west,agent,5592.29,0,0,0
C005668,7.43,58,west,bank,8910.99,2,0,0
C005669,10.48,43,south,agent,2292.24,4,1,0
C005670,6.16,32,east,direct,1835.5,1,0,0
C005671,4.61,42,east,agent,2673.45,1,0,0
C005672,2.24,39,south,bank,6053.03,1,0,0
C005673,2.55,51,south,agent,9408.84,2,0,0
C005674,5.39,36,north,agent,3438.76,2,1,0
C005675,4.99,25,east,agent,3095.24,2,0,0
C005676,2.46,35,east,bank,7394.32,2,1,0
C005677,6.64,32,north,broker,7543.53,0,0,1
C005678,8.19,56,north,bank,7729.31,3,0,0
C005679,5.87,27,north,bank,3949.53,1,0,0
C005680,5.27,40,north,broker,1427.36,1,0,0
C005681,6.75,44,north,bank,3685.64,1,1,0
C005682,14.51,42,south,bank,9471.69,4,1,0
C005683,1.88,56,east,agent,912.4,4,0,0
C005684,4.75,67,west,agent,4708.25,3,0,0
C005685,4.35,25,west,agent,1503.67,2,0,0
C005686,4.52,40,north,bank,2310.23,3,0,0
C005687,7.15,56,south,agent,3621.62,3,0,0
C005688,4.15,60,north,agent,18418.84,1,0,0
C005689,2.72,40,east,broker,3975.03,3,1,0
C005690,2.38,38,east,direct,2989.56,1,0,0
C005691,2.8,59,west,bank,1947.33,1,0,0
C005692,5.06,62,west,broker,2717.46,2,0,0
C005693,7.9,40,south,bank,4162.11,0,0,0
C005694,4.52,45,east,bank,5805.82,4,0,0
C005695,16.59,46,west,bank,641.32,1,1,0
C005696,1.68,64,south,direct,2671.17,2,0,0
C005697,9.77,58,west,bank,3927.83,1,0,0
C005698,1.58,66,west,agent,7223.81,3,0,1
C005699,12.65,34,west,agent,5943.31,0,0,0
C005700,7.91,55,east,agent,3544.36,2,0,0
C005701,12.79,48,north,direct,3377.51,4,1,0
C005702,8.0,60,north,broker,7152.01,4,0,0
C005703,0.26,35,east,bank,2032.13,2,0,0
C005704,13.08,42,north,broker,2353.18,1,1,1
C005705,7.76,52,east,agent,6908.99,0,1,0
C005706,15.57,40,south,bank,2120.81,1,0,0
C005707,9.91,45,north,direct,2508.87,5,1,0
C005708,5.44,64,south,agent,5428.86,1,0,0
C005709,4.82,35,north,bank,2213.24,3,0,0
C005710,9.38,59,east,agent,3245.48,0,0,0
C005711,2.38,39,west,broker,3873.98,0,0,0
C005712,2.86,46,south,agent,4442.27,1,0,0
C005713,8.02,38,north,agent,2867.2,2,0,0
C005714,21.0,52,north,agent,2009.61,3,1,0
C005715,11.12,52,west,agent,9569.93,2,0,0
C005716,11.05,38,east,agent,3570.72,1,0,0
C005717,5.35,18,south,broker,8113.86,3,0,1
C005718,1.28,34,east,agent,2827.28,2,0,0
C005719,13.24,50,east,agent,3548.48,1,1,0
C005720,9.1,52,north,agent,8834.19,0,0,0
C005721,4.26,26,east,agent,2367.25,2,1,0
C005722,3.49,36,south,broker,5192.55,1,0,1
C005723,1.86,21,south,bank,3256.38,2,0,0
C005724,1.98,75,east,broker,2642.64,1,0,0
C005725,8.55,51,north,bank,6288.17,1,0,0
C005726,2.68,39,west,direct,2800.36,3,0,0
C005727,13.81,55,north,direct,3115.64,4,0,0
C005728,10.55,36,north,bank,9200.19,2,0,0
C005729,13.59,33,north,agent,1536.88,0,0,0
C005730,3.97,47,south,agent,5839.9,3,1,0
C005731,3.86,42,south,agent,3440.93,2,0,0
C005732,6.15,31,north,direct,2772.97,1,0,0
C005733,11.9,38,south,direct,7786.33,1,0,0
C005734,4.07,45,west,direct,8269.83,2,0,0
C005735,7.86,51,north,bank,4707.56,2,1,0
C005736,1.97,43,south,direct,2074.0,1,0,0
C005737,1.69,58,west,bank,4483.0,0,0,0
C005738,2.82,65,west,agent,1965.61,2,0,0
C005739,1.3,51,south,direct,2705.04,3,1,0
C005740,2.26,43,south,agent,2715.23,2,1,0
C005741,5.14,70,north,bank,4743.63,0,1,0
C005742,0.43,65,west,bank,3548.28,0,0,0
C005743,9.75,18,north,agent,5548.12,3,0,0
C005744,10.14,46,north,broker,3645.71,1,1,0
C005745,3.99,39,west,direct,2592.01,3,0,1
C005746,7.07,22,east,direct,3474.39,2,1,0
C005747,7.53,38,north,agent,4669.58,0,1,0
C005748,1.81,31,south,bank,2640.51,1,1,0
C005749,11.36,48,south,bank,3370.3,0,0,0
C005750,8.4,44,east,bank,2852.82,3,0,0
C005751,10.1,26,east,broker,4957.09,2,0,0
C005752,5.7,53,west,direct,592.47,5,0,0
C005753,1.52,47,south,agent,2367.73,3,1,0
C005754,7.4,22,south,agent,4043.98,2,1,0
C005755,2.19,39,east,bank,5281.8,1,0,0
C005756,9.59,41,north,agent,1278.94,4,1,0
C005757,2.27,25,south,broker,4879.77,2,0,0
C005758,2.35,33,south,agent,2366.14,6,0,0
C005759,5.27,49,north,direct,3392.64,1,0,0
C005760,10.71,40,east,agent,2766.39,1,1,0
C005761,0.6,53,east,bank,2480.64,6,0,0
C005762,5.14,46,east,broker,2124.61,2,1,0
C005763,2.14,55,west,direct,1239.49,3,0,0
C005764,1.41,42,south,direct,2004.74,5,0,0
C005765,4.21,22,west,bank,3281.67,2,1,0
C005766,6.75,57,west,agent,6271.83,0,1,0
C005767,2.36,69,south,agent,4220.83,1,0,0
C005768,6.2,62,west,agent,5690.0,2,0,0
C005769,3.0,29,west,bank,7934.53,1,0,0
C005770,7.42,50,north,direct,13548.06,2,1,0
C005771,5.64,40,west,direct,2478.71,3,0,0
C005772,4.51,56,north,broker,2422.68,2,0,0
C005773,5.73,23,north,agent,2870.91,0,0,0
C005774,4.7,44,east,bank,2628.9,1,0,0
C005775,1.63,49,east,agent,11634.16,2,1,0
C005776,8.81,40,east,agent,9106.94,0,1,0
C005777,19.44,53,north,agent,10928.58,3,1,0
C005778,1.3,30,west,direct,10458.03,3,0,0
C005779,3.2,52,north,bank,4373.34,2,0,1
C005780,13.0,57,north,direct,4200.26,2,0,0
C005781,9.01,45,south,broker,5633.7,0,0,0
C005782,6.7,38,north,bank,1282.44,0,0,0
C005783,12.05,58,south,broker,4137.86,3,1,0
C005784,4.09,50,south,direct,2568.72,4,0,0
C005785,3.37,40,south,agent,2896.46,3,0,0
C005786,4.9,37,south,agent,5975.34,3,0,0
C005787,4.7,51,south,bank,3591.01,1,1,0
C005788,3.75,24,east,broker,7609.58,1,0,0
C005789,5.55,33,west,broker,3969.34,0,0,0
C005790,5.7,29,north,agent,2355.68,0,1,0
C005791,2.61,58,east,agent,8630.03,1,0,0
C005792,8.35,68,north,agent,2595.67,6,1,0
C005793,4.46,36,north,direct,2781.92,1,1,0
C005794,4.5,53,north,agent,4361.38,4,0,0
C005795,5.79,71,east,direct,6033.4,3,0,0
C005796,1.34,60,west,agent,3730.33,3,0,0
C005797,6.41,30,west,direct,7157.34,1,0,0
C005798,4.55,70,west,bank,2523.51,1,0,0
C005799,1.42,31,south,direct,5808.68,3,0,0
C005800,8.87,42,north,direct,3660.47,1,0,0
C005801,1.02,26,west,broker,1562.11,0,0,1
C005802,13.13,46,west,agent,3455.02,1,1,0
C005803,1.85,33,east,agent,2319.9,1,0,0
C005804,11.57,39,north,broker,12592.27,1,0,0
C005805,16.83,46,north,agent,1548.26,1,0,0
C005806,1.68,54,east,broker,5768.5,3,0,0
C005807,2.51,32,east,agent,3062.17,4,1,0
C005808,3.42,57,east,direct,7638.72,3,0,1
C005809,2.31,52,south,agent,12196.53,2,0,0
C005810,1.98,28,west,direct,3980.08,3,0,0
C005811,10.07,59,north,broker,5481.44,1,0,0
C005812,0.62,45,west,bank,2266.49,2,0,0
C005813,1.24,49,south,broker,4764.71,3,0,0
C005814,1.01,62,east,direct,1745.92,0,0,1
C005815,10.13,30,north,bank,3547.61,0,0,0
C005816,2.3,31,west,broker,4357.94,0,0,0
C005817,3.82,21,east,direct,4445.95,3,1,0
C005818,3.37,40,west,bank,3123.35,1,0,1
C005819,5.09,58,south,direct,4733.62,1,0,0
C005820,8.86,45,north,broker,4209.93,3,0,0
C005821,5.19,60,west,direct,5737.12,1,0,0
C005822,7.45,38,north,bank,1416.59,1,0,1
C005823,2.91,67,west,agent,4944.6,4,0,0
C005824,0.86,30,south,broker,3855.53,0,0,0
C005825,9.81,45,north,bank,3514.26,1,0,1
C005826,11.94,57,south,direct,2877.79,0,0,0
C005827,1.71,68,east,agent,8106.07,4,0,0
C005828,7.88,27,south,broker,5202.07,0,0,0
C005829,6.62,47,west,bank,2520.9,0,0,0
C005830,11.18,52,north,broker,13126.41,2,0,0
C005831,3.57,48,east,bank,2035.23,2,0,0
C005832,2.83,21,east,bank,3108.08,3,0,0
C005833,13.55,48,north,agent,2014.06,0,0,0
C005834,15.04,36,west,bank,7490.07,3,0,0
C005835,1.44,57,west,bank,4175.55,4,0,1
C005836,6.42,42,west,agent,3946.72,2,0,0
C005837,4.15,48,north,agent,2037.57,3,0,0
C005838,1.64,36,west,agent,4735.97,2,0,0
C005839,3.52,66,east,agent,5054.33,0,0,0
C005840,12.87,18,north,agent,3823.16,2,1,0
C005841,5.38,52,south,agent,3022.69,2,1,0
C005842,5.12,48,south,bank,8292.59,4,1,0
C005843,10.1,52,west,agent,1410.49,2,0,0
C005844,1.23,59,west,broker,8179.83,1,0,0
C005845,5.18,27,south,direct,1487.3,1,0,0
C005846,1.96,37,south,bank,4575.1,1,0,0
C005847,10.02,35,west,direct,4670.74,0,0,1
C005848,4.34,49,east,agent,7314.51,4,1,0
C005849,4.94,39,north,direct,1606.98,1,0,0
C005850,3.0,41,south,agent,3909.17,3,0,0
C005851,4.97,46,west,agent,6000.64,2,1,1
C005852,8.1,51,north,agent,1011.23,4,1,0
C005853,2.83,72,south,bank,7983.2,3,0,0
C005854,3.17,34,south,agent,1106.76,2,0,0
C005855,0.79,54,south,bank,2636.35,1,0,0
C005856,4.81,26,east,bank,2805.44,1,0,0
C005857,0.37,34,east,agent,4025.97,2,0,0
C005858,5.93,54,north,bank,5520.65,4,0,1
C005859,2.45,42,south,agent,2615.5,0,0,0
C005860,2.2,25,west,broker,4971.64,1,0,1
C005861,3.35,65,west,bank,1444.56,1,0,0
C005862,5.91,30,east,direct,5074.64,2,0,1
C005863,11.94,55,north,direct,2931.64,0,0,0
C005864,4.15,67,south,broker,3009.64,3,1,1
C005865,7.04,40,east,agent,1910.23,2,0,0
C005866,0.88,31,east,agent,2987.86,3,0,1
C005867,5.36,54,north,agent,3411.72,2,1,0
C005868,2.87,41,east,agent,1179.68,4,0,0
C005869,7.57,44,north,agent,14098.64,2,0,0
C005870,1.97,44,west,bank,7647.68,2,0,0
C005871,5.89,53,north,direct,8074.9,4,0,0
C005872,1.2,56,west,agent,7579.15,3,0,0
C005873,9.15,21,north,direct,3951.15,0,0,0
C005874,10.84,38,north,bank,2921.76,2,0,0
C005875,0.78,18,south,agent,2813.39,5,0,0
C005876,8.33,48,north,bank,3036.56,0,0,0
C005877,7.23,44,north,broker,2583.37,0,0,0
C005878,12.53,24,south,bank,8311.01,2,0,0
C005879,4.19,33,north,broker,1873.96,3,0,0
C005880,4.42,67,south,agent,2191.75,3,0,0
C005881,10.98,27,north,agent,19102.11,2,1,0
C005882,3.48,61,north,broker,4076.69,2,1,0
C005883,3.46,26,east,bank,5463.32,1,0,0
C005884,3.52,60,west,direct,3673.65,3,0,0
C005885,4.1,38,east,bank,993.48,3,0,0
C005886,1.29,45,south,broker,2282.1,0,0,0
C005887,3.57,55,east,bank,6514.2,3,1,0
C005888,7.76,58,north,agent,9662.51,3,0,0
C005889,14.81,72,north,direct,1545.39,4,1,0
C005890,3.8,36,north,broker,6987.2,3,0,0
C005891,5.14,38,north,agent,2044.57,2,0,0
C005892,2.29,42,east,direct,6431.9,4,0,0
C005893,4.38,48,east,bank,5606.12,0,0,1
C005894,3.66,50,south,bank,9024.35,3,1,1
C005895,4.09,40,east,direct,1739.97,4,0,0
C005896,4.18,41,north,bank,2013.62,2,0,0
C005897,2.17,43,south,direct,4001.88,3,0,0
C005898,7.83,25,south,bank,3900.66,1,1,0
C005899,8.3,58,north,agent,5164.56,5,0,1
C005900,1.12,45,south,direct,3923.6,0,0,1
C005901,17.67,31,east,direct,3538.42,1,1,0
C005902,3.13,47,east,bank,1040.61,2,0,1
C005903,3.07,39,west,bank,674.55,2,0,0
C005904,4.17,47,east,broker,1215.5,1,0,0
C005905,4.95,65,north,agent,3329.24,2,0,0
C005906,4.26,54,west,agent,1740.38,3,0,0
C005907,12.9,53,south,direct,4121.51,2,0,1
C005908,1.09,31,south,direct,7046.8,0,0,0
C005909,12.16,35,north,agent,4054.21,2,1,0
C005910,5.32,42,south,agent,4852.84,2,0,0
C005911,3.24,59,west,agent,9020.92,0,0,0
C005912,0.83,38,west,broker,3187.99,3,0,0
C005913,1.53,31,east,broker,4189.91,2,1,0
C005914,5.57,40,south,agent,9429.81,1,0,0
C005915,5.26,69,south,agent,1258.19,0,0,0
C005916,1.3,38,west,agent,2427.07,2,0,0
C005917,5.55,39,north,bank,2213.17,2,0,0
C005918,8.11,46,west,direct,4358.66,1,0,0
C005919,4.6,63,south,agent,3642.8,5,0,0
C005920,4.75,56,south,agent,3554.96,0,0,0
C005921,5.85,57,north,agent,2646.65,2,1,0
C005922,2.12,49,west,direct,1283.88,1,0,0
C005923,0.85,56,south,direct,4813.43,2,0,0
C005924,7.56,34,east,broker,3288.79,0,0,0
C005925,2.85,46,west,bank,6925.61,1,0,0
C005926,15.12,30,north,direct,7237.33,3,0,0
C005927,6.22,51,north,direct,3779.42,2,0,0
C005928,7.2,50,north,agent,2854.97,1,1,0
C005929,7.66,25,west,direct,3152.41,1,0,0
C005930,1.6,40,south,bank,5650.83,1,0,1
C005931,4.87,41,east,agent,2745.73,3,0,0
C005932,8.0,18,south,direct,4295.33,6,0,0
C005933,1.72,25,west,direct,4254.64,4,0,0
C005934,1.23,59,east,agent,5021.15,1,0,0
C005935,3.5,38,north,broker,6761.72,4,0,0
C005936,6.83,18,south,broker,3411.18,3,1,0
C005937,12.05,68,south,agent,2313.92,3,1,0
C005938,2.51,26,east,direct,3553.64,0,0,0
C005939,1.12,66,west,bank,4294.55,3,0,0
C005940,4.42,64,east,bank,5334.04,0,0,1
C005941,7.17,38,south,agent,1632.89,7,0,0
C005942,8.01,43,north,agent,6411.36,1,0,0
C005943,4.2,56,north,agent,4136.22,0,0,1
C005944,12.86,35,east,agent,6780.06,3,0,0
C005945,1.79,62,east,bank,4575.21,1,0,0
C005946,0.86,39,west,agent,9141.94,2,0,0
C005947,1.35,23,west,agent,4804.72,2,0,0
C005948,7.23,47,north,agent,20047.54,3,0,0
C005949,3.94,39,east,direct,2670.94,2,0,0
C005950,3.0,43,south,bank,7710.59,0,1,0
C005951,7.73,31,west,bank,5242.03,0,0,0
C005952,23.85,36,north,direct,2182.62,1,1,0
C005953,16.15,34,north,broker,3397.9,5,0,0
C005954,6.17,32,north,direct,3325.85,1,0,1
C005955,4.49,55,west,bank,2996.5,0,0,0
C005956,7.03,35,south,bank,3582.5,2,0,0
C005957,0.39,36,west,agent,5104.88,1,0,0
C005958,4.01,56,south,broker,1398.97,3,0,0
C005959,3.43,49,east,bank,2302.64,1,0,0
C005960,0.64,46,south,agent,2613.57,2,0,0
C005961,5.74,43,south,agent,5004.45,1,0,0
C005962,10.37,31,north,broker,3546.2,2,0,1
C005963,7.17,53,north,direct,5018.24,1,1,0
C005964,6.56,19,north,direct,1914.1,2,0,0
C005965,0.87,33,west,agent,1614.77,2,1,1
C005966,4.72,38,south,agent,6958.54,0,0,0
C005967,7.59,45,west,agent,3601.57,1,0,0
C005968,5.25,56,west,agent,4337.72,1,1,0
C005969,3.41,39,east,broker,2321.55,0,0,0
C005970,5.67,63,north,agent,4312.18,3,0,0
C005971,13.83,54,north,agent,714.57,2,0,0
C005972,9.59,34,west,direct,3155.45,5,1,0
C005973,3.74,39,west,agent,1662.15,4,0,0
C005974,4.99,45,north,agent,5750.77,1,0,0
C005975,13.44,65,south,bank,3557.32,2,0,0
C005976,7.83,36,west,direct,2941.29,3,0,0
C005977,3.97,75,east,broker,3168.2,2,0,0
C005978,13.8,29,north,direct,1068.43,3,1,0
C005979,1.7,64,west,broker,2222.65,2,0,0
C005980,5.66,60,north,direct,2234.57,3,0,0
C005981,4.67,23,west,bank,3620.34,3,0,0
C005982,14.05,52,west,agent,4993.61,0,0,0
C005983,1.4,31,south,bank,1698.92,1,1,0
C005984,4.21,27,south,agent,2853.95,0,0,0
C005985,1.96,33,east,bank,1177.99,0,0,0
C005986,7.63,65,north,agent,1649.69,1,0,0
C005987,6.0,45,north,bank,3643.34,0,0,0
C005988,4.39,44,south,direct,8593.06,3,0,0
C005989,11.21,69,north,agent,3853.1,2,1,0
C005990,5.38,56,west,bank,2513.03,3,1,0
C005991,2.11,65,east,bank,1936.13,2,0,0
C005992,7.71,43,north,direct,1235.45,1,1,0
C005993,20.91,27,north,direct,4303.3,2,0,0
C005994,7.7,53,west,agent,1899.43,2,0,0
C005995,3.13,54,east,direct,4701.42,4,0,0
C005996,6.03,54,west,broker,7098.09,2,0,0
C005997,6.39,54,north,direct,4675.25,3,1,0
C005998,6.76,44,south,direct,2563.5,4,0,1
C005999,0.2,81,west,agent,3811.79,3,0,0
